2026-06-30T23:11:58+02:00 [INFO] (codacy-cli-v2/cli-v2.go:27) Starting Codacy CLI version=1.0.0-main.380.sha.27e119a (27e119a) built at 2026-06-11T09:54:47Z
2026-06-30T23:11:58+02:00 [INFO] (codacy-cli-v2/cli-v2.go:27) Starting Codacy CLI version=1.0.0-main.380.sha.27e119a (27e119a) built at 2026-06-11T09:54:47Z
2026-06-30T23:11:58+02:00 [INFO] (codacy-cli-v2/cli-v2.go:27) Starting Codacy CLI version=1.0.0-main.380.sha.27e119a (27e119a) built at 2026-06-11T09:54:47Z
2026-06-30T23:11:58+02:00 [INFO] (codacy-cli-v2/cli-v2.go:27) Starting Codacy CLI version=1.0.0-main.380.sha.27e119a (27e119a) built at 2026-06-11T09:54:47Z
2026-06-30T23:11:58+02:00 [INFO] (codacy-cli-v2/cmd/root.go:34) Executing CLI command command=init full_command=[/Users/Andreas/Library/Caches/Codacy/codacy-cli-v2/1.0.0-main.380.sha.27e119a/codacy-cli-v2 init --provider gh --organization Laparo --repository thalassa --api-token ***] args=[]
2026-06-30T23:11:58+02:00 [INFO] (codacy-cli-v2/cmd/root.go:34) Executing CLI command command=init full_command=[/Users/Andreas/Library/Caches/Codacy/codacy-cli-v2/1.0.0-main.380.sha.27e119a/codacy-cli-v2 init --provider gh --organization Laparo --repository thalassa --api-token ***] args=[]
2026-06-30T23:11:58+02:00 [INFO] (codacy-cli-v2/cmd/root.go:34) Executing CLI command command=init full_command=[/Users/Andreas/Library/Caches/Codacy/codacy-cli-v2/1.0.0-main.380.sha.27e119a/codacy-cli-v2 init --provider gh --organization Laparo --repository thalassa --api-token ***] args=[]
2026-06-30T23:11:58+02:00 [INFO] (codacy-cli-v2/cmd/root.go:34) Executing CLI command command=init full_command=[/Users/Andreas/Library/Caches/Codacy/codacy-cli-v2/1.0.0-main.380.sha.27e119a/codacy-cli-v2 init --provider gh --organization Laparo --repository thalassa --api-token ***] args=[]
2026/06/30 23:11:58 failed to get repository tools: request to https://app.codacy.com/api/v3/analysis/organizations/gh/Laparo/repositories/thalassa/tools failed with status 401
2026/06/30 23:11:59 failed to get repository tools: request to https://app.codacy.com/api/v3/analysis/organizations/gh/Laparo/repositories/thalassa/tools failed with status 401
2026/06/30 23:11:59 failed to get repository tools: request to https://app.codacy.com/api/v3/analysis/organizations/gh/Laparo/repositories/thalassa/tools failed with status 401
2026/06/30 23:11:59 failed to get repository tools: request to https://app.codacy.com/api/v3/analysis/organizations/gh/Laparo/repositories/thalassa/tools failed with status 401
2026-07-01T23:28:51+02:00 [INFO] (codacy-cli-v2/cli-v2.go:27) Starting Codacy CLI version=1.0.0-main.380.sha.27e119a (27e119a) built at 2026-06-11T09:54:47Z
2026-07-01T23:28:51+02:00 [INFO] (codacy-cli-v2/cmd/root.go:34) Executing CLI command command=init full_command=[/Users/Andreas/Library/Caches/Codacy/codacy-cli-v2/1.0.0-main.380.sha.27e119a/codacy-cli-v2 init --provider gh --organization Laparo --repository thalassa --api-token ***] args=[]
2026/07/01 23:28:52 failed to get repository tools: request to https://app.codacy.com/api/v3/analysis/organizations/gh/Laparo/repositories/thalassa/tools failed with status 401
2026-07-01T23:30:04+02:00 [INFO] (codacy-cli-v2/cli-v2.go:27) Starting Codacy CLI version=1.0.0-main.380.sha.27e119a (27e119a) built at 2026-06-11T09:54:47Z
2026-07-01T23:30:04+02:00 [INFO] (codacy-cli-v2/cmd/root.go:34) Executing CLI command command=init full_command=[/Users/Andreas/Library/Caches/Codacy/codacy-cli-v2/1.0.0-main.380.sha.27e119a/codacy-cli-v2 init --provider gh --organization Laparo --repository thalassa --api-token ***] args=[]
2026-07-01T23:30:04+02:00 [INFO] (codacy-cli-v2/cli-v2.go:27) Starting Codacy CLI version=1.0.0-main.380.sha.27e119a (27e119a) built at 2026-06-11T09:54:47Z
2026-07-01T23:30:04+02:00 [INFO] (codacy-cli-v2/cli-v2.go:27) Starting Codacy CLI version=1.0.0-main.380.sha.27e119a (27e119a) built at 2026-06-11T09:54:47Z
2026-07-01T23:30:04+02:00 [INFO] (codacy-cli-v2/cmd/root.go:34) Executing CLI command command=init full_command=[/Users/Andreas/Library/Caches/Codacy/codacy-cli-v2/1.0.0-main.380.sha.27e119a/codacy-cli-v2 init --provider gh --organization Laparo --repository thalassa --api-token ***] args=[]
2026-07-01T23:30:04+02:00 [INFO] (codacy-cli-v2/cmd/root.go:34) Executing CLI command command=init full_command=[/Users/Andreas/Library/Caches/Codacy/codacy-cli-v2/1.0.0-main.380.sha.27e119a/codacy-cli-v2 init --provider gh --organization Laparo --repository thalassa --api-token ***] args=[]
2026-07-01T23:30:04+02:00 [INFO] (codacy-cli-v2/cli-v2.go:27) Starting Codacy CLI version=1.0.0-main.380.sha.27e119a (27e119a) built at 2026-06-11T09:54:47Z
2026-07-01T23:30:04+02:00 [INFO] (codacy-cli-v2/cmd/root.go:34) Executing CLI command args=[] command=init full_command=[/Users/Andreas/Library/Caches/Codacy/codacy-cli-v2/1.0.0-main.380.sha.27e119a/codacy-cli-v2 init --provider gh --organization Laparo --repository thalassa --api-token ***]
2026/07/01 23:30:04 failed to get repository tools: request to https://app.codacy.com/api/v3/analysis/organizations/gh/Laparo/repositories/thalassa/tools failed with status 401
2026/07/01 23:30:04 failed to get repository tools: request to https://app.codacy.com/api/v3/analysis/organizations/gh/Laparo/repositories/thalassa/tools failed with status 401
2026/07/01 23:30:04 failed to get repository tools: request to https://app.codacy.com/api/v3/analysis/organizations/gh/Laparo/repositories/thalassa/tools failed with status 401
2026/07/01 23:30:04 failed to get repository tools: request to https://app.codacy.com/api/v3/analysis/organizations/gh/Laparo/repositories/thalassa/tools failed with status 401
2026-07-07T23:18:43+02:00 [INFO] (codacy-cli-v2/cli-v2.go:27) Starting Codacy CLI version=1.0.0-main.380.sha.27e119a (27e119a) built at 2026-06-11T09:54:47Z
2026-07-07T23:18:43+02:00 [INFO] (codacy-cli-v2/cmd/root.go:34) Executing CLI command command=init full_command=[/Users/Andreas/Library/Caches/Codacy/codacy-cli-v2/1.0.0-main.380.sha.27e119a/codacy-cli-v2 init --provider gh --organization Laparo --repository thalassa --api-token ***] args=[]
2026/07/07 23:18:44 failed to get repository tools: request to https://app.codacy.com/api/v3/analysis/organizations/gh/Laparo/repositories/thalassa/tools failed with status 401
2026-07-07T23:46:14+02:00 [INFO] (codacy-cli-v2/cli-v2.go:27) Starting Codacy CLI version=1.0.0-main.380.sha.27e119a (27e119a) built at 2026-06-11T09:54:47Z
2026-07-07T23:46:14+02:00 [INFO] (codacy-cli-v2/cmd/root.go:34) Executing CLI command full_command=[/Users/Andreas/Library/Caches/Codacy/codacy-cli-v2/1.0.0-main.380.sha.27e119a/codacy-cli-v2 init --provider gh --organization Laparo --repository thalassa --api-token ***] args=[] command=init
2026/07/07 23:46:15 failed to get repository tools: request to https://app.codacy.com/api/v3/analysis/organizations/gh/Laparo/repositories/thalassa/tools failed with status 401
2026-07-07T23:46:25+02:00 [INFO] (codacy-cli-v2/cli-v2.go:27) Starting Codacy CLI version=1.0.0-main.380.sha.27e119a (27e119a) built at 2026-06-11T09:54:47Z
2026-07-07T23:46:25+02:00 [INFO] (codacy-cli-v2/cmd/root.go:34) Executing CLI command full_command=[/Users/Andreas/Library/Caches/Codacy/codacy-cli-v2/1.0.0-main.380.sha.27e119a/codacy-cli-v2 init --provider gh --organization Laparo --repository thalassa --api-token ***] args=[] command=init
2026/07/07 23:46:26 failed to get repository tools: request to https://app.codacy.com/api/v3/analysis/organizations/gh/Laparo/repositories/thalassa/tools failed with status 401
2026-07-07T23:46:43+02:00 [INFO] (codacy-cli-v2/cli-v2.go:27) Starting Codacy CLI version=1.0.0-main.380.sha.27e119a (27e119a) built at 2026-06-11T09:54:47Z
2026-07-07T23:46:43+02:00 [INFO] (codacy-cli-v2/cmd/root.go:34) Executing CLI command command=init full_command=[/Users/Andreas/Library/Caches/Codacy/codacy-cli-v2/1.0.0-main.380.sha.27e119a/codacy-cli-v2 init --provider gh --organization Laparo --repository thalassa --api-token ***] args=[]
2026/07/07 23:46:43 failed to get repository tools: request to https://app.codacy.com/api/v3/analysis/organizations/gh/Laparo/repositories/thalassa/tools failed with status 401
2026-07-07T23:46:57+02:00 [INFO] (codacy-cli-v2/cli-v2.go:27) Starting Codacy CLI version=1.0.0-main.380.sha.27e119a (27e119a) built at 2026-06-11T09:54:47Z
2026-07-07T23:46:57+02:00 [INFO] (codacy-cli-v2/cmd/root.go:34) Executing CLI command args=[] command=init full_command=[/Users/Andreas/Library/Caches/Codacy/codacy-cli-v2/1.0.0-main.380.sha.27e119a/codacy-cli-v2 init --provider gh --organization Laparo --repository thalassa --api-token ***]
2026/07/07 23:46:58 failed to get repository tools: request to https://app.codacy.com/api/v3/analysis/organizations/gh/Laparo/repositories/thalassa/tools failed with status 401
2026-07-07T23:49:16+02:00 [INFO] (codacy-cli-v2/cli-v2.go:27) Starting Codacy CLI version=1.0.0-main.380.sha.27e119a (27e119a) built at 2026-06-11T09:54:47Z
2026-07-07T23:49:16+02:00 [INFO] (codacy-cli-v2/cmd/root.go:34) Executing CLI command command=init full_command=[/Users/Andreas/Library/Caches/Codacy/codacy-cli-v2/1.0.0-main.380.sha.27e119a/codacy-cli-v2 init --provider gh --organization Laparo --repository thalassa --api-token ***] args=[]
2026/07/07 23:49:17 failed to get repository tools: request to https://app.codacy.com/api/v3/analysis/organizations/gh/Laparo/repositories/thalassa/tools failed with status 401
2026-07-08T07:52:37+02:00 [INFO] (codacy-cli-v2/cli-v2.go:27) Starting Codacy CLI version=1.0.0-main.380.sha.27e119a (27e119a) built at 2026-06-11T09:54:47Z
2026-07-08T07:52:37+02:00 [INFO] (codacy-cli-v2/cmd/root.go:34) Executing CLI command full_command=[/Users/Andreas/Library/Caches/Codacy/codacy-cli-v2/1.0.0-main.380.sha.27e119a/codacy-cli-v2 init --provider gh --organization Laparo --repository thalassa --api-token ***] args=[] command=init
2026/07/08 07:52:38 failed to get repository tools: request to https://app.codacy.com/api/v3/analysis/organizations/gh/Laparo/repositories/thalassa/tools failed with status 401
2026-07-08T07:56:05+02:00 [INFO] (codacy-cli-v2/cli-v2.go:27) Starting Codacy CLI version=1.0.0-main.380.sha.27e119a (27e119a) built at 2026-06-11T09:54:47Z
2026-07-08T07:56:05+02:00 [INFO] (codacy-cli-v2/cmd/root.go:34) Executing CLI command args=[] command=init full_command=[/Users/Andreas/Library/Caches/Codacy/codacy-cli-v2/1.0.0-main.380.sha.27e119a/codacy-cli-v2 init --provider gh --organization Laparo --repository thalassa --api-token ***]
2026/07/08 07:56:05 failed to get repository tools: request to https://app.codacy.com/api/v3/analysis/organizations/gh/Laparo/repositories/thalassa/tools failed with status 401
2026-07-08T07:57:21+02:00 [INFO] (codacy-cli-v2/cli-v2.go:27) Starting Codacy CLI version=1.0.0-main.380.sha.27e119a (27e119a) built at 2026-06-11T09:54:47Z
2026-07-08T07:57:21+02:00 [INFO] (codacy-cli-v2/cmd/root.go:34) Executing CLI command command=init full_command=[/Users/Andreas/Library/Caches/Codacy/codacy-cli-v2/1.0.0-main.380.sha.27e119a/codacy-cli-v2 init --provider gh --organization Laparo --repository thalassa --api-token ***] args=[]
2026/07/08 07:57:21 failed to get repository tools: request to https://app.codacy.com/api/v3/analysis/organizations/gh/Laparo/repositories/thalassa/tools failed with status 401
2026-07-08T07:58:35+02:00 [INFO] (codacy-cli-v2/cli-v2.go:27) Starting Codacy CLI version=1.0.0-main.380.sha.27e119a (27e119a) built at 2026-06-11T09:54:47Z
2026-07-08T07:58:35+02:00 [INFO] (codacy-cli-v2/cmd/root.go:34) Executing CLI command command=init full_command=[/Users/Andreas/Library/Caches/Codacy/codacy-cli-v2/1.0.0-main.380.sha.27e119a/codacy-cli-v2 init --provider gh --organization Laparo --repository thalassa --api-token ***] args=[]
2026/07/08 07:58:35 failed to get repository tools: request to https://app.codacy.com/api/v3/analysis/organizations/gh/Laparo/repositories/thalassa/tools failed with status 401
2026-07-08T08:06:35+02:00 [INFO] (codacy-cli-v2/cli-v2.go:27) Starting Codacy CLI version=1.0.0-main.380.sha.27e119a (27e119a) built at 2026-06-11T09:54:47Z
2026-07-08T08:06:35+02:00 [INFO] (codacy-cli-v2/cmd/root.go:34) Executing CLI command args=[] command=init full_command=[/Users/Andreas/Library/Caches/Codacy/codacy-cli-v2/1.0.0-main.380.sha.27e119a/codacy-cli-v2 init --provider gh --organization Laparo --repository thalassa --api-token ***]
2026/07/08 08:06:35 failed to get repository tools: request to https://app.codacy.com/api/v3/analysis/organizations/gh/Laparo/repositories/thalassa/tools failed with status 401
2026-07-09T20:38:06+02:00 [INFO] (codacy-cli-v2/cli-v2.go:27) Starting Codacy CLI version=1.0.0-main.380.sha.27e119a (27e119a) built at 2026-06-11T09:54:47Z
2026-07-09T20:38:06+02:00 [INFO] (codacy-cli-v2/cmd/root.go:34) Executing CLI command args=[] command=init full_command=[/Users/Andreas/Library/Caches/Codacy/codacy-cli-v2/1.0.0-main.380.sha.27e119a/codacy-cli-v2 init]
2026-07-09T20:38:08+02:00 [INFO] (codacy-cli-v2/cli-v2.go:27) Starting Codacy CLI version=1.0.0-main.380.sha.27e119a (27e119a) built at 2026-06-11T09:54:47Z
2026-07-09T20:38:08+02:00 [INFO] (codacy-cli-v2/cmd/root.go:34) Executing CLI command full_command=[/Users/Andreas/Library/Caches/Codacy/codacy-cli-v2/1.0.0-main.380.sha.27e119a/codacy-cli-v2 analyze /Users/Andreas/GitHub/thalassa/vorstellung-andreas-content-safe.html --format sarif] args=[/Users/Andreas/GitHub/thalassa/vorstellung-andreas-content-safe.html] command=analyze
2026/07/09 20:38:08 Running all configured tools...
2026/07/09 20:38:08 Warning: Failed to load language configuration: languages configuration file not found: neither .codacy/tools-configs/languages-config.yaml nor .codacy/tools-configs/languages-config.json exists. Running all tools.
2026/07/09 20:38:08 Running tools for the specified file(s)...
2026/07/09 20:38:08 Running revive...
2026/07/09 20:38:08 [REVIVE] Using config file: .codacy/tools-configs/revive.toml
2026-07-09T20:38:08+02:00 [DEBUG] (codacy-cli-v2/tools/revive/reviveRunner.go:53) Running Revive command command=/Users/Andreas/.cache/codacy/tools/revive@1.7.0/revive -config .codacy/tools-configs/revive.toml -formatter sarif /Users/Andreas/GitHub/thalassa/vorstellung-andreas-content-safe.html
2026/07/09 20:38:08 [REVIVE] revive completed successfully
2026/07/09 20:38:08 Running tools for the specified file(s)...
2026/07/09 20:38:08 Running trivy...
2026/07/09 20:38:10 Tool failed to run: failed to run Trivy: exit status 1
2026/07/09 20:38:10 Running tools for the specified file(s)...
2026/07/09 20:38:10 Running dartanalyzer...
2026/07/09 20:38:11 No config file found, using tool defaults
2026/07/09 20:38:11 Running tools for the specified file(s)...
2026/07/09 20:38:11 Running eslint...
2026/07/09 20:38:14 Running tools for the specified file(s)...
2026/07/09 20:38:14 Running lizard...
2026-07-09T20:38:14+02:00 [INFO] (codacy-cli-v2/cmd/analyze.go:360) Config file found for tool toolConfigPath=.codacy/tools-configs/lizard.yaml tool=lizard
2026/07/09 20:38:14 Running tools for the specified file(s)...
2026/07/09 20:38:14 Running opengrep...
2026-07-09T20:38:14+02:00 [INFO] (codacy-cli-v2/cmd/analyze.go:360) Config file found for tool toolConfigPath=.codacy/tools-configs/semgrep.yaml tool=opengrep
2026-07-09T20:38:20+02:00 [INFO] (codacy-cli-v2/cli-v2.go:27) Starting Codacy CLI version=1.0.0-main.380.sha.27e119a (27e119a) built at 2026-06-11T09:54:47Z
2026-07-09T20:38:20+02:00 [INFO] (codacy-cli-v2/cmd/root.go:34) Executing CLI command args=[] command=install full_command=[/Users/Andreas/Library/Caches/Codacy/codacy-cli-v2/1.0.0-main.380.sha.27e119a/codacy-cli-v2 install]
2026-07-09T20:38:20+02:00 [INFO] (codacy-cli-v2/cmd/install.go:72) All components are already installed
2026-07-09T20:38:20+02:00 [INFO] (codacy-cli-v2/cli-v2.go:27) Starting Codacy CLI version=1.0.0-main.380.sha.27e119a (27e119a) built at 2026-06-11T09:54:47Z
2026-07-09T20:38:20+02:00 [INFO] (codacy-cli-v2/cmd/root.go:34) Executing CLI command full_command=[/Users/Andreas/Library/Caches/Codacy/codacy-cli-v2/1.0.0-main.380.sha.27e119a/codacy-cli-v2 config discover /Users/Andreas/GitHub/thalassa/vorstellung-andreas-content-safe.html] args=[/Users/Andreas/GitHub/thalassa/vorstellung-andreas-content-safe.html] command=discover
2026/07/09 20:38:21 Running tools for the specified file(s)...
2026/07/09 20:38:21 Running pmd...
2026-07-09T20:38:21+02:00 [INFO] (codacy-cli-v2/cmd/analyze.go:360) Config file found for tool tool=pmd toolConfigPath=.codacy/tools-configs/ruleset.xml
2026-07-09T20:38:21+02:00 [DEBUG] (codacy-cli-v2/tools/pmdRunner.go:32) PMD binary path pmdBinary=/Users/Andreas/.cache/codacy/tools/pmd@7.11.0/pmd-bin-7.11.0/bin/pmd
2026-07-09T20:38:21+02:00 [DEBUG] (codacy-cli-v2/tools/pmdRunner.go:102) Setting up Java environment javaHome=/Users/Andreas/.cache/codacy/runtimes/jdk-17.0.10+7
2026-07-09T20:38:21+02:00 [DEBUG] (codacy-cli-v2/tools/pmdRunner.go:148) Updated environment variables javaBinary=/Users/Andreas/.cache/codacy/runtimes/jdk-17.0.10+7/Contents/Home/bin/java javaHome=JAVA_HOME=/Users/Andreas/.cache/codacy/runtimes/jdk-17.0.10+7 path=PATH=/Users/Andreas/.cache/codacy/runtimes/jdk-17.0.10+7/Contents/Home/bin:/opt/homebrew/bin:/bin:/usr/bin:/usr/sbin:/sbin:/Users/Andreas/bin:/opt/homebrew/bin:/opt/homebrew/sbin:/usr/local/bin:/System/Cryptexes/App/usr/bin:/usr/bin:/bin:/usr/sbin:/sbin:/var/run/com.apple.security.cryptexd/codex.system/bootstrap/usr/local/bin:/var/run/com.apple.security.cryptexd/codex.system/bootstrap/usr/bin:/var/run/com.apple.security.cryptexd/codex.system/bootstrap/usr/appleinternal/bin:/pkg/env/global/bin:/Library/Apple/usr/bin:/Applications/Little Snitch.app/Contents/Components:/Users/Andreas/.local/bin binDir=/Users/Andreas/.cache/codacy/runtimes/jdk-17.0.10+7/Contents/Home/bin
2026-07-09T20:38:21+02:00 [DEBUG] (codacy-cli-v2/tools/pmdRunner.go:164) Running PMD command command=/Users/Andreas/.cache/codacy/tools/pmd@7.11.0/pmd-bin-7.11.0/bin/pmd check --no-fail-on-violation -R .codacy/tools-configs/ruleset.xml -d /Users/Andreas/GitHub/thalassa/vorstellung-andreas-content-safe.html -f sarif -r /var/folders/k2/7wqq7r195dvcc42894sbz8rc0000gn/T/codacy-analysis-3189334088/pmd.sarif
2026/07/09 20:38:24 Running tools for the specified file(s)...
2026/07/09 20:38:24 Running pylint...
2026-07-09T20:38:24+02:00 [INFO] (codacy-cli-v2/cmd/analyze.go:360) Config file found for tool tool=pylint toolConfigPath=.codacy/tools-configs/pylint.rc
2026-07-09T20:41:14+02:00 [INFO] (codacy-cli-v2/cli-v2.go:27) Starting Codacy CLI version=1.0.0-main.380.sha.27e119a (27e119a) built at 2026-06-11T09:54:47Z
2026-07-09T20:41:14+02:00 [INFO] (codacy-cli-v2/cmd/root.go:34) Executing CLI command command=analyze full_command=[/Users/Andreas/Library/Caches/Codacy/codacy-cli-v2/1.0.0-main.380.sha.27e119a/codacy-cli-v2 analyze /Users/Andreas/GitHub/gaia/.vscode/mcp.json --format sarif] args=[/Users/Andreas/GitHub/gaia/.vscode/mcp.json]
2026/07/09 20:41:14 Running all configured tools...
2026/07/09 20:41:14 Skipping opengrep as it doesn't support the specified file(s)
2026/07/09 20:41:14 Skipping pmd as it doesn't support the specified file(s)
2026/07/09 20:41:14 Skipping pylint as it doesn't support the specified file(s)
2026/07/09 20:41:14 Skipping revive as it doesn't support the specified file(s)
2026/07/09 20:41:14 Skipping dartanalyzer as it doesn't support the specified file(s)
2026/07/09 20:41:14 Skipping eslint as it doesn't support the specified file(s)
2026/07/09 20:41:14 Skipping lizard as it doesn't support the specified file(s)
2026/07/09 20:41:14 Running tools for the specified file(s)...
2026/07/09 20:41:14 Running trivy...
2026-07-09T20:41:14+02:00 [INFO] (codacy-cli-v2/cmd/analyze.go:360) Config file found for tool tool=trivy toolConfigPath=.codacy/tools-configs/trivy.yaml
2026/07/09 20:41:15 Tool failed to run: failed to run Trivy: exit status 1
2026-07-09T20:41:21+02:00 [INFO] (codacy-cli-v2/cli-v2.go:27) Starting Codacy CLI version=1.0.0-main.380.sha.27e119a (27e119a) built at 2026-06-11T09:54:47Z
2026-07-09T20:41:21+02:00 [INFO] (codacy-cli-v2/cmd/root.go:34) Executing CLI command command=analyze full_command=[/Users/Andreas/Library/Caches/Codacy/codacy-cli-v2/1.0.0-main.380.sha.27e119a/codacy-cli-v2 analyze /Users/Andreas/GitHub/thalassa/.vscode/mcp.json --format sarif] args=[/Users/Andreas/GitHub/thalassa/.vscode/mcp.json]
2026/07/09 20:41:21 Running all configured tools...
2026/07/09 20:41:21 Skipping revive as it doesn't support the specified file(s)
2026/07/09 20:41:21 Skipping dartanalyzer as it doesn't support the specified file(s)
2026/07/09 20:41:21 Skipping eslint as it doesn't support the specified file(s)
2026/07/09 20:41:21 Skipping lizard as it doesn't support the specified file(s)
2026/07/09 20:41:21 Skipping opengrep as it doesn't support the specified file(s)
2026/07/09 20:41:21 Skipping pmd as it doesn't support the specified file(s)
2026/07/09 20:41:21 Skipping pylint as it doesn't support the specified file(s)
2026/07/09 20:41:21 Running tools for the specified file(s)...
2026/07/09 20:41:21 Running trivy...
2026-07-09T20:41:21+02:00 [INFO] (codacy-cli-v2/cmd/analyze.go:360) Config file found for tool toolConfigPath=.codacy/tools-configs/trivy.yaml tool=trivy
2026/07/09 20:41:22 Tool failed to run: failed to run Trivy: exit status 1
2026-07-09T20:44:16+02:00 [INFO] (codacy-cli-v2/cli-v2.go:27) Starting Codacy CLI version=1.0.0-main.380.sha.27e119a (27e119a) built at 2026-06-11T09:54:47Z
2026-07-09T20:44:16+02:00 [INFO] (codacy-cli-v2/cmd/root.go:34) Executing CLI command command=analyze full_command=[/Users/Andreas/Library/Caches/Codacy/codacy-cli-v2/1.0.0-main.380.sha.27e119a/codacy-cli-v2 analyze /Users/Andreas/GitHub/gaia/.vscode/mcp.json --format sarif] args=[/Users/Andreas/GitHub/gaia/.vscode/mcp.json]
2026/07/09 20:44:16 Running all configured tools...
2026/07/09 20:44:16 Skipping eslint as it doesn't support the specified file(s)
2026/07/09 20:44:16 Skipping lizard as it doesn't support the specified file(s)
2026/07/09 20:44:16 Skipping opengrep as it doesn't support the specified file(s)
2026/07/09 20:44:16 Skipping pmd as it doesn't support the specified file(s)
2026/07/09 20:44:16 Skipping pylint as it doesn't support the specified file(s)
2026/07/09 20:44:16 Skipping revive as it doesn't support the specified file(s)
2026/07/09 20:44:16 Skipping dartanalyzer as it doesn't support the specified file(s)
2026/07/09 20:44:16 Running tools for the specified file(s)...
2026/07/09 20:44:16 Running trivy...
2026-07-09T20:44:16+02:00 [INFO] (codacy-cli-v2/cmd/analyze.go:360) Config file found for tool tool=trivy toolConfigPath=.codacy/tools-configs/trivy.yaml
2026/07/09 20:44:17 Tool failed to run: failed to run Trivy: exit status 1
2026-07-09T20:44:22+02:00 [INFO] (codacy-cli-v2/cli-v2.go:27) Starting Codacy CLI version=1.0.0-main.380.sha.27e119a (27e119a) built at 2026-06-11T09:54:47Z
2026-07-09T20:44:22+02:00 [INFO] (codacy-cli-v2/cmd/root.go:34) Executing CLI command command=analyze full_command=[/Users/Andreas/Library/Caches/Codacy/codacy-cli-v2/1.0.0-main.380.sha.27e119a/codacy-cli-v2 analyze /Users/Andreas/GitHub/thalassa/.vscode/mcp.json --format sarif] args=[/Users/Andreas/GitHub/thalassa/.vscode/mcp.json]
2026/07/09 20:44:22 Running all configured tools...
2026/07/09 20:44:22 Skipping dartanalyzer as it doesn't support the specified file(s)
2026/07/09 20:44:22 Skipping eslint as it doesn't support the specified file(s)
2026/07/09 20:44:22 Skipping lizard as it doesn't support the specified file(s)
2026/07/09 20:44:22 Skipping opengrep as it doesn't support the specified file(s)
2026/07/09 20:44:22 Skipping pmd as it doesn't support the specified file(s)
2026/07/09 20:44:22 Skipping pylint as it doesn't support the specified file(s)
2026/07/09 20:44:22 Skipping revive as it doesn't support the specified file(s)
2026/07/09 20:44:22 Running tools for the specified file(s)...
2026/07/09 20:44:22 Running trivy...
2026-07-09T20:44:22+02:00 [INFO] (codacy-cli-v2/cmd/analyze.go:360) Config file found for tool toolConfigPath=.codacy/tools-configs/trivy.yaml tool=trivy
2026/07/09 20:44:22 Tool failed to run: failed to run Trivy: exit status 1
2026-07-09T20:45:06+02:00 [INFO] (codacy-cli-v2/cli-v2.go:27) Starting Codacy CLI version=1.0.0-main.380.sha.27e119a (27e119a) built at 2026-06-11T09:54:47Z
2026-07-09T20:45:06+02:00 [INFO] (codacy-cli-v2/cmd/root.go:34) Executing CLI command command=analyze full_command=[/Users/Andreas/Library/Caches/Codacy/codacy-cli-v2/1.0.0-main.380.sha.27e119a/codacy-cli-v2 analyze /Users/Andreas/GitHub/thalassa/vorstellung-projekte.html --format sarif] args=[/Users/Andreas/GitHub/thalassa/vorstellung-projekte.html]
2026/07/09 20:45:06 Running all configured tools...
2026/07/09 20:45:06 Skipping dartanalyzer as it doesn't support the specified file(s)
2026/07/09 20:45:06 Skipping eslint as it doesn't support the specified file(s)
2026/07/09 20:45:06 Skipping lizard as it doesn't support the specified file(s)
2026/07/09 20:45:06 Skipping opengrep as it doesn't support the specified file(s)
2026/07/09 20:45:06 Skipping pmd as it doesn't support the specified file(s)
2026/07/09 20:45:06 Skipping pylint as it doesn't support the specified file(s)
2026/07/09 20:45:06 Skipping revive as it doesn't support the specified file(s)
2026/07/09 20:45:06 Skipping trivy as it doesn't support the specified file(s)
2026/07/09 20:45:06 No tools support the specified file(s). Skipping analysis.
2026-07-09T20:45:15+02:00 [INFO] (codacy-cli-v2/cli-v2.go:27) Starting Codacy CLI version=1.0.0-main.380.sha.27e119a (27e119a) built at 2026-06-11T09:54:47Z
2026-07-09T20:45:15+02:00 [INFO] (codacy-cli-v2/cmd/root.go:34) Executing CLI command args=[/Users/Andreas/GitHub/thalassa/vorstellung-projekt.html] command=analyze full_command=[/Users/Andreas/Library/Caches/Codacy/codacy-cli-v2/1.0.0-main.380.sha.27e119a/codacy-cli-v2 analyze /Users/Andreas/GitHub/thalassa/vorstellung-projekt.html --format sarif]
2026/07/09 20:45:15 Running all configured tools...
2026/07/09 20:45:15 Skipping pylint as it doesn't support the specified file(s)
2026/07/09 20:45:15 Skipping revive as it doesn't support the specified file(s)
2026/07/09 20:45:15 Skipping trivy as it doesn't support the specified file(s)
2026/07/09 20:45:15 Skipping dartanalyzer as it doesn't support the specified file(s)
2026/07/09 20:45:15 Skipping eslint as it doesn't support the specified file(s)
2026/07/09 20:45:15 Skipping lizard as it doesn't support the specified file(s)
2026/07/09 20:45:15 Skipping opengrep as it doesn't support the specified file(s)
2026/07/09 20:45:15 Skipping pmd as it doesn't support the specified file(s)
2026/07/09 20:45:15 No tools support the specified file(s). Skipping analysis.
2026-07-09T20:47:16+02:00 [INFO] (codacy-cli-v2/cli-v2.go:27) Starting Codacy CLI version=1.0.0-main.380.sha.27e119a (27e119a) built at 2026-06-11T09:54:47Z
2026-07-09T20:47:16+02:00 [INFO] (codacy-cli-v2/cmd/root.go:34) Executing CLI command args=[/Users/Andreas/GitHub/gaia/.vscode/mcp.json] command=analyze full_command=[/Users/Andreas/Library/Caches/Codacy/codacy-cli-v2/1.0.0-main.380.sha.27e119a/codacy-cli-v2 analyze /Users/Andreas/GitHub/gaia/.vscode/mcp.json --format sarif]
2026/07/09 20:47:16 Running all configured tools...
2026/07/09 20:47:16 Skipping pylint as it doesn't support the specified file(s)
2026/07/09 20:47:16 Skipping revive as it doesn't support the specified file(s)
2026/07/09 20:47:16 Skipping dartanalyzer as it doesn't support the specified file(s)
2026/07/09 20:47:16 Skipping eslint as it doesn't support the specified file(s)
2026/07/09 20:47:16 Skipping lizard as it doesn't support the specified file(s)
2026/07/09 20:47:16 Skipping opengrep as it doesn't support the specified file(s)
2026/07/09 20:47:16 Skipping pmd as it doesn't support the specified file(s)
2026/07/09 20:47:16 Running tools for the specified file(s)...
2026/07/09 20:47:16 Running trivy...
2026-07-09T20:47:16+02:00 [INFO] (codacy-cli-v2/cmd/analyze.go:360) Config file found for tool toolConfigPath=.codacy/tools-configs/trivy.yaml tool=trivy
2026/07/09 20:47:18 Tool failed to run: failed to run Trivy: exit status 1
2026-07-09T20:47:22+02:00 [INFO] (codacy-cli-v2/cli-v2.go:27) Starting Codacy CLI version=1.0.0-main.380.sha.27e119a (27e119a) built at 2026-06-11T09:54:47Z
2026-07-09T20:47:22+02:00 [INFO] (codacy-cli-v2/cmd/root.go:34) Executing CLI command full_command=[/Users/Andreas/Library/Caches/Codacy/codacy-cli-v2/1.0.0-main.380.sha.27e119a/codacy-cli-v2 analyze /Users/Andreas/GitHub/thalassa/.vscode/mcp.json --format sarif] args=[/Users/Andreas/GitHub/thalassa/.vscode/mcp.json] command=analyze
2026/07/09 20:47:22 Running all configured tools...
2026/07/09 20:47:22 Skipping lizard as it doesn't support the specified file(s)
2026/07/09 20:47:22 Skipping opengrep as it doesn't support the specified file(s)
2026/07/09 20:47:22 Skipping pmd as it doesn't support the specified file(s)
2026/07/09 20:47:22 Skipping pylint as it doesn't support the specified file(s)
2026/07/09 20:47:22 Skipping revive as it doesn't support the specified file(s)
2026/07/09 20:47:22 Skipping dartanalyzer as it doesn't support the specified file(s)
2026/07/09 20:47:22 Skipping eslint as it doesn't support the specified file(s)
2026/07/09 20:47:22 Running tools for the specified file(s)...
2026/07/09 20:47:22 Running trivy...
2026-07-09T20:47:22+02:00 [INFO] (codacy-cli-v2/cmd/analyze.go:360) Config file found for tool toolConfigPath=.codacy/tools-configs/trivy.yaml tool=trivy
2026/07/09 20:47:23 Tool failed to run: failed to run Trivy: exit status 1
2026-07-09T20:50:05+02:00 [INFO] (codacy-cli-v2/cli-v2.go:27) Starting Codacy CLI version=1.0.0-main.380.sha.27e119a (27e119a) built at 2026-06-11T09:54:47Z
2026-07-09T20:50:05+02:00 [INFO] (codacy-cli-v2/cmd/root.go:34) Executing CLI command full_command=[/Users/Andreas/Library/Caches/Codacy/codacy-cli-v2/1.0.0-main.380.sha.27e119a/codacy-cli-v2 analyze /Users/Andreas/GitHub/thalassa/vorstellung-projekt.html --format sarif] args=[/Users/Andreas/GitHub/thalassa/vorstellung-projekt.html] command=analyze
2026/07/09 20:50:05 Running all configured tools...
2026/07/09 20:50:05 Skipping opengrep as it doesn't support the specified file(s)
2026/07/09 20:50:05 Skipping pmd as it doesn't support the specified file(s)
2026/07/09 20:50:05 Skipping pylint as it doesn't support the specified file(s)
2026/07/09 20:50:05 Skipping revive as it doesn't support the specified file(s)
2026/07/09 20:50:05 Skipping trivy as it doesn't support the specified file(s)
2026/07/09 20:50:05 Skipping dartanalyzer as it doesn't support the specified file(s)
2026/07/09 20:50:05 Skipping eslint as it doesn't support the specified file(s)
2026/07/09 20:50:05 Skipping lizard as it doesn't support the specified file(s)
2026/07/09 20:50:05 No tools support the specified file(s). Skipping analysis.
2026-07-09T20:50:16+02:00 [INFO] (codacy-cli-v2/cli-v2.go:27) Starting Codacy CLI version=1.0.0-main.380.sha.27e119a (27e119a) built at 2026-06-11T09:54:47Z
2026-07-09T20:50:16+02:00 [INFO] (codacy-cli-v2/cmd/root.go:34) Executing CLI command command=analyze full_command=[/Users/Andreas/Library/Caches/Codacy/codacy-cli-v2/1.0.0-main.380.sha.27e119a/codacy-cli-v2 analyze /Users/Andreas/GitHub/gaia/.vscode/mcp.json --format sarif] args=[/Users/Andreas/GitHub/gaia/.vscode/mcp.json]
2026/07/09 20:50:16 Running all configured tools...
2026/07/09 20:50:16 Skipping pylint as it doesn't support the specified file(s)
2026/07/09 20:50:16 Skipping revive as it doesn't support the specified file(s)
2026/07/09 20:50:16 Skipping dartanalyzer as it doesn't support the specified file(s)
2026/07/09 20:50:16 Skipping eslint as it doesn't support the specified file(s)
2026/07/09 20:50:16 Skipping lizard as it doesn't support the specified file(s)
2026/07/09 20:50:16 Skipping opengrep as it doesn't support the specified file(s)
2026/07/09 20:50:16 Skipping pmd as it doesn't support the specified file(s)
2026/07/09 20:50:16 Running tools for the specified file(s)...
2026/07/09 20:50:16 Running trivy...
2026-07-09T20:50:16+02:00 [INFO] (codacy-cli-v2/cmd/analyze.go:360) Config file found for tool toolConfigPath=.codacy/tools-configs/trivy.yaml tool=trivy
2026/07/09 20:50:16 Tool failed to run: failed to run Trivy: exit status 1
2026-07-09T20:50:24+02:00 [INFO] (codacy-cli-v2/cli-v2.go:27) Starting Codacy CLI version=1.0.0-main.380.sha.27e119a (27e119a) built at 2026-06-11T09:54:47Z
2026-07-09T20:50:24+02:00 [INFO] (codacy-cli-v2/cmd/root.go:34) Executing CLI command command=analyze full_command=[/Users/Andreas/Library/Caches/Codacy/codacy-cli-v2/1.0.0-main.380.sha.27e119a/codacy-cli-v2 analyze /Users/Andreas/GitHub/thalassa/.vscode/mcp.json --format sarif] args=[/Users/Andreas/GitHub/thalassa/.vscode/mcp.json]
2026/07/09 20:50:24 Running all configured tools...
2026/07/09 20:50:24 Skipping opengrep as it doesn't support the specified file(s)
2026/07/09 20:50:24 Skipping pmd as it doesn't support the specified file(s)
2026/07/09 20:50:24 Skipping pylint as it doesn't support the specified file(s)
2026/07/09 20:50:24 Skipping revive as it doesn't support the specified file(s)
2026/07/09 20:50:24 Skipping dartanalyzer as it doesn't support the specified file(s)
2026/07/09 20:50:24 Skipping eslint as it doesn't support the specified file(s)
2026/07/09 20:50:24 Skipping lizard as it doesn't support the specified file(s)
2026/07/09 20:50:24 Running tools for the specified file(s)...
2026/07/09 20:50:24 Running trivy...
2026-07-09T20:50:24+02:00 [INFO] (codacy-cli-v2/cmd/analyze.go:360) Config file found for tool tool=trivy toolConfigPath=.codacy/tools-configs/trivy.yaml
2026/07/09 20:50:24 Tool failed to run: failed to run Trivy: exit status 1
2026-07-09T20:50:40+02:00 [INFO] (codacy-cli-v2/cli-v2.go:27) Starting Codacy CLI version=1.0.0-main.380.sha.27e119a (27e119a) built at 2026-06-11T09:54:47Z
2026-07-09T20:50:40+02:00 [INFO] (codacy-cli-v2/cmd/root.go:34) Executing CLI command args=[/Users/Andreas/GitHub/hemera/node_modules/zod/v4/classic/parse.d.cts] command=analyze full_command=[/Users/Andreas/Library/Caches/Codacy/codacy-cli-v2/1.0.0-main.380.sha.27e119a/codacy-cli-v2 analyze /Users/Andreas/GitHub/hemera/node_modules/zod/v4/classic/parse.d.cts --format sarif]
2026/07/09 20:50:40 Running all configured tools...
2026/07/09 20:50:40 Skipping opengrep as it doesn't support the specified file(s)
2026/07/09 20:50:40 Skipping pmd as it doesn't support the specified file(s)
2026/07/09 20:50:40 Skipping pylint as it doesn't support the specified file(s)
2026/07/09 20:50:40 Skipping revive as it doesn't support the specified file(s)
2026/07/09 20:50:40 Skipping trivy as it doesn't support the specified file(s)
2026/07/09 20:50:40 Skipping dartanalyzer as it doesn't support the specified file(s)
2026/07/09 20:50:40 Skipping eslint as it doesn't support the specified file(s)
2026/07/09 20:50:40 Skipping lizard as it doesn't support the specified file(s)
2026/07/09 20:50:40 No tools support the specified file(s). Skipping analysis.
2026-07-09T20:53:13+02:00 [INFO] (codacy-cli-v2/cli-v2.go:27) Starting Codacy CLI version=1.0.0-main.380.sha.27e119a (27e119a) built at 2026-06-11T09:54:47Z
2026-07-09T20:53:13+02:00 [INFO] (codacy-cli-v2/cmd/root.go:34) Executing CLI command args=[/Users/Andreas/Library/Application Support/Code/User/mcp.json] command=analyze full_command=[/Users/Andreas/Library/Caches/Codacy/codacy-cli-v2/1.0.0-main.380.sha.27e119a/codacy-cli-v2 analyze /Users/Andreas/Library/Application Support/Code/User/mcp.json --format sarif]
2026/07/09 20:53:13 Running all configured tools...
2026/07/09 20:53:13 Skipping eslint as it doesn't support the specified file(s)
2026/07/09 20:53:13 Skipping lizard as it doesn't support the specified file(s)
2026/07/09 20:53:13 Skipping opengrep as it doesn't support the specified file(s)
2026/07/09 20:53:13 Skipping pmd as it doesn't support the specified file(s)
2026/07/09 20:53:13 Skipping pylint as it doesn't support the specified file(s)
2026/07/09 20:53:13 Skipping revive as it doesn't support the specified file(s)
2026/07/09 20:53:13 Skipping dartanalyzer as it doesn't support the specified file(s)
2026/07/09 20:53:13 Running tools for the specified file(s)...
2026/07/09 20:53:13 Running trivy...
2026-07-09T20:53:13+02:00 [INFO] (codacy-cli-v2/cmd/analyze.go:360) Config file found for tool tool=trivy toolConfigPath=.codacy/tools-configs/trivy.yaml
2026/07/09 20:53:13 Tool failed to run: failed to run Trivy: exit status 1
2026-07-09T20:53:18+02:00 [INFO] (codacy-cli-v2/cli-v2.go:27) Starting Codacy CLI version=1.0.0-main.380.sha.27e119a (27e119a) built at 2026-06-11T09:54:47Z
2026-07-09T20:53:18+02:00 [INFO] (codacy-cli-v2/cmd/root.go:34) Executing CLI command command=analyze full_command=[/Users/Andreas/Library/Caches/Codacy/codacy-cli-v2/1.0.0-main.380.sha.27e119a/codacy-cli-v2 analyze /Users/Andreas/GitHub/gaia/.vscode/mcp.json --format sarif] args=[/Users/Andreas/GitHub/gaia/.vscode/mcp.json]
2026/07/09 20:53:18 Running all configured tools...
2026/07/09 20:53:18 Skipping revive as it doesn't support the specified file(s)
2026/07/09 20:53:18 Skipping dartanalyzer as it doesn't support the specified file(s)
2026/07/09 20:53:18 Skipping eslint as it doesn't support the specified file(s)
2026/07/09 20:53:18 Skipping lizard as it doesn't support the specified file(s)
2026/07/09 20:53:18 Skipping opengrep as it doesn't support the specified file(s)
2026/07/09 20:53:18 Skipping pmd as it doesn't support the specified file(s)
2026/07/09 20:53:18 Skipping pylint as it doesn't support the specified file(s)
2026/07/09 20:53:18 Running tools for the specified file(s)...
2026/07/09 20:53:18 Running trivy...
2026-07-09T20:53:18+02:00 [INFO] (codacy-cli-v2/cmd/analyze.go:360) Config file found for tool tool=trivy toolConfigPath=.codacy/tools-configs/trivy.yaml
2026/07/09 20:53:18 Tool failed to run: failed to run Trivy: exit status 1
2026-07-09T20:53:24+02:00 [INFO] (codacy-cli-v2/cli-v2.go:27) Starting Codacy CLI version=1.0.0-main.380.sha.27e119a (27e119a) built at 2026-06-11T09:54:47Z
2026-07-09T20:53:24+02:00 [INFO] (codacy-cli-v2/cmd/root.go:34) Executing CLI command command=analyze full_command=[/Users/Andreas/Library/Caches/Codacy/codacy-cli-v2/1.0.0-main.380.sha.27e119a/codacy-cli-v2 analyze /Users/Andreas/GitHub/thalassa/.vscode/mcp.json --format sarif] args=[/Users/Andreas/GitHub/thalassa/.vscode/mcp.json]
2026/07/09 20:53:24 Running all configured tools...
2026/07/09 20:53:24 Skipping eslint as it doesn't support the specified file(s)
2026/07/09 20:53:24 Skipping lizard as it doesn't support the specified file(s)
2026/07/09 20:53:24 Skipping opengrep as it doesn't support the specified file(s)
2026/07/09 20:53:24 Skipping pmd as it doesn't support the specified file(s)
2026/07/09 20:53:24 Skipping pylint as it doesn't support the specified file(s)
2026/07/09 20:53:24 Skipping revive as it doesn't support the specified file(s)
2026/07/09 20:53:24 Skipping dartanalyzer as it doesn't support the specified file(s)
2026/07/09 20:53:24 Running tools for the specified file(s)...
2026/07/09 20:53:24 Running trivy...
2026-07-09T20:53:24+02:00 [INFO] (codacy-cli-v2/cmd/analyze.go:360) Config file found for tool toolConfigPath=.codacy/tools-configs/trivy.yaml tool=trivy
2026/07/09 20:53:25 Tool failed to run: failed to run Trivy: exit status 1
2026-07-09T20:54:31+02:00 [INFO] (codacy-cli-v2/cli-v2.go:27) Starting Codacy CLI version=1.0.0-main.380.sha.27e119a (27e119a) built at 2026-06-11T09:54:47Z
2026-07-09T20:54:31+02:00 [INFO] (codacy-cli-v2/cmd/root.go:34) Executing CLI command args=[/Users/Andreas/GitHub/thalassa/vorstellung-projekt.html] command=analyze full_command=[/Users/Andreas/Library/Caches/Codacy/codacy-cli-v2/1.0.0-main.380.sha.27e119a/codacy-cli-v2 analyze /Users/Andreas/GitHub/thalassa/vorstellung-projekt.html --format sarif]
2026/07/09 20:54:31 Running all configured tools...
2026/07/09 20:54:31 Skipping revive as it doesn't support the specified file(s)
2026/07/09 20:54:31 Skipping trivy as it doesn't support the specified file(s)
2026/07/09 20:54:31 Skipping dartanalyzer as it doesn't support the specified file(s)
2026/07/09 20:54:31 Skipping eslint as it doesn't support the specified file(s)
2026/07/09 20:54:31 Skipping lizard as it doesn't support the specified file(s)
2026/07/09 20:54:31 Skipping opengrep as it doesn't support the specified file(s)
2026/07/09 20:54:31 Skipping pmd as it doesn't support the specified file(s)
2026/07/09 20:54:31 Skipping pylint as it doesn't support the specified file(s)
2026/07/09 20:54:31 No tools support the specified file(s). Skipping analysis.
2026-07-09T20:56:14+02:00 [INFO] (codacy-cli-v2/cli-v2.go:27) Starting Codacy CLI version=1.0.0-main.380.sha.27e119a (27e119a) built at 2026-06-11T09:54:47Z
2026-07-09T20:56:14+02:00 [INFO] (codacy-cli-v2/cmd/root.go:34) Executing CLI command full_command=[/Users/Andreas/Library/Caches/Codacy/codacy-cli-v2/1.0.0-main.380.sha.27e119a/codacy-cli-v2 analyze /Users/Andreas/Library/Application Support/Code/User/mcp.json --format sarif] args=[/Users/Andreas/Library/Application Support/Code/User/mcp.json] command=analyze
2026/07/09 20:56:14 Running all configured tools...
2026/07/09 20:56:14 Skipping opengrep as it doesn't support the specified file(s)
2026/07/09 20:56:14 Skipping pmd as it doesn't support the specified file(s)
2026/07/09 20:56:14 Skipping pylint as it doesn't support the specified file(s)
2026/07/09 20:56:14 Skipping revive as it doesn't support the specified file(s)
2026/07/09 20:56:14 Skipping dartanalyzer as it doesn't support the specified file(s)
2026/07/09 20:56:14 Skipping eslint as it doesn't support the specified file(s)
2026/07/09 20:56:14 Skipping lizard as it doesn't support the specified file(s)
2026/07/09 20:56:14 Running tools for the specified file(s)...
2026/07/09 20:56:14 Running trivy...
2026-07-09T20:56:14+02:00 [INFO] (codacy-cli-v2/cmd/analyze.go:360) Config file found for tool toolConfigPath=.codacy/tools-configs/trivy.yaml tool=trivy
2026/07/09 20:56:15 Tool failed to run: failed to run Trivy: exit status 1
2026-07-09T20:56:19+02:00 [INFO] (codacy-cli-v2/cli-v2.go:27) Starting Codacy CLI version=1.0.0-main.380.sha.27e119a (27e119a) built at 2026-06-11T09:54:47Z
2026-07-09T20:56:19+02:00 [INFO] (codacy-cli-v2/cmd/root.go:34) Executing CLI command command=analyze full_command=[/Users/Andreas/Library/Caches/Codacy/codacy-cli-v2/1.0.0-main.380.sha.27e119a/codacy-cli-v2 analyze /Users/Andreas/GitHub/gaia/.vscode/mcp.json --format sarif] args=[/Users/Andreas/GitHub/gaia/.vscode/mcp.json]
2026/07/09 20:56:19 Running all configured tools...
2026/07/09 20:56:19 Skipping dartanalyzer as it doesn't support the specified file(s)
2026/07/09 20:56:19 Skipping eslint as it doesn't support the specified file(s)
2026/07/09 20:56:19 Skipping lizard as it doesn't support the specified file(s)
2026/07/09 20:56:19 Skipping opengrep as it doesn't support the specified file(s)
2026/07/09 20:56:19 Skipping pmd as it doesn't support the specified file(s)
2026/07/09 20:56:19 Skipping pylint as it doesn't support the specified file(s)
2026/07/09 20:56:19 Skipping revive as it doesn't support the specified file(s)
2026/07/09 20:56:19 Running tools for the specified file(s)...
2026/07/09 20:56:19 Running trivy...
2026-07-09T20:56:19+02:00 [INFO] (codacy-cli-v2/cmd/analyze.go:360) Config file found for tool tool=trivy toolConfigPath=.codacy/tools-configs/trivy.yaml
2026/07/09 20:56:20 Tool failed to run: failed to run Trivy: exit status 1
2026-07-09T20:56:26+02:00 [INFO] (codacy-cli-v2/cli-v2.go:27) Starting Codacy CLI version=1.0.0-main.380.sha.27e119a (27e119a) built at 2026-06-11T09:54:47Z
2026-07-09T20:56:26+02:00 [INFO] (codacy-cli-v2/cmd/root.go:34) Executing CLI command command=analyze full_command=[/Users/Andreas/Library/Caches/Codacy/codacy-cli-v2/1.0.0-main.380.sha.27e119a/codacy-cli-v2 analyze /Users/Andreas/GitHub/thalassa/.vscode/mcp.json --format sarif] args=[/Users/Andreas/GitHub/thalassa/.vscode/mcp.json]
2026/07/09 20:56:26 Running all configured tools...
2026/07/09 20:56:26 Skipping dartanalyzer as it doesn't support the specified file(s)
2026/07/09 20:56:26 Skipping eslint as it doesn't support the specified file(s)
2026/07/09 20:56:26 Skipping lizard as it doesn't support the specified file(s)
2026/07/09 20:56:26 Skipping opengrep as it doesn't support the specified file(s)
2026/07/09 20:56:26 Skipping pmd as it doesn't support the specified file(s)
2026/07/09 20:56:26 Skipping pylint as it doesn't support the specified file(s)
2026/07/09 20:56:26 Skipping revive as it doesn't support the specified file(s)
2026/07/09 20:56:26 Running tools for the specified file(s)...
2026/07/09 20:56:26 Running trivy...
2026-07-09T20:56:26+02:00 [INFO] (codacy-cli-v2/cmd/analyze.go:360) Config file found for tool toolConfigPath=.codacy/tools-configs/trivy.yaml tool=trivy
2026/07/09 20:56:27 Tool failed to run: failed to run Trivy: exit status 1
2026-07-09T20:59:14+02:00 [INFO] (codacy-cli-v2/cli-v2.go:27) Starting Codacy CLI version=1.0.0-main.380.sha.27e119a (27e119a) built at 2026-06-11T09:54:47Z
2026-07-09T20:59:14+02:00 [INFO] (codacy-cli-v2/cmd/root.go:34) Executing CLI command full_command=[/Users/Andreas/Library/Caches/Codacy/codacy-cli-v2/1.0.0-main.380.sha.27e119a/codacy-cli-v2 analyze /Users/Andreas/Library/Application Support/Code/User/mcp.json --format sarif] args=[/Users/Andreas/Library/Application Support/Code/User/mcp.json] command=analyze
2026/07/09 20:59:14 Running all configured tools...
2026/07/09 20:59:14 Skipping pylint as it doesn't support the specified file(s)
2026/07/09 20:59:14 Skipping revive as it doesn't support the specified file(s)
2026/07/09 20:59:14 Skipping dartanalyzer as it doesn't support the specified file(s)
2026/07/09 20:59:14 Skipping eslint as it doesn't support the specified file(s)
2026/07/09 20:59:14 Skipping lizard as it doesn't support the specified file(s)
2026/07/09 20:59:14 Skipping opengrep as it doesn't support the specified file(s)
2026/07/09 20:59:14 Skipping pmd as it doesn't support the specified file(s)
2026/07/09 20:59:14 Running tools for the specified file(s)...
2026/07/09 20:59:14 Running trivy...
2026-07-09T20:59:14+02:00 [INFO] (codacy-cli-v2/cmd/analyze.go:360) Config file found for tool tool=trivy toolConfigPath=.codacy/tools-configs/trivy.yaml
2026/07/09 20:59:15 Tool failed to run: failed to run Trivy: exit status 1
2026-07-09T20:59:19+02:00 [INFO] (codacy-cli-v2/cli-v2.go:27) Starting Codacy CLI version=1.0.0-main.380.sha.27e119a (27e119a) built at 2026-06-11T09:54:47Z
2026-07-09T20:59:19+02:00 [INFO] (codacy-cli-v2/cmd/root.go:34) Executing CLI command command=analyze full_command=[/Users/Andreas/Library/Caches/Codacy/codacy-cli-v2/1.0.0-main.380.sha.27e119a/codacy-cli-v2 analyze /Users/Andreas/GitHub/gaia/.vscode/mcp.json --format sarif] args=[/Users/Andreas/GitHub/gaia/.vscode/mcp.json]
2026/07/09 20:59:19 Running all configured tools...
2026/07/09 20:59:19 Skipping opengrep as it doesn't support the specified file(s)
2026/07/09 20:59:19 Skipping pmd as it doesn't support the specified file(s)
2026/07/09 20:59:19 Skipping pylint as it doesn't support the specified file(s)
2026/07/09 20:59:19 Skipping revive as it doesn't support the specified file(s)
2026/07/09 20:59:19 Skipping dartanalyzer as it doesn't support the specified file(s)
2026/07/09 20:59:19 Skipping eslint as it doesn't support the specified file(s)
2026/07/09 20:59:19 Skipping lizard as it doesn't support the specified file(s)
2026/07/09 20:59:19 Running tools for the specified file(s)...
2026/07/09 20:59:19 Running trivy...
2026-07-09T20:59:19+02:00 [INFO] (codacy-cli-v2/cmd/analyze.go:360) Config file found for tool tool=trivy toolConfigPath=.codacy/tools-configs/trivy.yaml
2026/07/09 20:59:20 Tool failed to run: failed to run Trivy: exit status 1
2026-07-09T20:59:28+02:00 [INFO] (codacy-cli-v2/cli-v2.go:27) Starting Codacy CLI version=1.0.0-main.380.sha.27e119a (27e119a) built at 2026-06-11T09:54:47Z
2026-07-09T20:59:28+02:00 [INFO] (codacy-cli-v2/cmd/root.go:34) Executing CLI command command=analyze full_command=[/Users/Andreas/Library/Caches/Codacy/codacy-cli-v2/1.0.0-main.380.sha.27e119a/codacy-cli-v2 analyze /Users/Andreas/GitHub/thalassa/.vscode/mcp.json --format sarif] args=[/Users/Andreas/GitHub/thalassa/.vscode/mcp.json]
2026/07/09 20:59:28 Running all configured tools...
2026/07/09 20:59:28 Skipping revive as it doesn't support the specified file(s)
2026/07/09 20:59:28 Skipping dartanalyzer as it doesn't support the specified file(s)
2026/07/09 20:59:28 Skipping eslint as it doesn't support the specified file(s)
2026/07/09 20:59:28 Skipping lizard as it doesn't support the specified file(s)
2026/07/09 20:59:28 Skipping opengrep as it doesn't support the specified file(s)
2026/07/09 20:59:28 Skipping pmd as it doesn't support the specified file(s)
2026/07/09 20:59:28 Skipping pylint as it doesn't support the specified file(s)
2026/07/09 20:59:28 Running tools for the specified file(s)...
2026/07/09 20:59:28 Running trivy...
2026-07-09T20:59:28+02:00 [INFO] (codacy-cli-v2/cmd/analyze.go:360) Config file found for tool tool=trivy toolConfigPath=.codacy/tools-configs/trivy.yaml
2026/07/09 20:59:28 Tool failed to run: failed to run Trivy: exit status 1
2026-07-09T21:01:06+02:00 [INFO] (codacy-cli-v2/cli-v2.go:27) Starting Codacy CLI version=1.0.0-main.380.sha.27e119a (27e119a) built at 2026-06-11T09:54:47Z
2026-07-09T21:01:06+02:00 [INFO] (codacy-cli-v2/cmd/root.go:34) Executing CLI command args=[/Users/Andreas/Library/Application Support/Code/User/chatLanguageModels.json] command=analyze full_command=[/Users/Andreas/Library/Caches/Codacy/codacy-cli-v2/1.0.0-main.380.sha.27e119a/codacy-cli-v2 analyze /Users/Andreas/Library/Application Support/Code/User/chatLanguageModels.json --format sarif]
2026/07/09 21:01:06 Running all configured tools...
2026/07/09 21:01:06 Skipping revive as it doesn't support the specified file(s)
2026/07/09 21:01:06 Skipping dartanalyzer as it doesn't support the specified file(s)
2026/07/09 21:01:06 Skipping eslint as it doesn't support the specified file(s)
2026/07/09 21:01:06 Skipping lizard as it doesn't support the specified file(s)
2026/07/09 21:01:06 Skipping opengrep as it doesn't support the specified file(s)
2026/07/09 21:01:06 Skipping pmd as it doesn't support the specified file(s)
2026/07/09 21:01:06 Skipping pylint as it doesn't support the specified file(s)
2026/07/09 21:01:06 Running tools for the specified file(s)...
2026/07/09 21:01:06 Running trivy...
2026-07-09T21:01:06+02:00 [INFO] (codacy-cli-v2/cmd/analyze.go:360) Config file found for tool toolConfigPath=.codacy/tools-configs/trivy.yaml tool=trivy
2026/07/09 21:01:07 Tool failed to run: failed to run Trivy: exit status 1
2026-07-09T21:01:33+02:00 [INFO] (codacy-cli-v2/cli-v2.go:27) Starting Codacy CLI version=1.0.0-main.380.sha.27e119a (27e119a) built at 2026-06-11T09:54:47Z
2026-07-09T21:01:33+02:00 [INFO] (codacy-cli-v2/cmd/root.go:34) Executing CLI command command=analyze full_command=[/Users/Andreas/Library/Caches/Codacy/codacy-cli-v2/1.0.0-main.380.sha.27e119a/codacy-cli-v2 analyze /Users/Andreas/Library/Application Support/Code/User/workspaceStorage/1996028959a2c86bb93333cd4591544d/GitHub.copilot-chat/chat-session-resources/6a5d1f47-cf50-45d7-88c7-9a8df350a6a4/call_2SYleHj2EgrxnG95AloTGFIA__vscode-1783621035685/content.txt --format sarif] args=[/Users/Andreas/Library/Application Support/Code/User/workspaceStorage/1996028959a2c86bb93333cd4591544d/GitHub.copilot-chat/chat-session-resources/6a5d1f47-cf50-45d7-88c7-9a8df350a6a4/call_2SYleHj2EgrxnG95AloTGFIA__vscode-1783621035685/content.txt]
2026/07/09 21:01:33 Running all configured tools...
2026/07/09 21:01:33 Skipping trivy as it doesn't support the specified file(s)
2026/07/09 21:01:33 Skipping dartanalyzer as it doesn't support the specified file(s)
2026/07/09 21:01:33 Skipping eslint as it doesn't support the specified file(s)
2026/07/09 21:01:33 Skipping lizard as it doesn't support the specified file(s)
2026/07/09 21:01:33 Skipping opengrep as it doesn't support the specified file(s)
2026/07/09 21:01:33 Skipping pmd as it doesn't support the specified file(s)
2026/07/09 21:01:33 Skipping pylint as it doesn't support the specified file(s)
2026/07/09 21:01:33 Skipping revive as it doesn't support the specified file(s)
2026/07/09 21:01:33 No tools support the specified file(s). Skipping analysis.
2026-07-09T21:02:14+02:00 [INFO] (codacy-cli-v2/cli-v2.go:27) Starting Codacy CLI version=1.0.0-main.380.sha.27e119a (27e119a) built at 2026-06-11T09:54:47Z
2026-07-09T21:02:14+02:00 [INFO] (codacy-cli-v2/cmd/root.go:34) Executing CLI command full_command=[/Users/Andreas/Library/Caches/Codacy/codacy-cli-v2/1.0.0-main.380.sha.27e119a/codacy-cli-v2 analyze /Users/Andreas/Library/Application Support/Code/User/mcp.json --format sarif] args=[/Users/Andreas/Library/Application Support/Code/User/mcp.json] command=analyze
2026/07/09 21:02:14 Running all configured tools...
2026/07/09 21:02:14 Skipping pmd as it doesn't support the specified file(s)
2026/07/09 21:02:14 Skipping pylint as it doesn't support the specified file(s)
2026/07/09 21:02:14 Skipping revive as it doesn't support the specified file(s)
2026/07/09 21:02:14 Skipping dartanalyzer as it doesn't support the specified file(s)
2026/07/09 21:02:14 Skipping eslint as it doesn't support the specified file(s)
2026/07/09 21:02:14 Skipping lizard as it doesn't support the specified file(s)
2026/07/09 21:02:14 Skipping opengrep as it doesn't support the specified file(s)
2026/07/09 21:02:14 Running tools for the specified file(s)...
2026/07/09 21:02:14 Running trivy...
2026-07-09T21:02:14+02:00 [INFO] (codacy-cli-v2/cmd/analyze.go:360) Config file found for tool tool=trivy toolConfigPath=.codacy/tools-configs/trivy.yaml
2026/07/09 21:02:15 Tool failed to run: failed to run Trivy: exit status 1
2026-07-09T21:02:17+02:00 [INFO] (codacy-cli-v2/cli-v2.go:27) Starting Codacy CLI version=1.0.0-main.380.sha.27e119a (27e119a) built at 2026-06-11T09:54:47Z
2026-07-09T21:02:17+02:00 [INFO] (codacy-cli-v2/cmd/root.go:34) Executing CLI command full_command=[/Users/Andreas/Library/Caches/Codacy/codacy-cli-v2/1.0.0-main.380.sha.27e119a/codacy-cli-v2 analyze /Users/Andreas/GitHub/aither/.vscode/mcp.json --format sarif] args=[/Users/Andreas/GitHub/aither/.vscode/mcp.json] command=analyze
2026/07/09 21:02:17 Running all configured tools...
2026/07/09 21:02:17 Skipping eslint as it doesn't support the specified file(s)
2026/07/09 21:02:17 Skipping lizard as it doesn't support the specified file(s)
2026/07/09 21:02:17 Skipping opengrep as it doesn't support the specified file(s)
2026/07/09 21:02:17 Skipping pmd as it doesn't support the specified file(s)
2026/07/09 21:02:17 Skipping pylint as it doesn't support the specified file(s)
2026/07/09 21:02:17 Skipping revive as it doesn't support the specified file(s)
2026/07/09 21:02:17 Skipping dartanalyzer as it doesn't support the specified file(s)
2026/07/09 21:02:17 Running tools for the specified file(s)...
2026/07/09 21:02:17 Running trivy...
2026-07-09T21:02:17+02:00 [INFO] (codacy-cli-v2/cmd/analyze.go:360) Config file found for tool tool=trivy toolConfigPath=.codacy/tools-configs/trivy.yaml
2026/07/09 21:02:17 Tool failed to run: failed to run Trivy: exit status 1
2026-07-09T21:02:20+02:00 [INFO] (codacy-cli-v2/cli-v2.go:27) Starting Codacy CLI version=1.0.0-main.380.sha.27e119a (27e119a) built at 2026-06-11T09:54:47Z
2026-07-09T21:02:20+02:00 [INFO] (codacy-cli-v2/cmd/root.go:34) Executing CLI command command=analyze full_command=[/Users/Andreas/Library/Caches/Codacy/codacy-cli-v2/1.0.0-main.380.sha.27e119a/codacy-cli-v2 analyze /Users/Andreas/GitHub/gaia/.vscode/mcp.json --format sarif] args=[/Users/Andreas/GitHub/gaia/.vscode/mcp.json]
2026/07/09 21:02:20 Running all configured tools...
2026/07/09 21:02:20 Skipping revive as it doesn't support the specified file(s)
2026/07/09 21:02:20 Skipping dartanalyzer as it doesn't support the specified file(s)
2026/07/09 21:02:20 Skipping eslint as it doesn't support the specified file(s)
2026/07/09 21:02:20 Skipping lizard as it doesn't support the specified file(s)
2026/07/09 21:02:20 Skipping opengrep as it doesn't support the specified file(s)
2026/07/09 21:02:20 Skipping pmd as it doesn't support the specified file(s)
2026/07/09 21:02:20 Skipping pylint as it doesn't support the specified file(s)
2026/07/09 21:02:20 Running tools for the specified file(s)...
2026/07/09 21:02:20 Running trivy...
2026-07-09T21:02:20+02:00 [INFO] (codacy-cli-v2/cmd/analyze.go:360) Config file found for tool tool=trivy toolConfigPath=.codacy/tools-configs/trivy.yaml
2026/07/09 21:02:20 Tool failed to run: failed to run Trivy: exit status 1
2026-07-09T21:02:28+02:00 [INFO] (codacy-cli-v2/cli-v2.go:27) Starting Codacy CLI version=1.0.0-main.380.sha.27e119a (27e119a) built at 2026-06-11T09:54:47Z
2026-07-09T21:02:28+02:00 [INFO] (codacy-cli-v2/cmd/root.go:34) Executing CLI command full_command=[/Users/Andreas/Library/Caches/Codacy/codacy-cli-v2/1.0.0-main.380.sha.27e119a/codacy-cli-v2 analyze /Users/Andreas/GitHub/thalassa/.vscode/mcp.json --format sarif] args=[/Users/Andreas/GitHub/thalassa/.vscode/mcp.json] command=analyze
2026/07/09 21:02:28 Running all configured tools...
2026/07/09 21:02:28 Skipping dartanalyzer as it doesn't support the specified file(s)
2026/07/09 21:02:28 Skipping eslint as it doesn't support the specified file(s)
2026/07/09 21:02:28 Skipping lizard as it doesn't support the specified file(s)
2026/07/09 21:02:28 Skipping opengrep as it doesn't support the specified file(s)
2026/07/09 21:02:28 Skipping pmd as it doesn't support the specified file(s)
2026/07/09 21:02:28 Skipping pylint as it doesn't support the specified file(s)
2026/07/09 21:02:28 Skipping revive as it doesn't support the specified file(s)
2026/07/09 21:02:28 Running tools for the specified file(s)...
2026/07/09 21:02:28 Running trivy...
2026-07-09T21:02:28+02:00 [INFO] (codacy-cli-v2/cmd/analyze.go:360) Config file found for tool toolConfigPath=.codacy/tools-configs/trivy.yaml tool=trivy
2026/07/09 21:02:28 Tool failed to run: failed to run Trivy: exit status 1
2026-07-09T21:03:00+02:00 [INFO] (codacy-cli-v2/cli-v2.go:27) Starting Codacy CLI version=1.0.0-main.380.sha.27e119a (27e119a) built at 2026-06-11T09:54:47Z
2026-07-09T21:03:00+02:00 [INFO] (codacy-cli-v2/cmd/root.go:34) Executing CLI command command=analyze full_command=[/Users/Andreas/Library/Caches/Codacy/codacy-cli-v2/1.0.0-main.380.sha.27e119a/codacy-cli-v2 analyze /Users/Andreas/Library/Application Support/Code/User/workspaceStorage/1996028959a2c86bb93333cd4591544d/GitHub.copilot-chat/chat-session-resources/6a5d1f47-cf50-45d7-88c7-9a8df350a6a4/call_ymGAVGXorpxKltyE6qVPcLAw__vscode-1783621035688/content.txt --format sarif] args=[/Users/Andreas/Library/Application Support/Code/User/workspaceStorage/1996028959a2c86bb93333cd4591544d/GitHub.copilot-chat/chat-session-resources/6a5d1f47-cf50-45d7-88c7-9a8df350a6a4/call_ymGAVGXorpxKltyE6qVPcLAw__vscode-1783621035688/content.txt]
2026/07/09 21:03:00 Running all configured tools...
2026/07/09 21:03:00 Skipping dartanalyzer as it doesn't support the specified file(s)
2026/07/09 21:03:00 Skipping eslint as it doesn't support the specified file(s)
2026/07/09 21:03:00 Skipping lizard as it doesn't support the specified file(s)
2026/07/09 21:03:00 Skipping opengrep as it doesn't support the specified file(s)
2026/07/09 21:03:00 Skipping pmd as it doesn't support the specified file(s)
2026/07/09 21:03:00 Skipping pylint as it doesn't support the specified file(s)
2026/07/09 21:03:00 Skipping revive as it doesn't support the specified file(s)
2026/07/09 21:03:00 Skipping trivy as it doesn't support the specified file(s)
2026/07/09 21:03:00 No tools support the specified file(s). Skipping analysis.
2026-07-09T21:04:25+02:00 [INFO] (codacy-cli-v2/cli-v2.go:27) Starting Codacy CLI version=1.0.0-main.380.sha.27e119a (27e119a) built at 2026-06-11T09:54:47Z
2026-07-09T21:04:25+02:00 [INFO] (codacy-cli-v2/cmd/root.go:34) Executing CLI command full_command=[/Users/Andreas/Library/Caches/Codacy/codacy-cli-v2/1.0.0-main.380.sha.27e119a/codacy-cli-v2 analyze /Users/Andreas/Library/Application Support/Code/User/workspaceStorage/1996028959a2c86bb93333cd4591544d/GitHub.copilot-chat/chat-session-resources/6a5d1f47-cf50-45d7-88c7-9a8df350a6a4/call_izpestf2yIHQzBR4ZNpOir0s__vscode-1783621035690/content.txt --format sarif] args=[/Users/Andreas/Library/Application Support/Code/User/workspaceStorage/1996028959a2c86bb93333cd4591544d/GitHub.copilot-chat/chat-session-resources/6a5d1f47-cf50-45d7-88c7-9a8df350a6a4/call_izpestf2yIHQzBR4ZNpOir0s__vscode-1783621035690/content.txt] command=analyze
2026/07/09 21:04:25 Running all configured tools...
2026/07/09 21:04:25 Skipping pmd as it doesn't support the specified file(s)
2026/07/09 21:04:25 Skipping pylint as it doesn't support the specified file(s)
2026/07/09 21:04:25 Skipping revive as it doesn't support the specified file(s)
2026/07/09 21:04:25 Skipping trivy as it doesn't support the specified file(s)
2026/07/09 21:04:25 Skipping dartanalyzer as it doesn't support the specified file(s)
2026/07/09 21:04:25 Skipping eslint as it doesn't support the specified file(s)
2026/07/09 21:04:25 Skipping lizard as it doesn't support the specified file(s)
2026/07/09 21:04:25 Skipping opengrep as it doesn't support the specified file(s)
2026/07/09 21:04:25 No tools support the specified file(s). Skipping analysis.
2026-07-09T21:05:15+02:00 [INFO] (codacy-cli-v2/cli-v2.go:27) Starting Codacy CLI version=1.0.0-main.380.sha.27e119a (27e119a) built at 2026-06-11T09:54:47Z
2026-07-09T21:05:15+02:00 [INFO] (codacy-cli-v2/cmd/root.go:34) Executing CLI command full_command=[/Users/Andreas/Library/Caches/Codacy/codacy-cli-v2/1.0.0-main.380.sha.27e119a/codacy-cli-v2 analyze /Users/Andreas/Library/Application Support/Code/User/mcp.json --format sarif] args=[/Users/Andreas/Library/Application Support/Code/User/mcp.json] command=analyze
2026/07/09 21:05:15 Running all configured tools...
2026/07/09 21:05:15 Skipping eslint as it doesn't support the specified file(s)
2026/07/09 21:05:15 Skipping lizard as it doesn't support the specified file(s)
2026/07/09 21:05:15 Skipping opengrep as it doesn't support the specified file(s)
2026/07/09 21:05:15 Skipping pmd as it doesn't support the specified file(s)
2026/07/09 21:05:15 Skipping pylint as it doesn't support the specified file(s)
2026/07/09 21:05:15 Skipping revive as it doesn't support the specified file(s)
2026/07/09 21:05:15 Skipping dartanalyzer as it doesn't support the specified file(s)
2026/07/09 21:05:15 Running tools for the specified file(s)...
2026/07/09 21:05:15 Running trivy...
2026-07-09T21:05:15+02:00 [INFO] (codacy-cli-v2/cmd/analyze.go:360) Config file found for tool toolConfigPath=.codacy/tools-configs/trivy.yaml tool=trivy
2026/07/09 21:05:15 Tool failed to run: failed to run Trivy: exit status 1
2026-07-09T21:05:17+02:00 [INFO] (codacy-cli-v2/cli-v2.go:27) Starting Codacy CLI version=1.0.0-main.380.sha.27e119a (27e119a) built at 2026-06-11T09:54:47Z
2026-07-09T21:05:17+02:00 [INFO] (codacy-cli-v2/cmd/root.go:34) Executing CLI command command=analyze full_command=[/Users/Andreas/Library/Caches/Codacy/codacy-cli-v2/1.0.0-main.380.sha.27e119a/codacy-cli-v2 analyze /Users/Andreas/GitHub/aither/.vscode/mcp.json --format sarif] args=[/Users/Andreas/GitHub/aither/.vscode/mcp.json]
2026/07/09 21:05:17 Running all configured tools...
2026/07/09 21:05:17 Skipping pmd as it doesn't support the specified file(s)
2026/07/09 21:05:17 Skipping pylint as it doesn't support the specified file(s)
2026/07/09 21:05:17 Skipping revive as it doesn't support the specified file(s)
2026/07/09 21:05:17 Skipping dartanalyzer as it doesn't support the specified file(s)
2026/07/09 21:05:17 Skipping eslint as it doesn't support the specified file(s)
2026/07/09 21:05:17 Skipping lizard as it doesn't support the specified file(s)
2026/07/09 21:05:17 Skipping opengrep as it doesn't support the specified file(s)
2026/07/09 21:05:17 Running tools for the specified file(s)...
2026/07/09 21:05:17 Running trivy...
2026-07-09T21:05:17+02:00 [INFO] (codacy-cli-v2/cmd/analyze.go:360) Config file found for tool tool=trivy toolConfigPath=.codacy/tools-configs/trivy.yaml
2026/07/09 21:05:17 Tool failed to run: failed to run Trivy: exit status 1
2026-07-09T21:05:20+02:00 [INFO] (codacy-cli-v2/cli-v2.go:27) Starting Codacy CLI version=1.0.0-main.380.sha.27e119a (27e119a) built at 2026-06-11T09:54:47Z
2026-07-09T21:05:20+02:00 [INFO] (codacy-cli-v2/cmd/root.go:34) Executing CLI command args=[/Users/Andreas/GitHub/hemera/.vscode/mcp.json] command=analyze full_command=[/Users/Andreas/Library/Caches/Codacy/codacy-cli-v2/1.0.0-main.380.sha.27e119a/codacy-cli-v2 analyze /Users/Andreas/GitHub/hemera/.vscode/mcp.json --format sarif]
2026/07/09 21:05:20 Running all configured tools...
2026/07/09 21:05:20 Skipping pmd as it doesn't support the specified file(s)
2026/07/09 21:05:20 Skipping pylint as it doesn't support the specified file(s)
2026/07/09 21:05:20 Skipping revive as it doesn't support the specified file(s)
2026/07/09 21:05:20 Skipping dartanalyzer as it doesn't support the specified file(s)
2026/07/09 21:05:20 Skipping eslint as it doesn't support the specified file(s)
2026/07/09 21:05:20 Skipping lizard as it doesn't support the specified file(s)
2026/07/09 21:05:20 Skipping opengrep as it doesn't support the specified file(s)
2026/07/09 21:05:20 Running tools for the specified file(s)...
2026/07/09 21:05:20 Running trivy...
2026-07-09T21:05:20+02:00 [INFO] (codacy-cli-v2/cmd/analyze.go:360) Config file found for tool tool=trivy toolConfigPath=.codacy/tools-configs/trivy.yaml
2026/07/09 21:05:20 Tool failed to run: failed to run Trivy: exit status 1
2026-07-09T21:05:29+02:00 [INFO] (codacy-cli-v2/cli-v2.go:27) Starting Codacy CLI version=1.0.0-main.380.sha.27e119a (27e119a) built at 2026-06-11T09:54:47Z
2026-07-09T21:05:29+02:00 [INFO] (codacy-cli-v2/cmd/root.go:34) Executing CLI command command=analyze full_command=[/Users/Andreas/Library/Caches/Codacy/codacy-cli-v2/1.0.0-main.380.sha.27e119a/codacy-cli-v2 analyze /Users/Andreas/GitHub/thalassa/.vscode/mcp.json --format sarif] args=[/Users/Andreas/GitHub/thalassa/.vscode/mcp.json]
2026/07/09 21:05:29 Running all configured tools...
2026/07/09 21:05:29 Skipping dartanalyzer as it doesn't support the specified file(s)
2026/07/09 21:05:29 Skipping eslint as it doesn't support the specified file(s)
2026/07/09 21:05:29 Skipping lizard as it doesn't support the specified file(s)
2026/07/09 21:05:29 Skipping opengrep as it doesn't support the specified file(s)
2026/07/09 21:05:29 Skipping pmd as it doesn't support the specified file(s)
2026/07/09 21:05:29 Skipping pylint as it doesn't support the specified file(s)
2026/07/09 21:05:29 Skipping revive as it doesn't support the specified file(s)
2026/07/09 21:05:29 Running tools for the specified file(s)...
2026/07/09 21:05:29 Running trivy...
2026-07-09T21:05:29+02:00 [INFO] (codacy-cli-v2/cmd/analyze.go:360) Config file found for tool tool=trivy toolConfigPath=.codacy/tools-configs/trivy.yaml
2026/07/09 21:05:29 Tool failed to run: failed to run Trivy: exit status 1
2026-07-09T21:06:22+02:00 [INFO] (codacy-cli-v2/cli-v2.go:27) Starting Codacy CLI version=1.0.0-main.380.sha.27e119a (27e119a) built at 2026-06-11T09:54:47Z
2026-07-09T21:06:22+02:00 [INFO] (codacy-cli-v2/cmd/root.go:34) Executing CLI command command=analyze full_command=[/Users/Andreas/Library/Caches/Codacy/codacy-cli-v2/1.0.0-main.380.sha.27e119a/codacy-cli-v2 analyze /Users/Andreas/Library/Application Support/Code/User/workspaceStorage/1996028959a2c86bb93333cd4591544d/GitHub.copilot-chat/chat-session-resources/6a5d1f47-cf50-45d7-88c7-9a8df350a6a4/call_kHZfslY84yyeeBh5eN7JUTjU__vscode-1783621035696/content.txt --format sarif] args=[/Users/Andreas/Library/Application Support/Code/User/workspaceStorage/1996028959a2c86bb93333cd4591544d/GitHub.copilot-chat/chat-session-resources/6a5d1f47-cf50-45d7-88c7-9a8df350a6a4/call_kHZfslY84yyeeBh5eN7JUTjU__vscode-1783621035696/content.txt]
2026/07/09 21:06:22 Running all configured tools...
2026/07/09 21:06:22 Skipping dartanalyzer as it doesn't support the specified file(s)
2026/07/09 21:06:22 Skipping eslint as it doesn't support the specified file(s)
2026/07/09 21:06:22 Skipping lizard as it doesn't support the specified file(s)
2026/07/09 21:06:22 Skipping opengrep as it doesn't support the specified file(s)
2026/07/09 21:06:22 Skipping pmd as it doesn't support the specified file(s)
2026/07/09 21:06:22 Skipping pylint as it doesn't support the specified file(s)
2026/07/09 21:06:22 Skipping revive as it doesn't support the specified file(s)
2026/07/09 21:06:22 Skipping trivy as it doesn't support the specified file(s)
2026/07/09 21:06:22 No tools support the specified file(s). Skipping analysis.
2026-07-09T21:08:15+02:00 [INFO] (codacy-cli-v2/cli-v2.go:27) Starting Codacy CLI version=1.0.0-main.380.sha.27e119a (27e119a) built at 2026-06-11T09:54:47Z
2026-07-09T21:08:15+02:00 [INFO] (codacy-cli-v2/cmd/root.go:34) Executing CLI command full_command=[/Users/Andreas/Library/Caches/Codacy/codacy-cli-v2/1.0.0-main.380.sha.27e119a/codacy-cli-v2 analyze /Users/Andreas/Library/Application Support/Code/User/mcp.json --format sarif] args=[/Users/Andreas/Library/Application Support/Code/User/mcp.json] command=analyze
2026/07/09 21:08:15 Running all configured tools...
2026/07/09 21:08:15 Skipping eslint as it doesn't support the specified file(s)
2026/07/09 21:08:15 Skipping lizard as it doesn't support the specified file(s)
2026/07/09 21:08:15 Skipping opengrep as it doesn't support the specified file(s)
2026/07/09 21:08:15 Skipping pmd as it doesn't support the specified file(s)
2026/07/09 21:08:15 Skipping pylint as it doesn't support the specified file(s)
2026/07/09 21:08:15 Skipping revive as it doesn't support the specified file(s)
2026/07/09 21:08:15 Skipping dartanalyzer as it doesn't support the specified file(s)
2026/07/09 21:08:15 Running tools for the specified file(s)...
2026/07/09 21:08:15 Running trivy...
2026-07-09T21:08:15+02:00 [INFO] (codacy-cli-v2/cmd/analyze.go:360) Config file found for tool toolConfigPath=.codacy/tools-configs/trivy.yaml tool=trivy
2026/07/09 21:08:16 Tool failed to run: failed to run Trivy: exit status 1
2026-07-09T21:08:18+02:00 [INFO] (codacy-cli-v2/cli-v2.go:27) Starting Codacy CLI version=1.0.0-main.380.sha.27e119a (27e119a) built at 2026-06-11T09:54:47Z
2026-07-09T21:08:18+02:00 [INFO] (codacy-cli-v2/cmd/root.go:34) Executing CLI command command=analyze full_command=[/Users/Andreas/Library/Caches/Codacy/codacy-cli-v2/1.0.0-main.380.sha.27e119a/codacy-cli-v2 analyze /Users/Andreas/GitHub/aither/.vscode/mcp.json --format sarif] args=[/Users/Andreas/GitHub/aither/.vscode/mcp.json]
2026/07/09 21:08:18 Running all configured tools...
2026/07/09 21:08:18 Skipping dartanalyzer as it doesn't support the specified file(s)
2026/07/09 21:08:18 Skipping eslint as it doesn't support the specified file(s)
2026/07/09 21:08:18 Skipping lizard as it doesn't support the specified file(s)
2026/07/09 21:08:18 Skipping opengrep as it doesn't support the specified file(s)
2026/07/09 21:08:18 Skipping pmd as it doesn't support the specified file(s)
2026/07/09 21:08:18 Skipping pylint as it doesn't support the specified file(s)
2026/07/09 21:08:18 Skipping revive as it doesn't support the specified file(s)
2026/07/09 21:08:18 Running tools for the specified file(s)...
2026/07/09 21:08:18 Running trivy...
2026-07-09T21:08:18+02:00 [INFO] (codacy-cli-v2/cmd/analyze.go:360) Config file found for tool tool=trivy toolConfigPath=.codacy/tools-configs/trivy.yaml
2026/07/09 21:08:18 Tool failed to run: failed to run Trivy: exit status 1
2026-07-09T21:08:21+02:00 [INFO] (codacy-cli-v2/cli-v2.go:27) Starting Codacy CLI version=1.0.0-main.380.sha.27e119a (27e119a) built at 2026-06-11T09:54:47Z
2026-07-09T21:08:21+02:00 [INFO] (codacy-cli-v2/cmd/root.go:34) Executing CLI command command=analyze full_command=[/Users/Andreas/Library/Caches/Codacy/codacy-cli-v2/1.0.0-main.380.sha.27e119a/codacy-cli-v2 analyze /Users/Andreas/GitHub/hemera/.vscode/mcp.json --format sarif] args=[/Users/Andreas/GitHub/hemera/.vscode/mcp.json]
2026/07/09 21:08:21 Running all configured tools...
2026/07/09 21:08:21 Skipping pmd as it doesn't support the specified file(s)
2026/07/09 21:08:21 Skipping pylint as it doesn't support the specified file(s)
2026/07/09 21:08:21 Skipping revive as it doesn't support the specified file(s)
2026/07/09 21:08:21 Skipping dartanalyzer as it doesn't support the specified file(s)
2026/07/09 21:08:21 Skipping eslint as it doesn't support the specified file(s)
2026/07/09 21:08:21 Skipping lizard as it doesn't support the specified file(s)
2026/07/09 21:08:21 Skipping opengrep as it doesn't support the specified file(s)
2026/07/09 21:08:21 Running tools for the specified file(s)...
2026/07/09 21:08:21 Running trivy...
2026-07-09T21:08:21+02:00 [INFO] (codacy-cli-v2/cmd/analyze.go:360) Config file found for tool toolConfigPath=.codacy/tools-configs/trivy.yaml tool=trivy
2026/07/09 21:08:21 Tool failed to run: failed to run Trivy: exit status 1
2026-07-09T21:08:29+02:00 [INFO] (codacy-cli-v2/cli-v2.go:27) Starting Codacy CLI version=1.0.0-main.380.sha.27e119a (27e119a) built at 2026-06-11T09:54:47Z
2026-07-09T21:08:29+02:00 [INFO] (codacy-cli-v2/cmd/root.go:34) Executing CLI command command=analyze full_command=[/Users/Andreas/Library/Caches/Codacy/codacy-cli-v2/1.0.0-main.380.sha.27e119a/codacy-cli-v2 analyze /Users/Andreas/GitHub/thalassa/.vscode/mcp.json --format sarif] args=[/Users/Andreas/GitHub/thalassa/.vscode/mcp.json]
2026/07/09 21:08:29 Running all configured tools...
2026/07/09 21:08:29 Skipping opengrep as it doesn't support the specified file(s)
2026/07/09 21:08:29 Skipping pmd as it doesn't support the specified file(s)
2026/07/09 21:08:29 Skipping pylint as it doesn't support the specified file(s)
2026/07/09 21:08:29 Skipping revive as it doesn't support the specified file(s)
2026/07/09 21:08:29 Skipping dartanalyzer as it doesn't support the specified file(s)
2026/07/09 21:08:29 Skipping eslint as it doesn't support the specified file(s)
2026/07/09 21:08:29 Skipping lizard as it doesn't support the specified file(s)
2026/07/09 21:08:29 Running tools for the specified file(s)...
2026/07/09 21:08:29 Running trivy...
2026-07-09T21:08:29+02:00 [INFO] (codacy-cli-v2/cmd/analyze.go:360) Config file found for tool tool=trivy toolConfigPath=.codacy/tools-configs/trivy.yaml
2026/07/09 21:08:30 Tool failed to run: failed to run Trivy: exit status 1
2026-07-09T21:09:23+02:00 [INFO] (codacy-cli-v2/cli-v2.go:27) Starting Codacy CLI version=1.0.0-main.380.sha.27e119a (27e119a) built at 2026-06-11T09:54:47Z
2026-07-09T21:09:23+02:00 [INFO] (codacy-cli-v2/cmd/root.go:34) Executing CLI command command=analyze full_command=[/Users/Andreas/Library/Caches/Codacy/codacy-cli-v2/1.0.0-main.380.sha.27e119a/codacy-cli-v2 analyze /Applications/Visual Studio Code.app/Contents/Resources/app/extensions/copilot/package.json --format sarif] args=[/Applications/Visual Studio Code.app/Contents/Resources/app/extensions/copilot/package.json]
2026/07/09 21:09:23 Running all configured tools...
2026/07/09 21:09:23 Skipping pylint as it doesn't support the specified file(s)
2026/07/09 21:09:23 Skipping revive as it doesn't support the specified file(s)
2026/07/09 21:09:23 Skipping dartanalyzer as it doesn't support the specified file(s)
2026/07/09 21:09:23 Skipping eslint as it doesn't support the specified file(s)
2026/07/09 21:09:23 Skipping lizard as it doesn't support the specified file(s)
2026/07/09 21:09:23 Skipping opengrep as it doesn't support the specified file(s)
2026/07/09 21:09:23 Skipping pmd as it doesn't support the specified file(s)
2026/07/09 21:09:23 Running tools for the specified file(s)...
2026/07/09 21:09:23 Running trivy...
2026-07-09T21:09:23+02:00 [INFO] (codacy-cli-v2/cmd/analyze.go:360) Config file found for tool toolConfigPath=.codacy/tools-configs/trivy.yaml tool=trivy
2026/07/09 21:09:24 Tool failed to run: failed to run Trivy: exit status 1
2026-07-09T21:09:46+02:00 [INFO] (codacy-cli-v2/cli-v2.go:27) Starting Codacy CLI version=1.0.0-main.380.sha.27e119a (27e119a) built at 2026-06-11T09:54:47Z
2026-07-09T21:09:46+02:00 [INFO] (codacy-cli-v2/cmd/root.go:34) Executing CLI command args=[/Users/Andreas/Library/Application Support/Code/User/workspaceStorage/1996028959a2c86bb93333cd4591544d/GitHub.copilot-chat/chat-session-resources/6a5d1f47-cf50-45d7-88c7-9a8df350a6a4/call_lwjrriLmaztB1PmGILGQyGWN__vscode-1783621035702/content.txt] command=analyze full_command=[/Users/Andreas/Library/Caches/Codacy/codacy-cli-v2/1.0.0-main.380.sha.27e119a/codacy-cli-v2 analyze /Users/Andreas/Library/Application Support/Code/User/workspaceStorage/1996028959a2c86bb93333cd4591544d/GitHub.copilot-chat/chat-session-resources/6a5d1f47-cf50-45d7-88c7-9a8df350a6a4/call_lwjrriLmaztB1PmGILGQyGWN__vscode-1783621035702/content.txt --format sarif]
2026/07/09 21:09:46 Running all configured tools...
2026/07/09 21:09:46 Skipping eslint as it doesn't support the specified file(s)
2026/07/09 21:09:46 Skipping lizard as it doesn't support the specified file(s)
2026/07/09 21:09:46 Skipping opengrep as it doesn't support the specified file(s)
2026/07/09 21:09:46 Skipping pmd as it doesn't support the specified file(s)
2026/07/09 21:09:46 Skipping pylint as it doesn't support the specified file(s)
2026/07/09 21:09:46 Skipping revive as it doesn't support the specified file(s)
2026/07/09 21:09:46 Skipping trivy as it doesn't support the specified file(s)
2026/07/09 21:09:46 Skipping dartanalyzer as it doesn't support the specified file(s)
2026/07/09 21:09:46 No tools support the specified file(s). Skipping analysis.
2026-07-09T21:11:16+02:00 [INFO] (codacy-cli-v2/cli-v2.go:27) Starting Codacy CLI version=1.0.0-main.380.sha.27e119a (27e119a) built at 2026-06-11T09:54:47Z
2026-07-09T21:11:16+02:00 [INFO] (codacy-cli-v2/cmd/root.go:34) Executing CLI command args=[/Users/Andreas/Library/Application Support/Code/User/mcp.json] command=analyze full_command=[/Users/Andreas/Library/Caches/Codacy/codacy-cli-v2/1.0.0-main.380.sha.27e119a/codacy-cli-v2 analyze /Users/Andreas/Library/Application Support/Code/User/mcp.json --format sarif]
2026/07/09 21:11:16 Running all configured tools...
2026/07/09 21:11:16 Skipping pmd as it doesn't support the specified file(s)
2026/07/09 21:11:16 Skipping pylint as it doesn't support the specified file(s)
2026/07/09 21:11:16 Skipping revive as it doesn't support the specified file(s)
2026/07/09 21:11:16 Skipping dartanalyzer as it doesn't support the specified file(s)
2026/07/09 21:11:16 Skipping eslint as it doesn't support the specified file(s)
2026/07/09 21:11:16 Skipping lizard as it doesn't support the specified file(s)
2026/07/09 21:11:16 Skipping opengrep as it doesn't support the specified file(s)
2026/07/09 21:11:16 Running tools for the specified file(s)...
2026/07/09 21:11:16 Running trivy...
2026-07-09T21:11:16+02:00 [INFO] (codacy-cli-v2/cmd/analyze.go:360) Config file found for tool toolConfigPath=.codacy/tools-configs/trivy.yaml tool=trivy
2026/07/09 21:11:16 Tool failed to run: failed to run Trivy: exit status 1
2026-07-09T21:11:19+02:00 [INFO] (codacy-cli-v2/cli-v2.go:27) Starting Codacy CLI version=1.0.0-main.380.sha.27e119a (27e119a) built at 2026-06-11T09:54:47Z
2026-07-09T21:11:19+02:00 [INFO] (codacy-cli-v2/cmd/root.go:34) Executing CLI command args=[/Users/Andreas/GitHub/aither/.vscode/mcp.json] command=analyze full_command=[/Users/Andreas/Library/Caches/Codacy/codacy-cli-v2/1.0.0-main.380.sha.27e119a/codacy-cli-v2 analyze /Users/Andreas/GitHub/aither/.vscode/mcp.json --format sarif]
2026/07/09 21:11:19 Running all configured tools...
2026/07/09 21:11:19 Skipping pmd as it doesn't support the specified file(s)
2026/07/09 21:11:19 Skipping pylint as it doesn't support the specified file(s)
2026/07/09 21:11:19 Skipping revive as it doesn't support the specified file(s)
2026/07/09 21:11:19 Skipping dartanalyzer as it doesn't support the specified file(s)
2026/07/09 21:11:19 Skipping eslint as it doesn't support the specified file(s)
2026/07/09 21:11:19 Skipping lizard as it doesn't support the specified file(s)
2026/07/09 21:11:19 Skipping opengrep as it doesn't support the specified file(s)
2026/07/09 21:11:19 Running tools for the specified file(s)...
2026/07/09 21:11:19 Running trivy...
2026-07-09T21:11:19+02:00 [INFO] (codacy-cli-v2/cmd/analyze.go:360) Config file found for tool tool=trivy toolConfigPath=.codacy/tools-configs/trivy.yaml
2026/07/09 21:11:19 Tool failed to run: failed to run Trivy: exit status 1
2026-07-09T21:11:22+02:00 [INFO] (codacy-cli-v2/cli-v2.go:27) Starting Codacy CLI version=1.0.0-main.380.sha.27e119a (27e119a) built at 2026-06-11T09:54:47Z
2026-07-09T21:11:22+02:00 [INFO] (codacy-cli-v2/cmd/root.go:34) Executing CLI command full_command=[/Users/Andreas/Library/Caches/Codacy/codacy-cli-v2/1.0.0-main.380.sha.27e119a/codacy-cli-v2 analyze /Users/Andreas/GitHub/hemera/.vscode/mcp.json --format sarif] args=[/Users/Andreas/GitHub/hemera/.vscode/mcp.json] command=analyze
2026/07/09 21:11:22 Running all configured tools...
2026/07/09 21:11:22 Skipping eslint as it doesn't support the specified file(s)
2026/07/09 21:11:22 Skipping lizard as it doesn't support the specified file(s)
2026/07/09 21:11:22 Skipping opengrep as it doesn't support the specified file(s)
2026/07/09 21:11:22 Skipping pmd as it doesn't support the specified file(s)
2026/07/09 21:11:22 Skipping pylint as it doesn't support the specified file(s)
2026/07/09 21:11:22 Skipping revive as it doesn't support the specified file(s)
2026/07/09 21:11:22 Skipping dartanalyzer as it doesn't support the specified file(s)
2026/07/09 21:11:22 Running tools for the specified file(s)...
2026/07/09 21:11:22 Running trivy...
2026-07-09T21:11:22+02:00 [INFO] (codacy-cli-v2/cmd/analyze.go:360) Config file found for tool tool=trivy toolConfigPath=.codacy/tools-configs/trivy.yaml
2026/07/09 21:11:22 Tool failed to run: failed to run Trivy: exit status 1
2026-07-09T21:11:31+02:00 [INFO] (codacy-cli-v2/cli-v2.go:27) Starting Codacy CLI version=1.0.0-main.380.sha.27e119a (27e119a) built at 2026-06-11T09:54:47Z
2026-07-09T21:11:31+02:00 [INFO] (codacy-cli-v2/cmd/root.go:34) Executing CLI command command=analyze full_command=[/Users/Andreas/Library/Caches/Codacy/codacy-cli-v2/1.0.0-main.380.sha.27e119a/codacy-cli-v2 analyze /Users/Andreas/GitHub/thalassa/.vscode/mcp.json --format sarif] args=[/Users/Andreas/GitHub/thalassa/.vscode/mcp.json]
2026/07/09 21:11:31 Running all configured tools...
2026/07/09 21:11:31 Skipping lizard as it doesn't support the specified file(s)
2026/07/09 21:11:31 Skipping opengrep as it doesn't support the specified file(s)
2026/07/09 21:11:31 Skipping pmd as it doesn't support the specified file(s)
2026/07/09 21:11:31 Skipping pylint as it doesn't support the specified file(s)
2026/07/09 21:11:31 Skipping revive as it doesn't support the specified file(s)
2026/07/09 21:11:31 Skipping dartanalyzer as it doesn't support the specified file(s)
2026/07/09 21:11:31 Skipping eslint as it doesn't support the specified file(s)
2026/07/09 21:11:31 Running tools for the specified file(s)...
2026/07/09 21:11:31 Running trivy...
2026-07-09T21:11:31+02:00 [INFO] (codacy-cli-v2/cmd/analyze.go:360) Config file found for tool tool=trivy toolConfigPath=.codacy/tools-configs/trivy.yaml
2026/07/09 21:11:31 Tool failed to run: failed to run Trivy: exit status 1
2026-07-09T21:13:10+02:00 [INFO] (codacy-cli-v2/cli-v2.go:27) Starting Codacy CLI version=1.0.0-main.380.sha.27e119a (27e119a) built at 2026-06-11T09:54:47Z
2026-07-09T21:13:10+02:00 [INFO] (codacy-cli-v2/cmd/root.go:34) Executing CLI command args=[/Users/Andreas/Library/Application Support/Code/User/chatLanguageModels.json] command=analyze full_command=[/Users/Andreas/Library/Caches/Codacy/codacy-cli-v2/1.0.0-main.380.sha.27e119a/codacy-cli-v2 analyze /Users/Andreas/Library/Application Support/Code/User/chatLanguageModels.json --format sarif]
2026/07/09 21:13:10 Running all configured tools...
2026/07/09 21:13:10 Skipping lizard as it doesn't support the specified file(s)
2026/07/09 21:13:10 Skipping opengrep as it doesn't support the specified file(s)
2026/07/09 21:13:10 Skipping pmd as it doesn't support the specified file(s)
2026/07/09 21:13:10 Skipping pylint as it doesn't support the specified file(s)
2026/07/09 21:13:10 Skipping revive as it doesn't support the specified file(s)
2026/07/09 21:13:10 Skipping dartanalyzer as it doesn't support the specified file(s)
2026/07/09 21:13:10 Skipping eslint as it doesn't support the specified file(s)
2026/07/09 21:13:10 Running tools for the specified file(s)...
2026/07/09 21:13:10 Running trivy...
2026-07-09T21:13:10+02:00 [INFO] (codacy-cli-v2/cmd/analyze.go:360) Config file found for tool tool=trivy toolConfigPath=.codacy/tools-configs/trivy.yaml
2026/07/09 21:13:11 Tool failed to run: failed to run Trivy: exit status 1
2026-07-09T21:41:58+02:00 [INFO] (codacy-cli-v2/cli-v2.go:27) Starting Codacy CLI version=1.0.0-main.380.sha.27e119a (27e119a) built at 2026-06-11T09:54:47Z
2026-07-09T21:41:58+02:00 [INFO] (codacy-cli-v2/cmd/root.go:34) Executing CLI command command=analyze full_command=[/Users/Andreas/Library/Caches/Codacy/codacy-cli-v2/1.0.0-main.380.sha.27e119a/codacy-cli-v2 analyze /Users/Andreas/GitHub/aither/.vscode/mcp.json --format sarif] args=[/Users/Andreas/GitHub/aither/.vscode/mcp.json]
2026/07/09 21:41:58 Running all configured tools...
2026/07/09 21:41:58 Skipping pylint as it doesn't support the specified file(s)
2026/07/09 21:41:58 Skipping revive as it doesn't support the specified file(s)
2026/07/09 21:41:58 Skipping dartanalyzer as it doesn't support the specified file(s)
2026/07/09 21:41:58 Skipping eslint as it doesn't support the specified file(s)
2026/07/09 21:41:58 Skipping lizard as it doesn't support the specified file(s)
2026/07/09 21:41:58 Skipping opengrep as it doesn't support the specified file(s)
2026/07/09 21:41:58 Skipping pmd as it doesn't support the specified file(s)
2026/07/09 21:41:58 Running tools for the specified file(s)...
2026/07/09 21:41:58 Running trivy...
2026-07-09T21:41:58+02:00 [INFO] (codacy-cli-v2/cmd/analyze.go:360) Config file found for tool tool=trivy toolConfigPath=.codacy/tools-configs/trivy.yaml
2026/07/09 21:41:59 Tool failed to run: failed to run Trivy: exit status 1
2026-07-09T21:46:31+02:00 [INFO] (codacy-cli-v2/cli-v2.go:27) Starting Codacy CLI version=1.0.0-main.380.sha.27e119a (27e119a) built at 2026-06-11T09:54:47Z
2026-07-09T21:46:31+02:00 [INFO] (codacy-cli-v2/cmd/root.go:34) Executing CLI command args=[/Users/Andreas/GitHub/gaia/.vscode/mcp.json] command=analyze full_command=[/Users/Andreas/Library/Caches/Codacy/codacy-cli-v2/1.0.0-main.380.sha.27e119a/codacy-cli-v2 analyze /Users/Andreas/GitHub/gaia/.vscode/mcp.json --format sarif]
2026/07/09 21:46:31 Running all configured tools...
2026/07/09 21:46:31 Skipping revive as it doesn't support the specified file(s)
2026/07/09 21:46:31 Skipping dartanalyzer as it doesn't support the specified file(s)
2026/07/09 21:46:31 Skipping eslint as it doesn't support the specified file(s)
2026/07/09 21:46:31 Skipping lizard as it doesn't support the specified file(s)
2026/07/09 21:46:31 Skipping opengrep as it doesn't support the specified file(s)
2026/07/09 21:46:31 Skipping pmd as it doesn't support the specified file(s)
2026/07/09 21:46:31 Skipping pylint as it doesn't support the specified file(s)
2026/07/09 21:46:31 Running tools for the specified file(s)...
2026/07/09 21:46:31 Running trivy...
2026-07-09T21:46:31+02:00 [INFO] (codacy-cli-v2/cmd/analyze.go:360) Config file found for tool tool=trivy toolConfigPath=.codacy/tools-configs/trivy.yaml
2026/07/09 21:46:31 Tool failed to run: failed to run Trivy: exit status 1
2026-07-09T21:59:34+02:00 [INFO] (codacy-cli-v2/cli-v2.go:27) Starting Codacy CLI version=1.0.0-main.380.sha.27e119a (27e119a) built at 2026-06-11T09:54:47Z
2026-07-09T21:59:34+02:00 [INFO] (codacy-cli-v2/cmd/root.go:34) Executing CLI command args=[/Users/Andreas/GitHub/aither/.vscode/mcp.json] command=analyze full_command=[/Users/Andreas/Library/Caches/Codacy/codacy-cli-v2/1.0.0-main.380.sha.27e119a/codacy-cli-v2 analyze /Users/Andreas/GitHub/aither/.vscode/mcp.json --format sarif]
2026/07/09 21:59:34 Running all configured tools...
2026/07/09 21:59:34 Skipping pylint as it doesn't support the specified file(s)
2026/07/09 21:59:34 Skipping revive as it doesn't support the specified file(s)
2026/07/09 21:59:34 Skipping dartanalyzer as it doesn't support the specified file(s)
2026/07/09 21:59:34 Skipping eslint as it doesn't support the specified file(s)
2026/07/09 21:59:34 Skipping lizard as it doesn't support the specified file(s)
2026/07/09 21:59:34 Skipping opengrep as it doesn't support the specified file(s)
2026/07/09 21:59:34 Skipping pmd as it doesn't support the specified file(s)
2026/07/09 21:59:34 Running tools for the specified file(s)...
2026/07/09 21:59:34 Running trivy...
2026-07-09T21:59:34+02:00 [INFO] (codacy-cli-v2/cmd/analyze.go:360) Config file found for tool tool=trivy toolConfigPath=.codacy/tools-configs/trivy.yaml
2026/07/09 21:59:34 Tool failed to run: failed to run Trivy: exit status 1
2026-07-09T22:00:16+02:00 [INFO] (codacy-cli-v2/cli-v2.go:27) Starting Codacy CLI version=1.0.0-main.380.sha.27e119a (27e119a) built at 2026-06-11T09:54:47Z
2026-07-09T22:00:16+02:00 [INFO] (codacy-cli-v2/cmd/root.go:34) Executing CLI command command=analyze full_command=[/Users/Andreas/Library/Caches/Codacy/codacy-cli-v2/1.0.0-main.380.sha.27e119a/codacy-cli-v2 analyze /Users/Andreas/GitHub/hemera/.vscode/mcp.json --format sarif] args=[/Users/Andreas/GitHub/hemera/.vscode/mcp.json]
2026/07/09 22:00:16 Running all configured tools...
2026/07/09 22:00:16 Skipping lizard as it doesn't support the specified file(s)
2026/07/09 22:00:16 Skipping opengrep as it doesn't support the specified file(s)
2026/07/09 22:00:16 Skipping pmd as it doesn't support the specified file(s)
2026/07/09 22:00:16 Skipping pylint as it doesn't support the specified file(s)
2026/07/09 22:00:16 Skipping revive as it doesn't support the specified file(s)
2026/07/09 22:00:16 Skipping dartanalyzer as it doesn't support the specified file(s)
2026/07/09 22:00:16 Skipping eslint as it doesn't support the specified file(s)
2026/07/09 22:00:16 Running tools for the specified file(s)...
2026/07/09 22:00:16 Running trivy...
2026-07-09T22:00:16+02:00 [INFO] (codacy-cli-v2/cmd/analyze.go:360) Config file found for tool toolConfigPath=.codacy/tools-configs/trivy.yaml tool=trivy
2026/07/09 22:00:17 Tool failed to run: failed to run Trivy: exit status 1
2026-07-09T22:00:59+02:00 [INFO] (codacy-cli-v2/cli-v2.go:27) Starting Codacy CLI version=1.0.0-main.380.sha.27e119a (27e119a) built at 2026-06-11T09:54:47Z
2026-07-09T22:00:59+02:00 [INFO] (codacy-cli-v2/cmd/root.go:34) Executing CLI command command=analyze full_command=[/Users/Andreas/Library/Caches/Codacy/codacy-cli-v2/1.0.0-main.380.sha.27e119a/codacy-cli-v2 analyze /Users/Andreas/GitHub/gaia/.vscode/mcp.json --format sarif] args=[/Users/Andreas/GitHub/gaia/.vscode/mcp.json]
2026/07/09 22:00:59 Running all configured tools...
2026/07/09 22:00:59 Skipping revive as it doesn't support the specified file(s)
2026/07/09 22:00:59 Skipping dartanalyzer as it doesn't support the specified file(s)
2026/07/09 22:00:59 Skipping eslint as it doesn't support the specified file(s)
2026/07/09 22:00:59 Skipping lizard as it doesn't support the specified file(s)
2026/07/09 22:00:59 Skipping opengrep as it doesn't support the specified file(s)
2026/07/09 22:00:59 Skipping pmd as it doesn't support the specified file(s)
2026/07/09 22:00:59 Skipping pylint as it doesn't support the specified file(s)
2026/07/09 22:00:59 Running tools for the specified file(s)...
2026/07/09 22:00:59 Running trivy...
2026-07-09T22:00:59+02:00 [INFO] (codacy-cli-v2/cmd/analyze.go:360) Config file found for tool tool=trivy toolConfigPath=.codacy/tools-configs/trivy.yaml
2026/07/09 22:01:00 Tool failed to run: failed to run Trivy: exit status 1
2026-07-09T23:15:03+02:00 [INFO] (codacy-cli-v2/cli-v2.go:27) Starting Codacy CLI version=1.0.0-main.380.sha.27e119a (27e119a) built at 2026-06-11T09:54:47Z
2026-07-09T23:15:03+02:00 [INFO] (codacy-cli-v2/cmd/root.go:34) Executing CLI command args=[/Users/Andreas/GitHub/aither/.vscode/mcp.json] command=analyze full_command=[/Users/Andreas/Library/Caches/Codacy/codacy-cli-v2/1.0.0-main.380.sha.27e119a/codacy-cli-v2 analyze /Users/Andreas/GitHub/aither/.vscode/mcp.json --format sarif]
2026/07/09 23:15:03 Running all configured tools...
2026/07/09 23:15:03 Skipping opengrep as it doesn't support the specified file(s)
2026/07/09 23:15:03 Skipping pmd as it doesn't support the specified file(s)
2026/07/09 23:15:03 Skipping pylint as it doesn't support the specified file(s)
2026/07/09 23:15:03 Skipping revive as it doesn't support the specified file(s)
2026/07/09 23:15:03 Skipping dartanalyzer as it doesn't support the specified file(s)
2026/07/09 23:15:03 Skipping eslint as it doesn't support the specified file(s)
2026/07/09 23:15:03 Skipping lizard as it doesn't support the specified file(s)
2026/07/09 23:15:03 Running tools for the specified file(s)...
2026/07/09 23:15:03 Running trivy...
2026-07-09T23:15:03+02:00 [INFO] (codacy-cli-v2/cmd/analyze.go:360) Config file found for tool tool=trivy toolConfigPath=.codacy/tools-configs/trivy.yaml
2026/07/09 23:15:04 Tool failed to run: failed to run Trivy: exit status 1
2026-07-10T00:15:51+02:00 [INFO] (codacy-cli-v2/cli-v2.go:27) Starting Codacy CLI version=1.0.0-main.380.sha.27e119a (27e119a) built at 2026-06-11T09:54:47Z
2026-07-10T00:15:51+02:00 [INFO] (codacy-cli-v2/cmd/root.go:34) Executing CLI command args=[/Users/Andreas/GitHub/hemera/.vscode/mcp.json] command=analyze full_command=[/Users/Andreas/Library/Caches/Codacy/codacy-cli-v2/1.0.0-main.380.sha.27e119a/codacy-cli-v2 analyze /Users/Andreas/GitHub/hemera/.vscode/mcp.json --format sarif]
2026/07/10 00:15:51 Running all configured tools...
2026/07/10 00:15:51 Skipping opengrep as it doesn't support the specified file(s)
2026/07/10 00:15:51 Skipping pmd as it doesn't support the specified file(s)
2026/07/10 00:15:51 Skipping pylint as it doesn't support the specified file(s)
2026/07/10 00:15:51 Skipping revive as it doesn't support the specified file(s)
2026/07/10 00:15:51 Skipping dartanalyzer as it doesn't support the specified file(s)
2026/07/10 00:15:51 Skipping eslint as it doesn't support the specified file(s)
2026/07/10 00:15:51 Skipping lizard as it doesn't support the specified file(s)
2026/07/10 00:15:51 Running tools for the specified file(s)...
2026/07/10 00:15:51 Running trivy...
2026-07-10T00:15:51+02:00 [INFO] (codacy-cli-v2/cmd/analyze.go:360) Config file found for tool tool=trivy toolConfigPath=.codacy/tools-configs/trivy.yaml
2026/07/10 00:15:52 Tool failed to run: failed to run Trivy: exit status 1
2026-07-10T01:16:03+02:00 [INFO] (codacy-cli-v2/cli-v2.go:27) Starting Codacy CLI version=1.0.0-main.380.sha.27e119a (27e119a) built at 2026-06-11T09:54:47Z
2026-07-10T01:16:03+02:00 [INFO] (codacy-cli-v2/cmd/root.go:34) Executing CLI command full_command=[/Users/Andreas/Library/Caches/Codacy/codacy-cli-v2/1.0.0-main.380.sha.27e119a/codacy-cli-v2 analyze /Users/Andreas/GitHub/gaia/.vscode/mcp.json --format sarif] args=[/Users/Andreas/GitHub/gaia/.vscode/mcp.json] command=analyze
2026/07/10 01:16:03 Running all configured tools...
2026/07/10 01:16:03 Skipping eslint as it doesn't support the specified file(s)
2026/07/10 01:16:03 Skipping lizard as it doesn't support the specified file(s)
2026/07/10 01:16:03 Skipping opengrep as it doesn't support the specified file(s)
2026/07/10 01:16:03 Skipping pmd as it doesn't support the specified file(s)
2026/07/10 01:16:03 Skipping pylint as it doesn't support the specified file(s)
2026/07/10 01:16:03 Skipping revive as it doesn't support the specified file(s)
2026/07/10 01:16:03 Skipping dartanalyzer as it doesn't support the specified file(s)
2026/07/10 01:16:03 Running tools for the specified file(s)...
2026/07/10 01:16:03 Running trivy...
2026-07-10T01:16:03+02:00 [INFO] (codacy-cli-v2/cmd/analyze.go:360) Config file found for tool tool=trivy toolConfigPath=.codacy/tools-configs/trivy.yaml
2026/07/10 01:16:04 Tool failed to run: failed to run Trivy: exit status 1
2026-07-10T02:41:33+02:00 [INFO] (codacy-cli-v2/cli-v2.go:27) Starting Codacy CLI version=1.0.0-main.380.sha.27e119a (27e119a) built at 2026-06-11T09:54:47Z
2026-07-10T02:41:33+02:00 [INFO] (codacy-cli-v2/cmd/root.go:34) Executing CLI command full_command=[/Users/Andreas/Library/Caches/Codacy/codacy-cli-v2/1.0.0-main.380.sha.27e119a/codacy-cli-v2 analyze /Users/Andreas/Library/Application Support/Code/User/mcp.json --format sarif] args=[/Users/Andreas/Library/Application Support/Code/User/mcp.json] command=analyze
2026/07/10 02:41:33 Running all configured tools...
2026/07/10 02:41:33 Skipping revive as it doesn't support the specified file(s)
2026/07/10 02:41:33 Skipping dartanalyzer as it doesn't support the specified file(s)
2026/07/10 02:41:33 Skipping eslint as it doesn't support the specified file(s)
2026/07/10 02:41:33 Skipping lizard as it doesn't support the specified file(s)
2026/07/10 02:41:33 Skipping opengrep as it doesn't support the specified file(s)
2026/07/10 02:41:33 Skipping pmd as it doesn't support the specified file(s)
2026/07/10 02:41:33 Skipping pylint as it doesn't support the specified file(s)
2026/07/10 02:41:33 Running tools for the specified file(s)...
2026/07/10 02:41:33 Running trivy...
2026-07-10T02:41:33+02:00 [INFO] (codacy-cli-v2/cmd/analyze.go:360) Config file found for tool tool=trivy toolConfigPath=.codacy/tools-configs/trivy.yaml
2026/07/10 02:41:34 Tool failed to run: failed to run Trivy: exit status 1
2026-07-10T03:14:17+02:00 [INFO] (codacy-cli-v2/cli-v2.go:27) Starting Codacy CLI version=1.0.0-main.380.sha.27e119a (27e119a) built at 2026-06-11T09:54:47Z
2026-07-10T03:14:17+02:00 [INFO] (codacy-cli-v2/cmd/root.go:34) Executing CLI command command=analyze full_command=[/Users/Andreas/Library/Caches/Codacy/codacy-cli-v2/1.0.0-main.380.sha.27e119a/codacy-cli-v2 analyze /Users/Andreas/GitHub/aither/.vscode/mcp.json --format sarif] args=[/Users/Andreas/GitHub/aither/.vscode/mcp.json]
2026/07/10 03:14:17 Running all configured tools...
2026/07/10 03:14:17 Skipping dartanalyzer as it doesn't support the specified file(s)
2026/07/10 03:14:17 Skipping eslint as it doesn't support the specified file(s)
2026/07/10 03:14:17 Skipping lizard as it doesn't support the specified file(s)
2026/07/10 03:14:17 Skipping opengrep as it doesn't support the specified file(s)
2026/07/10 03:14:17 Skipping pmd as it doesn't support the specified file(s)
2026/07/10 03:14:17 Skipping pylint as it doesn't support the specified file(s)
2026/07/10 03:14:17 Skipping revive as it doesn't support the specified file(s)
2026/07/10 03:14:17 Running tools for the specified file(s)...
2026/07/10 03:14:17 Running trivy...
2026-07-10T03:14:17+02:00 [INFO] (codacy-cli-v2/cmd/analyze.go:360) Config file found for tool toolConfigPath=.codacy/tools-configs/trivy.yaml tool=trivy
2026/07/10 03:14:17 Tool failed to run: failed to run Trivy: exit status 1
2026-07-10T03:14:36+02:00 [INFO] (codacy-cli-v2/cli-v2.go:27) Starting Codacy CLI version=1.0.0-main.380.sha.27e119a (27e119a) built at 2026-06-11T09:54:47Z
2026-07-10T03:14:36+02:00 [INFO] (codacy-cli-v2/cmd/root.go:34) Executing CLI command command=analyze full_command=[/Users/Andreas/Library/Caches/Codacy/codacy-cli-v2/1.0.0-main.380.sha.27e119a/codacy-cli-v2 analyze /Users/Andreas/GitHub/hemera/.vscode/mcp.json --format sarif] args=[/Users/Andreas/GitHub/hemera/.vscode/mcp.json]
2026/07/10 03:14:36 Running all configured tools...
2026/07/10 03:14:36 Skipping lizard as it doesn't support the specified file(s)
2026/07/10 03:14:36 Skipping opengrep as it doesn't support the specified file(s)
2026/07/10 03:14:36 Skipping pmd as it doesn't support the specified file(s)
2026/07/10 03:14:36 Skipping pylint as it doesn't support the specified file(s)
2026/07/10 03:14:36 Skipping revive as it doesn't support the specified file(s)
2026/07/10 03:14:36 Skipping dartanalyzer as it doesn't support the specified file(s)
2026/07/10 03:14:36 Skipping eslint as it doesn't support the specified file(s)
2026/07/10 03:14:36 Running tools for the specified file(s)...
2026/07/10 03:14:36 Running trivy...
2026-07-10T03:14:36+02:00 [INFO] (codacy-cli-v2/cmd/analyze.go:360) Config file found for tool tool=trivy toolConfigPath=.codacy/tools-configs/trivy.yaml
2026/07/10 03:14:37 Tool failed to run: failed to run Trivy: exit status 1
2026-07-10T03:36:15+02:00 [INFO] (codacy-cli-v2/cli-v2.go:27) Starting Codacy CLI version=1.0.0-main.380.sha.27e119a (27e119a) built at 2026-06-11T09:54:47Z
2026-07-10T03:36:15+02:00 [INFO] (codacy-cli-v2/cmd/root.go:34) Executing CLI command args=[/Users/Andreas/GitHub/thalassa/.vscode/mcp.json] command=analyze full_command=[/Users/Andreas/Library/Caches/Codacy/codacy-cli-v2/1.0.0-main.380.sha.27e119a/codacy-cli-v2 analyze /Users/Andreas/GitHub/thalassa/.vscode/mcp.json --format sarif]
2026/07/10 03:36:15 Running all configured tools...
2026/07/10 03:36:15 Skipping dartanalyzer as it doesn't support the specified file(s)
2026/07/10 03:36:15 Skipping eslint as it doesn't support the specified file(s)
2026/07/10 03:36:15 Skipping lizard as it doesn't support the specified file(s)
2026/07/10 03:36:15 Skipping opengrep as it doesn't support the specified file(s)
2026/07/10 03:36:15 Skipping pmd as it doesn't support the specified file(s)
2026/07/10 03:36:15 Skipping pylint as it doesn't support the specified file(s)
2026/07/10 03:36:15 Skipping revive as it doesn't support the specified file(s)
2026/07/10 03:36:15 Running tools for the specified file(s)...
2026/07/10 03:36:15 Running trivy...
2026-07-10T03:36:15+02:00 [INFO] (codacy-cli-v2/cmd/analyze.go:360) Config file found for tool toolConfigPath=.codacy/tools-configs/trivy.yaml tool=trivy
2026/07/10 03:36:16 Tool failed to run: failed to run Trivy: exit status 1
2026-07-10T04:06:07+02:00 [INFO] (codacy-cli-v2/cli-v2.go:27) Starting Codacy CLI version=1.0.0-main.380.sha.27e119a (27e119a) built at 2026-06-11T09:54:47Z
2026-07-10T04:06:07+02:00 [INFO] (codacy-cli-v2/cmd/root.go:34) Executing CLI command command=analyze full_command=[/Users/Andreas/Library/Caches/Codacy/codacy-cli-v2/1.0.0-main.380.sha.27e119a/codacy-cli-v2 analyze /Users/Andreas/GitHub/gaia/.vscode/mcp.json --format sarif] args=[/Users/Andreas/GitHub/gaia/.vscode/mcp.json]
2026/07/10 04:06:07 Running all configured tools...
2026/07/10 04:06:07 Skipping lizard as it doesn't support the specified file(s)
2026/07/10 04:06:07 Skipping opengrep as it doesn't support the specified file(s)
2026/07/10 04:06:07 Skipping pmd as it doesn't support the specified file(s)
2026/07/10 04:06:07 Skipping pylint as it doesn't support the specified file(s)
2026/07/10 04:06:07 Skipping revive as it doesn't support the specified file(s)
2026/07/10 04:06:07 Skipping dartanalyzer as it doesn't support the specified file(s)
2026/07/10 04:06:07 Skipping eslint as it doesn't support the specified file(s)
2026/07/10 04:06:07 Running tools for the specified file(s)...
2026/07/10 04:06:07 Running trivy...
2026-07-10T04:06:07+02:00 [INFO] (codacy-cli-v2/cmd/analyze.go:360) Config file found for tool tool=trivy toolConfigPath=.codacy/tools-configs/trivy.yaml
2026/07/10 04:06:08 Tool failed to run: failed to run Trivy: exit status 1
2026-07-10T04:06:42+02:00 [INFO] (codacy-cli-v2/cli-v2.go:27) Starting Codacy CLI version=1.0.0-main.380.sha.27e119a (27e119a) built at 2026-06-11T09:54:47Z
2026-07-10T04:06:42+02:00 [INFO] (codacy-cli-v2/cmd/root.go:34) Executing CLI command args=[/Users/Andreas/Library/Application Support/Code/User/mcp.json] command=analyze full_command=[/Users/Andreas/Library/Caches/Codacy/codacy-cli-v2/1.0.0-main.380.sha.27e119a/codacy-cli-v2 analyze /Users/Andreas/Library/Application Support/Code/User/mcp.json --format sarif]
2026/07/10 04:06:42 Running all configured tools...
2026/07/10 04:06:42 Skipping lizard as it doesn't support the specified file(s)
2026/07/10 04:06:42 Skipping opengrep as it doesn't support the specified file(s)
2026/07/10 04:06:42 Skipping pmd as it doesn't support the specified file(s)
2026/07/10 04:06:42 Skipping pylint as it doesn't support the specified file(s)
2026/07/10 04:06:42 Skipping revive as it doesn't support the specified file(s)
2026/07/10 04:06:42 Skipping dartanalyzer as it doesn't support the specified file(s)
2026/07/10 04:06:42 Skipping eslint as it doesn't support the specified file(s)
2026/07/10 04:06:42 Running tools for the specified file(s)...
2026/07/10 04:06:42 Running trivy...
2026-07-10T04:06:42+02:00 [INFO] (codacy-cli-v2/cmd/analyze.go:360) Config file found for tool tool=trivy toolConfigPath=.codacy/tools-configs/trivy.yaml
2026/07/10 04:06:43 Tool failed to run: failed to run Trivy: exit status 1
2026-07-10T05:43:31+02:00 [INFO] (codacy-cli-v2/cli-v2.go:27) Starting Codacy CLI version=1.0.0-main.380.sha.27e119a (27e119a) built at 2026-06-11T09:54:47Z
2026-07-10T05:43:31+02:00 [INFO] (codacy-cli-v2/cmd/root.go:34) Executing CLI command command=analyze full_command=[/Users/Andreas/Library/Caches/Codacy/codacy-cli-v2/1.0.0-main.380.sha.27e119a/codacy-cli-v2 analyze /Users/Andreas/GitHub/aither/.vscode/mcp.json --format sarif] args=[/Users/Andreas/GitHub/aither/.vscode/mcp.json]
2026/07/10 05:43:31 Running all configured tools...
2026/07/10 05:43:31 Skipping pmd as it doesn't support the specified file(s)
2026/07/10 05:43:31 Skipping pylint as it doesn't support the specified file(s)
2026/07/10 05:43:31 Skipping revive as it doesn't support the specified file(s)
2026/07/10 05:43:31 Skipping dartanalyzer as it doesn't support the specified file(s)
2026/07/10 05:43:31 Skipping eslint as it doesn't support the specified file(s)
2026/07/10 05:43:31 Skipping lizard as it doesn't support the specified file(s)
2026/07/10 05:43:31 Skipping opengrep as it doesn't support the specified file(s)
2026/07/10 05:43:31 Running tools for the specified file(s)...
2026/07/10 05:43:31 Running trivy...
2026-07-10T05:43:31+02:00 [INFO] (codacy-cli-v2/cmd/analyze.go:360) Config file found for tool tool=trivy toolConfigPath=.codacy/tools-configs/trivy.yaml
2026/07/10 05:43:33 Tool failed to run: failed to run Trivy: exit status 1
2026-07-10T06:30:17+02:00 [INFO] (codacy-cli-v2/cli-v2.go:27) Starting Codacy CLI version=1.0.0-main.380.sha.27e119a (27e119a) built at 2026-06-11T09:54:47Z
2026-07-10T06:30:17+02:00 [INFO] (codacy-cli-v2/cmd/root.go:34) Executing CLI command command=analyze full_command=[/Users/Andreas/Library/Caches/Codacy/codacy-cli-v2/1.0.0-main.380.sha.27e119a/codacy-cli-v2 analyze /Users/Andreas/GitHub/hemera/.vscode/mcp.json --format sarif] args=[/Users/Andreas/GitHub/hemera/.vscode/mcp.json]
2026/07/10 06:30:17 Running all configured tools...
2026/07/10 06:30:17 Skipping lizard as it doesn't support the specified file(s)
2026/07/10 06:30:17 Skipping opengrep as it doesn't support the specified file(s)
2026/07/10 06:30:17 Skipping pmd as it doesn't support the specified file(s)
2026/07/10 06:30:17 Skipping pylint as it doesn't support the specified file(s)
2026/07/10 06:30:17 Skipping revive as it doesn't support the specified file(s)
2026/07/10 06:30:17 Skipping dartanalyzer as it doesn't support the specified file(s)
2026/07/10 06:30:17 Skipping eslint as it doesn't support the specified file(s)
2026/07/10 06:30:17 Running tools for the specified file(s)...
2026/07/10 06:30:17 Running trivy...
2026-07-10T06:30:17+02:00 [INFO] (codacy-cli-v2/cmd/analyze.go:360) Config file found for tool toolConfigPath=.codacy/tools-configs/trivy.yaml tool=trivy
2026/07/10 06:30:18 Tool failed to run: failed to run Trivy: exit status 1
2026-07-10T06:52:44+02:00 [INFO] (codacy-cli-v2/cli-v2.go:27) Starting Codacy CLI version=1.0.0-main.380.sha.27e119a (27e119a) built at 2026-06-11T09:54:47Z
2026-07-10T06:52:44+02:00 [INFO] (codacy-cli-v2/cmd/root.go:34) Executing CLI command command=analyze full_command=[/Users/Andreas/Library/Caches/Codacy/codacy-cli-v2/1.0.0-main.380.sha.27e119a/codacy-cli-v2 analyze /Users/Andreas/GitHub/gaia/.vscode/mcp.json --format sarif] args=[/Users/Andreas/GitHub/gaia/.vscode/mcp.json]
2026/07/10 06:52:44 Running all configured tools...
2026/07/10 06:52:44 Skipping eslint as it doesn't support the specified file(s)
2026/07/10 06:52:44 Skipping lizard as it doesn't support the specified file(s)
2026/07/10 06:52:44 Skipping opengrep as it doesn't support the specified file(s)
2026/07/10 06:52:44 Skipping pmd as it doesn't support the specified file(s)
2026/07/10 06:52:44 Skipping pylint as it doesn't support the specified file(s)
2026/07/10 06:52:44 Skipping revive as it doesn't support the specified file(s)
2026/07/10 06:52:44 Skipping dartanalyzer as it doesn't support the specified file(s)
2026/07/10 06:52:44 Running tools for the specified file(s)...
2026/07/10 06:52:44 Running trivy...
2026-07-10T06:52:44+02:00 [INFO] (codacy-cli-v2/cmd/analyze.go:360) Config file found for tool tool=trivy toolConfigPath=.codacy/tools-configs/trivy.yaml
2026/07/10 06:52:45 Tool failed to run: failed to run Trivy: exit status 1
2026-07-10T07:07:45+02:00 [INFO] (codacy-cli-v2/cli-v2.go:27) Starting Codacy CLI version=1.0.0-main.380.sha.27e119a (27e119a) built at 2026-06-11T09:54:47Z
2026-07-10T07:07:45+02:00 [INFO] (codacy-cli-v2/cmd/root.go:34) Executing CLI command command=analyze full_command=[/Users/Andreas/Library/Caches/Codacy/codacy-cli-v2/1.0.0-main.380.sha.27e119a/codacy-cli-v2 analyze /Users/Andreas/GitHub/thalassa/.vscode/mcp.json --format sarif] args=[/Users/Andreas/GitHub/thalassa/.vscode/mcp.json]
2026/07/10 07:07:45 Running all configured tools...
2026/07/10 07:07:45 Skipping revive as it doesn't support the specified file(s)
2026/07/10 07:07:45 Skipping dartanalyzer as it doesn't support the specified file(s)
2026/07/10 07:07:45 Skipping eslint as it doesn't support the specified file(s)
2026/07/10 07:07:45 Skipping lizard as it doesn't support the specified file(s)
2026/07/10 07:07:45 Skipping opengrep as it doesn't support the specified file(s)
2026/07/10 07:07:45 Skipping pmd as it doesn't support the specified file(s)
2026/07/10 07:07:45 Skipping pylint as it doesn't support the specified file(s)
2026/07/10 07:07:45 Running tools for the specified file(s)...
2026/07/10 07:07:45 Running trivy...
2026-07-10T07:07:45+02:00 [INFO] (codacy-cli-v2/cmd/analyze.go:360) Config file found for tool toolConfigPath=.codacy/tools-configs/trivy.yaml tool=trivy
2026/07/10 07:07:45 Tool failed to run: failed to run Trivy: exit status 1
2026-07-10T08:08:50+02:00 [INFO] (codacy-cli-v2/cli-v2.go:27) Starting Codacy CLI version=1.0.0-main.380.sha.27e119a (27e119a) built at 2026-06-11T09:54:47Z
2026-07-10T08:08:50+02:00 [INFO] (codacy-cli-v2/cmd/root.go:34) Executing CLI command command=analyze full_command=[/Users/Andreas/Library/Caches/Codacy/codacy-cli-v2/1.0.0-main.380.sha.27e119a/codacy-cli-v2 analyze /Users/Andreas/GitHub/aither/.vscode/mcp.json --format sarif] args=[/Users/Andreas/GitHub/aither/.vscode/mcp.json]
2026/07/10 08:08:50 Running all configured tools...
2026/07/10 08:08:50 Skipping dartanalyzer as it doesn't support the specified file(s)
2026/07/10 08:08:50 Skipping eslint as it doesn't support the specified file(s)
2026/07/10 08:08:50 Skipping lizard as it doesn't support the specified file(s)
2026/07/10 08:08:50 Skipping opengrep as it doesn't support the specified file(s)
2026/07/10 08:08:50 Skipping pmd as it doesn't support the specified file(s)
2026/07/10 08:08:50 Skipping pylint as it doesn't support the specified file(s)
2026/07/10 08:08:50 Skipping revive as it doesn't support the specified file(s)
2026/07/10 08:08:50 Running tools for the specified file(s)...
2026/07/10 08:08:50 Running trivy...
2026-07-10T08:08:50+02:00 [INFO] (codacy-cli-v2/cmd/analyze.go:360) Config file found for tool tool=trivy toolConfigPath=.codacy/tools-configs/trivy.yaml
2026/07/10 08:08:50 Tool failed to run: failed to run Trivy: exit status 1
2026-07-10T08:30:46+02:00 [INFO] (codacy-cli-v2/cli-v2.go:27) Starting Codacy CLI version=1.0.0-main.380.sha.27e119a (27e119a) built at 2026-06-11T09:54:47Z
2026-07-10T08:30:46+02:00 [INFO] (codacy-cli-v2/cmd/root.go:34) Executing CLI command full_command=[/Users/Andreas/Library/Caches/Codacy/codacy-cli-v2/1.0.0-main.380.sha.27e119a/codacy-cli-v2 analyze /Users/Andreas/GitHub/hemera/.vscode/mcp.json --format sarif] args=[/Users/Andreas/GitHub/hemera/.vscode/mcp.json] command=analyze
2026/07/10 08:30:46 Running all configured tools...
2026/07/10 08:30:46 Skipping dartanalyzer as it doesn't support the specified file(s)
2026/07/10 08:30:46 Skipping eslint as it doesn't support the specified file(s)
2026/07/10 08:30:46 Skipping lizard as it doesn't support the specified file(s)
2026/07/10 08:30:46 Skipping opengrep as it doesn't support the specified file(s)
2026/07/10 08:30:46 Skipping pmd as it doesn't support the specified file(s)
2026/07/10 08:30:46 Skipping pylint as it doesn't support the specified file(s)
2026/07/10 08:30:46 Skipping revive as it doesn't support the specified file(s)
2026/07/10 08:30:46 Running tools for the specified file(s)...
2026/07/10 08:30:46 Running trivy...
2026-07-10T08:30:46+02:00 [INFO] (codacy-cli-v2/cmd/analyze.go:360) Config file found for tool tool=trivy toolConfigPath=.codacy/tools-configs/trivy.yaml
2026/07/10 08:30:47 Tool failed to run: failed to run Trivy: exit status 1
2026-07-10T09:10:09+02:00 [INFO] (codacy-cli-v2/cli-v2.go:27) Starting Codacy CLI version=1.0.0-main.380.sha.27e119a (27e119a) built at 2026-06-11T09:54:47Z
2026-07-10T09:10:09+02:00 [INFO] (codacy-cli-v2/cmd/root.go:34) Executing CLI command full_command=[/Users/Andreas/Library/Caches/Codacy/codacy-cli-v2/1.0.0-main.380.sha.27e119a/codacy-cli-v2 analyze /Users/Andreas/GitHub/thalassa/.vscode/mcp.json --format sarif] args=[/Users/Andreas/GitHub/thalassa/.vscode/mcp.json] command=analyze
2026/07/10 09:10:09 Running all configured tools...
2026/07/10 09:10:09 Skipping lizard as it doesn't support the specified file(s)
2026/07/10 09:10:09 Skipping opengrep as it doesn't support the specified file(s)
2026/07/10 09:10:09 Skipping pmd as it doesn't support the specified file(s)
2026/07/10 09:10:09 Skipping pylint as it doesn't support the specified file(s)
2026/07/10 09:10:09 Skipping revive as it doesn't support the specified file(s)
2026/07/10 09:10:09 Skipping dartanalyzer as it doesn't support the specified file(s)
2026/07/10 09:10:09 Skipping eslint as it doesn't support the specified file(s)
2026/07/10 09:10:09 Running tools for the specified file(s)...
2026/07/10 09:10:09 Running trivy...
2026-07-10T09:10:09+02:00 [INFO] (codacy-cli-v2/cmd/analyze.go:360) Config file found for tool tool=trivy toolConfigPath=.codacy/tools-configs/trivy.yaml
2026/07/10 09:10:10 Tool failed to run: failed to run Trivy: exit status 1
2026-07-10T10:04:30+02:00 [INFO] (codacy-cli-v2/cli-v2.go:27) Starting Codacy CLI version=1.0.0-main.380.sha.27e119a (27e119a) built at 2026-06-11T09:54:47Z
2026-07-10T10:04:30+02:00 [INFO] (codacy-cli-v2/cmd/root.go:34) Executing CLI command command=analyze full_command=[/Users/Andreas/Library/Caches/Codacy/codacy-cli-v2/1.0.0-main.380.sha.27e119a/codacy-cli-v2 analyze /Users/Andreas/GitHub/gaia/.vscode/mcp.json --format sarif] args=[/Users/Andreas/GitHub/gaia/.vscode/mcp.json]
2026/07/10 10:04:30 Running all configured tools...
2026/07/10 10:04:30 Skipping dartanalyzer as it doesn't support the specified file(s)
2026/07/10 10:04:30 Skipping eslint as it doesn't support the specified file(s)
2026/07/10 10:04:30 Skipping lizard as it doesn't support the specified file(s)
2026/07/10 10:04:30 Skipping opengrep as it doesn't support the specified file(s)
2026/07/10 10:04:30 Skipping pmd as it doesn't support the specified file(s)
2026/07/10 10:04:30 Skipping pylint as it doesn't support the specified file(s)
2026/07/10 10:04:30 Skipping revive as it doesn't support the specified file(s)
2026/07/10 10:04:30 Running tools for the specified file(s)...
2026/07/10 10:04:30 Running trivy...
2026-07-10T10:04:30+02:00 [INFO] (codacy-cli-v2/cmd/analyze.go:360) Config file found for tool toolConfigPath=.codacy/tools-configs/trivy.yaml tool=trivy
2026/07/10 10:04:32 Tool failed to run: failed to run Trivy: exit status 1
2026-07-10T10:05:12+02:00 [INFO] (codacy-cli-v2/cli-v2.go:27) Starting Codacy CLI version=1.0.0-main.380.sha.27e119a (27e119a) built at 2026-06-11T09:54:47Z
2026-07-10T10:05:12+02:00 [INFO] (codacy-cli-v2/cmd/root.go:34) Executing CLI command args=[/Users/Andreas/GitHub/hemera/.vscode/mcp.json] command=analyze full_command=[/Users/Andreas/Library/Caches/Codacy/codacy-cli-v2/1.0.0-main.380.sha.27e119a/codacy-cli-v2 analyze /Users/Andreas/GitHub/hemera/.vscode/mcp.json --format sarif]
2026/07/10 10:05:12 Running all configured tools...
2026/07/10 10:05:12 Skipping dartanalyzer as it doesn't support the specified file(s)
2026/07/10 10:05:12 Skipping eslint as it doesn't support the specified file(s)
2026/07/10 10:05:12 Skipping lizard as it doesn't support the specified file(s)
2026/07/10 10:05:12 Skipping opengrep as it doesn't support the specified file(s)
2026/07/10 10:05:12 Skipping pmd as it doesn't support the specified file(s)
2026/07/10 10:05:12 Skipping pylint as it doesn't support the specified file(s)
2026/07/10 10:05:12 Skipping revive as it doesn't support the specified file(s)
2026/07/10 10:05:12 Running tools for the specified file(s)...
2026/07/10 10:05:12 Running trivy...
2026-07-10T10:05:12+02:00 [INFO] (codacy-cli-v2/cmd/analyze.go:360) Config file found for tool toolConfigPath=.codacy/tools-configs/trivy.yaml tool=trivy
2026/07/10 10:05:12 Tool failed to run: failed to run Trivy: exit status 1
2026-07-10T10:10:33+02:00 [INFO] (codacy-cli-v2/cli-v2.go:27) Starting Codacy CLI version=1.0.0-main.380.sha.27e119a (27e119a) built at 2026-06-11T09:54:47Z
2026-07-10T10:10:33+02:00 [INFO] (codacy-cli-v2/cmd/root.go:34) Executing CLI command command=analyze full_command=[/Users/Andreas/Library/Caches/Codacy/codacy-cli-v2/1.0.0-main.380.sha.27e119a/codacy-cli-v2 analyze /Users/Andreas/Library/Application Support/Code/User/mcp.json --format sarif] args=[/Users/Andreas/Library/Application Support/Code/User/mcp.json]
2026/07/10 10:10:33 Running all configured tools...
2026/07/10 10:10:33 Skipping revive as it doesn't support the specified file(s)
2026/07/10 10:10:33 Skipping dartanalyzer as it doesn't support the specified file(s)
2026/07/10 10:10:33 Skipping eslint as it doesn't support the specified file(s)
2026/07/10 10:10:33 Skipping lizard as it doesn't support the specified file(s)
2026/07/10 10:10:33 Skipping opengrep as it doesn't support the specified file(s)
2026/07/10 10:10:33 Skipping pmd as it doesn't support the specified file(s)
2026/07/10 10:10:33 Skipping pylint as it doesn't support the specified file(s)
2026/07/10 10:10:33 Running tools for the specified file(s)...
2026/07/10 10:10:33 Running trivy...
2026-07-10T10:10:33+02:00 [INFO] (codacy-cli-v2/cmd/analyze.go:360) Config file found for tool tool=trivy toolConfigPath=.codacy/tools-configs/trivy.yaml
2026/07/10 10:10:34 Tool failed to run: failed to run Trivy: exit status 1
2026-07-10T10:30:09+02:00 [INFO] (codacy-cli-v2/cli-v2.go:27) Starting Codacy CLI version=1.0.0-main.380.sha.27e119a (27e119a) built at 2026-06-11T09:54:47Z
2026-07-10T10:30:09+02:00 [INFO] (codacy-cli-v2/cmd/root.go:34) Executing CLI command command=analyze full_command=[/Users/Andreas/Library/Caches/Codacy/codacy-cli-v2/1.0.0-main.380.sha.27e119a/codacy-cli-v2 analyze /Users/Andreas/GitHub/aither/.vscode/mcp.json --format sarif] args=[/Users/Andreas/GitHub/aither/.vscode/mcp.json]
2026/07/10 10:30:09 Running all configured tools...
2026/07/10 10:30:09 Skipping pylint as it doesn't support the specified file(s)
2026/07/10 10:30:09 Skipping revive as it doesn't support the specified file(s)
2026/07/10 10:30:09 Skipping dartanalyzer as it doesn't support the specified file(s)
2026/07/10 10:30:09 Skipping eslint as it doesn't support the specified file(s)
2026/07/10 10:30:09 Skipping lizard as it doesn't support the specified file(s)
2026/07/10 10:30:09 Skipping opengrep as it doesn't support the specified file(s)
2026/07/10 10:30:09 Skipping pmd as it doesn't support the specified file(s)
2026/07/10 10:30:09 Running tools for the specified file(s)...
2026/07/10 10:30:09 Running trivy...
2026-07-10T10:30:09+02:00 [INFO] (codacy-cli-v2/cmd/analyze.go:360) Config file found for tool tool=trivy toolConfigPath=.codacy/tools-configs/trivy.yaml
2026/07/10 10:30:10 Tool failed to run: failed to run Trivy: exit status 1
2026-07-10T10:46:57+02:00 [INFO] (codacy-cli-v2/cli-v2.go:27) Starting Codacy CLI version=1.0.0-main.380.sha.27e119a (27e119a) built at 2026-06-11T09:54:47Z
2026-07-10T10:46:57+02:00 [INFO] (codacy-cli-v2/cmd/root.go:34) Executing CLI command command=analyze full_command=[/Users/Andreas/Library/Caches/Codacy/codacy-cli-v2/1.0.0-main.380.sha.27e119a/codacy-cli-v2 analyze /Users/Andreas/GitHub/hemera/.vscode/mcp.json --format sarif] args=[/Users/Andreas/GitHub/hemera/.vscode/mcp.json]
2026/07/10 10:46:57 Running all configured tools...
2026/07/10 10:46:57 Skipping opengrep as it doesn't support the specified file(s)
2026/07/10 10:46:57 Skipping pmd as it doesn't support the specified file(s)
2026/07/10 10:46:57 Skipping pylint as it doesn't support the specified file(s)
2026/07/10 10:46:57 Skipping revive as it doesn't support the specified file(s)
2026/07/10 10:46:57 Skipping dartanalyzer as it doesn't support the specified file(s)
2026/07/10 10:46:57 Skipping eslint as it doesn't support the specified file(s)
2026/07/10 10:46:57 Skipping lizard as it doesn't support the specified file(s)
2026/07/10 10:46:57 Running tools for the specified file(s)...
2026/07/10 10:46:57 Running trivy...
2026-07-10T10:46:57+02:00 [INFO] (codacy-cli-v2/cmd/analyze.go:360) Config file found for tool tool=trivy toolConfigPath=.codacy/tools-configs/trivy.yaml
2026/07/10 10:51:06 Tool failed to run: failed to run Trivy: exit status 1
2026-07-10T11:00:15+02:00 [INFO] (codacy-cli-v2/cli-v2.go:27) Starting Codacy CLI version=1.0.0-main.380.sha.27e119a (27e119a) built at 2026-06-11T09:54:47Z
2026-07-10T11:00:15+02:00 [INFO] (codacy-cli-v2/cmd/root.go:34) Executing CLI command command=analyze full_command=[/Users/Andreas/Library/Caches/Codacy/codacy-cli-v2/1.0.0-main.380.sha.27e119a/codacy-cli-v2 analyze /Users/Andreas/Library/Application Support/Code/User/mcp.json --format sarif] args=[/Users/Andreas/Library/Application Support/Code/User/mcp.json]
2026/07/10 11:00:15 Running all configured tools...
2026/07/10 11:00:15 Skipping dartanalyzer as it doesn't support the specified file(s)
2026/07/10 11:00:15 Skipping eslint as it doesn't support the specified file(s)
2026/07/10 11:00:15 Skipping lizard as it doesn't support the specified file(s)
2026/07/10 11:00:15 Skipping opengrep as it doesn't support the specified file(s)
2026/07/10 11:00:15 Skipping pmd as it doesn't support the specified file(s)
2026/07/10 11:00:15 Skipping pylint as it doesn't support the specified file(s)
2026/07/10 11:00:15 Skipping revive as it doesn't support the specified file(s)
2026/07/10 11:00:15 Running tools for the specified file(s)...
2026/07/10 11:00:15 Running trivy...
2026-07-10T11:00:15+02:00 [INFO] (codacy-cli-v2/cmd/analyze.go:360) Config file found for tool toolConfigPath=.codacy/tools-configs/trivy.yaml tool=trivy
2026/07/10 11:00:15 Tool failed to run: failed to run Trivy: exit status 1
2026-07-10T11:47:58+02:00 [INFO] (codacy-cli-v2/cli-v2.go:27) Starting Codacy CLI version=1.0.0-main.380.sha.27e119a (27e119a) built at 2026-06-11T09:54:47Z
2026-07-10T11:47:58+02:00 [INFO] (codacy-cli-v2/cmd/root.go:34) Executing CLI command args=[/Users/Andreas/GitHub/aither/.vscode/mcp.json] command=analyze full_command=[/Users/Andreas/Library/Caches/Codacy/codacy-cli-v2/1.0.0-main.380.sha.27e119a/codacy-cli-v2 analyze /Users/Andreas/GitHub/aither/.vscode/mcp.json --format sarif]
2026/07/10 11:47:58 Running all configured tools...
2026/07/10 11:47:58 Skipping pmd as it doesn't support the specified file(s)
2026/07/10 11:47:58 Skipping pylint as it doesn't support the specified file(s)
2026/07/10 11:47:58 Skipping revive as it doesn't support the specified file(s)
2026/07/10 11:47:58 Skipping dartanalyzer as it doesn't support the specified file(s)
2026/07/10 11:47:58 Skipping eslint as it doesn't support the specified file(s)
2026/07/10 11:47:58 Skipping lizard as it doesn't support the specified file(s)
2026/07/10 11:47:58 Skipping opengrep as it doesn't support the specified file(s)
2026/07/10 11:47:58 Running tools for the specified file(s)...
2026/07/10 11:47:58 Running trivy...
2026-07-10T11:47:58+02:00 [INFO] (codacy-cli-v2/cmd/analyze.go:360) Config file found for tool toolConfigPath=.codacy/tools-configs/trivy.yaml tool=trivy
2026/07/10 11:47:59 Tool failed to run: failed to run Trivy: exit status 1
2026-07-10T11:50:19+02:00 [INFO] (codacy-cli-v2/cli-v2.go:27) Starting Codacy CLI version=1.0.0-main.380.sha.27e119a (27e119a) built at 2026-06-11T09:54:47Z
2026-07-10T11:50:19+02:00 [INFO] (codacy-cli-v2/cmd/root.go:34) Executing CLI command full_command=[/Users/Andreas/Library/Caches/Codacy/codacy-cli-v2/1.0.0-main.380.sha.27e119a/codacy-cli-v2 analyze /Users/Andreas/GitHub/gaia/.vscode/mcp.json --format sarif] args=[/Users/Andreas/GitHub/gaia/.vscode/mcp.json] command=analyze
2026/07/10 11:50:19 Running all configured tools...
2026/07/10 11:50:19 Skipping lizard as it doesn't support the specified file(s)
2026/07/10 11:50:19 Skipping opengrep as it doesn't support the specified file(s)
2026/07/10 11:50:19 Skipping pmd as it doesn't support the specified file(s)
2026/07/10 11:50:19 Skipping pylint as it doesn't support the specified file(s)
2026/07/10 11:50:19 Skipping revive as it doesn't support the specified file(s)
2026/07/10 11:50:19 Skipping dartanalyzer as it doesn't support the specified file(s)
2026/07/10 11:50:19 Skipping eslint as it doesn't support the specified file(s)
2026/07/10 11:50:19 Running tools for the specified file(s)...
2026/07/10 11:50:19 Running trivy...
2026-07-10T11:50:19+02:00 [INFO] (codacy-cli-v2/cmd/analyze.go:360) Config file found for tool tool=trivy toolConfigPath=.codacy/tools-configs/trivy.yaml
2026/07/10 11:50:20 Tool failed to run: failed to run Trivy: exit status 1
2026-07-10T11:52:05+02:00 [INFO] (codacy-cli-v2/cli-v2.go:27) Starting Codacy CLI version=1.0.0-main.380.sha.27e119a (27e119a) built at 2026-06-11T09:54:47Z
2026-07-10T11:52:05+02:00 [INFO] (codacy-cli-v2/cmd/root.go:34) Executing CLI command args=[/Users/Andreas/GitHub/thalassa/.vscode/mcp.json] command=analyze full_command=[/Users/Andreas/Library/Caches/Codacy/codacy-cli-v2/1.0.0-main.380.sha.27e119a/codacy-cli-v2 analyze /Users/Andreas/GitHub/thalassa/.vscode/mcp.json --format sarif]
2026/07/10 11:52:05 Running all configured tools...
2026/07/10 11:52:05 Skipping pylint as it doesn't support the specified file(s)
2026/07/10 11:52:05 Skipping revive as it doesn't support the specified file(s)
2026/07/10 11:52:05 Skipping dartanalyzer as it doesn't support the specified file(s)
2026/07/10 11:52:05 Skipping eslint as it doesn't support the specified file(s)
2026/07/10 11:52:05 Skipping lizard as it doesn't support the specified file(s)
2026/07/10 11:52:05 Skipping opengrep as it doesn't support the specified file(s)
2026/07/10 11:52:05 Skipping pmd as it doesn't support the specified file(s)
2026/07/10 11:52:05 Running tools for the specified file(s)...
2026/07/10 11:52:05 Running trivy...
2026-07-10T11:52:05+02:00 [INFO] (codacy-cli-v2/cmd/analyze.go:360) Config file found for tool tool=trivy toolConfigPath=.codacy/tools-configs/trivy.yaml
2026/07/10 11:52:06 Tool failed to run: failed to run Trivy: exit status 1
2026-07-10T12:13:11+02:00 [INFO] (codacy-cli-v2/cli-v2.go:27) Starting Codacy CLI version=1.0.0-main.380.sha.27e119a (27e119a) built at 2026-06-11T09:54:47Z
2026-07-10T12:13:11+02:00 [INFO] (codacy-cli-v2/cmd/root.go:34) Executing CLI command command=analyze full_command=[/Users/Andreas/Library/Caches/Codacy/codacy-cli-v2/1.0.0-main.380.sha.27e119a/codacy-cli-v2 analyze /Users/Andreas/GitHub/hemera/.vscode/mcp.json --format sarif] args=[/Users/Andreas/GitHub/hemera/.vscode/mcp.json]
2026/07/10 12:13:12 Running all configured tools...
2026/07/10 12:13:12 Skipping pylint as it doesn't support the specified file(s)
2026/07/10 12:13:12 Skipping revive as it doesn't support the specified file(s)
2026/07/10 12:13:12 Skipping dartanalyzer as it doesn't support the specified file(s)
2026/07/10 12:13:12 Skipping eslint as it doesn't support the specified file(s)
2026/07/10 12:13:12 Skipping lizard as it doesn't support the specified file(s)
2026/07/10 12:13:12 Skipping opengrep as it doesn't support the specified file(s)
2026/07/10 12:13:12 Skipping pmd as it doesn't support the specified file(s)
2026/07/10 12:13:12 Running tools for the specified file(s)...
2026/07/10 12:13:12 Running trivy...
2026-07-10T12:13:12+02:00 [INFO] (codacy-cli-v2/cmd/analyze.go:360) Config file found for tool toolConfigPath=.codacy/tools-configs/trivy.yaml tool=trivy
2026/07/10 12:13:12 Tool failed to run: failed to run Trivy: exit status 1
2026-07-10T13:24:05+02:00 [INFO] (codacy-cli-v2/cli-v2.go:27) Starting Codacy CLI version=1.0.0-main.380.sha.27e119a (27e119a) built at 2026-06-11T09:54:47Z
2026-07-10T13:24:05+02:00 [INFO] (codacy-cli-v2/cmd/root.go:34) Executing CLI command args=[/Users/Andreas/GitHub/thalassa/.vscode/mcp.json] command=analyze full_command=[/Users/Andreas/Library/Caches/Codacy/codacy-cli-v2/1.0.0-main.380.sha.27e119a/codacy-cli-v2 analyze /Users/Andreas/GitHub/thalassa/.vscode/mcp.json --format sarif]
2026/07/10 13:24:05 Running all configured tools...
2026/07/10 13:24:05 Skipping opengrep as it doesn't support the specified file(s)
2026/07/10 13:24:05 Skipping pmd as it doesn't support the specified file(s)
2026/07/10 13:24:05 Skipping pylint as it doesn't support the specified file(s)
2026/07/10 13:24:05 Skipping revive as it doesn't support the specified file(s)
2026/07/10 13:24:05 Skipping dartanalyzer as it doesn't support the specified file(s)
2026/07/10 13:24:05 Skipping eslint as it doesn't support the specified file(s)
2026/07/10 13:24:05 Skipping lizard as it doesn't support the specified file(s)
2026/07/10 13:24:05 Running tools for the specified file(s)...
2026/07/10 13:24:05 Running trivy...
2026-07-10T13:24:05+02:00 [INFO] (codacy-cli-v2/cmd/analyze.go:360) Config file found for tool tool=trivy toolConfigPath=.codacy/tools-configs/trivy.yaml
2026/07/10 13:24:07 Tool failed to run: failed to run Trivy: exit status 1
2026-07-10T13:24:55+02:00 [INFO] (codacy-cli-v2/cli-v2.go:27) Starting Codacy CLI version=1.0.0-main.380.sha.27e119a (27e119a) built at 2026-06-11T09:54:47Z
2026-07-10T13:24:55+02:00 [INFO] (codacy-cli-v2/cmd/root.go:34) Executing CLI command full_command=[/Users/Andreas/Library/Caches/Codacy/codacy-cli-v2/1.0.0-main.380.sha.27e119a/codacy-cli-v2 analyze /Users/Andreas/GitHub/aither/.vscode/mcp.json --format sarif] args=[/Users/Andreas/GitHub/aither/.vscode/mcp.json] command=analyze
2026/07/10 13:24:55 Running all configured tools...
2026/07/10 13:24:55 Skipping eslint as it doesn't support the specified file(s)
2026/07/10 13:24:55 Skipping lizard as it doesn't support the specified file(s)
2026/07/10 13:24:55 Skipping opengrep as it doesn't support the specified file(s)
2026/07/10 13:24:55 Skipping pmd as it doesn't support the specified file(s)
2026/07/10 13:24:55 Skipping pylint as it doesn't support the specified file(s)
2026/07/10 13:24:55 Skipping revive as it doesn't support the specified file(s)
2026/07/10 13:24:55 Skipping dartanalyzer as it doesn't support the specified file(s)
2026/07/10 13:24:55 Running tools for the specified file(s)...
2026/07/10 13:24:55 Running trivy...
2026-07-10T13:24:55+02:00 [INFO] (codacy-cli-v2/cmd/analyze.go:360) Config file found for tool toolConfigPath=.codacy/tools-configs/trivy.yaml tool=trivy
2026/07/10 13:24:55 Tool failed to run: failed to run Trivy: exit status 1
2026-07-10T13:27:02+02:00 [INFO] (codacy-cli-v2/cli-v2.go:27) Starting Codacy CLI version=1.0.0-main.380.sha.27e119a (27e119a) built at 2026-06-11T09:54:47Z
2026-07-10T13:27:02+02:00 [INFO] (codacy-cli-v2/cmd/root.go:34) Executing CLI command args=[/Users/Andreas/Library/Application Support/Code/User/mcp.json] command=analyze full_command=[/Users/Andreas/Library/Caches/Codacy/codacy-cli-v2/1.0.0-main.380.sha.27e119a/codacy-cli-v2 analyze /Users/Andreas/Library/Application Support/Code/User/mcp.json --format sarif]
2026/07/10 13:27:02 Running all configured tools...
2026/07/10 13:27:02 Skipping opengrep as it doesn't support the specified file(s)
2026/07/10 13:27:02 Skipping pmd as it doesn't support the specified file(s)
2026/07/10 13:27:02 Skipping pylint as it doesn't support the specified file(s)
2026/07/10 13:27:02 Skipping revive as it doesn't support the specified file(s)
2026/07/10 13:27:02 Skipping dartanalyzer as it doesn't support the specified file(s)
2026/07/10 13:27:02 Skipping eslint as it doesn't support the specified file(s)
2026/07/10 13:27:02 Skipping lizard as it doesn't support the specified file(s)
2026/07/10 13:27:02 Running tools for the specified file(s)...
2026/07/10 13:27:02 Running trivy...
2026-07-10T13:27:02+02:00 [INFO] (codacy-cli-v2/cmd/analyze.go:360) Config file found for tool tool=trivy toolConfigPath=.codacy/tools-configs/trivy.yaml
2026/07/10 13:27:03 Tool failed to run: failed to run Trivy: exit status 1
2026-07-10T13:27:06+02:00 [INFO] (codacy-cli-v2/cli-v2.go:27) Starting Codacy CLI version=1.0.0-main.380.sha.27e119a (27e119a) built at 2026-06-11T09:54:47Z
2026-07-10T13:27:06+02:00 [INFO] (codacy-cli-v2/cmd/root.go:34) Executing CLI command command=analyze full_command=[/Users/Andreas/Library/Caches/Codacy/codacy-cli-v2/1.0.0-main.380.sha.27e119a/codacy-cli-v2 analyze /Users/Andreas/GitHub/thalassa/.vscode/mcp.json --format sarif] args=[/Users/Andreas/GitHub/thalassa/.vscode/mcp.json]
2026/07/10 13:27:06 Running all configured tools...
2026/07/10 13:27:06 Skipping pylint as it doesn't support the specified file(s)
2026/07/10 13:27:06 Skipping revive as it doesn't support the specified file(s)
2026/07/10 13:27:06 Skipping dartanalyzer as it doesn't support the specified file(s)
2026/07/10 13:27:06 Skipping eslint as it doesn't support the specified file(s)
2026/07/10 13:27:06 Skipping lizard as it doesn't support the specified file(s)
2026/07/10 13:27:06 Skipping opengrep as it doesn't support the specified file(s)
2026/07/10 13:27:06 Skipping pmd as it doesn't support the specified file(s)
2026/07/10 13:27:06 Running tools for the specified file(s)...
2026/07/10 13:27:06 Running trivy...
2026-07-10T13:27:06+02:00 [INFO] (codacy-cli-v2/cmd/analyze.go:360) Config file found for tool tool=trivy toolConfigPath=.codacy/tools-configs/trivy.yaml
2026/07/10 13:27:07 Tool failed to run: failed to run Trivy: exit status 1
2026-07-10T13:27:55+02:00 [INFO] (codacy-cli-v2/cli-v2.go:27) Starting Codacy CLI version=1.0.0-main.380.sha.27e119a (27e119a) built at 2026-06-11T09:54:47Z
2026-07-10T13:27:55+02:00 [INFO] (codacy-cli-v2/cmd/root.go:34) Executing CLI command command=analyze full_command=[/Users/Andreas/Library/Caches/Codacy/codacy-cli-v2/1.0.0-main.380.sha.27e119a/codacy-cli-v2 analyze /Users/Andreas/GitHub/aither/.vscode/mcp.json --format sarif] args=[/Users/Andreas/GitHub/aither/.vscode/mcp.json]
2026/07/10 13:27:55 Running all configured tools...
2026/07/10 13:27:55 Skipping eslint as it doesn't support the specified file(s)
2026/07/10 13:27:55 Skipping lizard as it doesn't support the specified file(s)
2026/07/10 13:27:55 Skipping opengrep as it doesn't support the specified file(s)
2026/07/10 13:27:55 Skipping pmd as it doesn't support the specified file(s)
2026/07/10 13:27:55 Skipping pylint as it doesn't support the specified file(s)
2026/07/10 13:27:55 Skipping revive as it doesn't support the specified file(s)
2026/07/10 13:27:55 Skipping dartanalyzer as it doesn't support the specified file(s)
2026/07/10 13:27:55 Running tools for the specified file(s)...
2026/07/10 13:27:55 Running trivy...
2026-07-10T13:27:55+02:00 [INFO] (codacy-cli-v2/cmd/analyze.go:360) Config file found for tool toolConfigPath=.codacy/tools-configs/trivy.yaml tool=trivy
2026/07/10 13:27:56 Tool failed to run: failed to run Trivy: exit status 1
2026-07-10T13:30:03+02:00 [INFO] (codacy-cli-v2/cli-v2.go:27) Starting Codacy CLI version=1.0.0-main.380.sha.27e119a (27e119a) built at 2026-06-11T09:54:47Z
2026-07-10T13:30:03+02:00 [INFO] (codacy-cli-v2/cmd/root.go:34) Executing CLI command command=analyze full_command=[/Users/Andreas/Library/Caches/Codacy/codacy-cli-v2/1.0.0-main.380.sha.27e119a/codacy-cli-v2 analyze /Users/Andreas/Library/Application Support/Code/User/mcp.json --format sarif] args=[/Users/Andreas/Library/Application Support/Code/User/mcp.json]
2026/07/10 13:30:03 Running all configured tools...
2026/07/10 13:30:03 Skipping eslint as it doesn't support the specified file(s)
2026/07/10 13:30:03 Skipping lizard as it doesn't support the specified file(s)
2026/07/10 13:30:03 Skipping opengrep as it doesn't support the specified file(s)
2026/07/10 13:30:03 Skipping pmd as it doesn't support the specified file(s)
2026/07/10 13:30:03 Skipping pylint as it doesn't support the specified file(s)
2026/07/10 13:30:03 Skipping revive as it doesn't support the specified file(s)
2026/07/10 13:30:03 Skipping dartanalyzer as it doesn't support the specified file(s)
2026/07/10 13:30:03 Running tools for the specified file(s)...
2026/07/10 13:30:03 Running trivy...
2026-07-10T13:30:03+02:00 [INFO] (codacy-cli-v2/cmd/analyze.go:360) Config file found for tool tool=trivy toolConfigPath=.codacy/tools-configs/trivy.yaml
2026/07/10 13:30:04 Tool failed to run: failed to run Trivy: exit status 1
2026-07-10T13:30:08+02:00 [INFO] (codacy-cli-v2/cli-v2.go:27) Starting Codacy CLI version=1.0.0-main.380.sha.27e119a (27e119a) built at 2026-06-11T09:54:47Z
2026-07-10T13:30:08+02:00 [INFO] (codacy-cli-v2/cmd/root.go:34) Executing CLI command command=analyze full_command=[/Users/Andreas/Library/Caches/Codacy/codacy-cli-v2/1.0.0-main.380.sha.27e119a/codacy-cli-v2 analyze /Users/Andreas/GitHub/thalassa/.vscode/mcp.json --format sarif] args=[/Users/Andreas/GitHub/thalassa/.vscode/mcp.json]
2026/07/10 13:30:08 Running all configured tools...
2026/07/10 13:30:08 Skipping opengrep as it doesn't support the specified file(s)
2026/07/10 13:30:08 Skipping pmd as it doesn't support the specified file(s)
2026/07/10 13:30:08 Skipping pylint as it doesn't support the specified file(s)
2026/07/10 13:30:08 Skipping revive as it doesn't support the specified file(s)
2026/07/10 13:30:08 Skipping dartanalyzer as it doesn't support the specified file(s)
2026/07/10 13:30:08 Skipping eslint as it doesn't support the specified file(s)
2026/07/10 13:30:08 Skipping lizard as it doesn't support the specified file(s)
2026/07/10 13:30:08 Running tools for the specified file(s)...
2026/07/10 13:30:08 Running trivy...
2026-07-10T13:30:08+02:00 [INFO] (codacy-cli-v2/cmd/analyze.go:360) Config file found for tool tool=trivy toolConfigPath=.codacy/tools-configs/trivy.yaml
2026/07/10 13:30:09 Tool failed to run: failed to run Trivy: exit status 1
2026-07-10T13:30:57+02:00 [INFO] (codacy-cli-v2/cli-v2.go:27) Starting Codacy CLI version=1.0.0-main.380.sha.27e119a (27e119a) built at 2026-06-11T09:54:47Z
2026-07-10T13:30:57+02:00 [INFO] (codacy-cli-v2/cmd/root.go:34) Executing CLI command command=analyze full_command=[/Users/Andreas/Library/Caches/Codacy/codacy-cli-v2/1.0.0-main.380.sha.27e119a/codacy-cli-v2 analyze /Users/Andreas/GitHub/aither/.vscode/mcp.json --format sarif] args=[/Users/Andreas/GitHub/aither/.vscode/mcp.json]
2026/07/10 13:30:57 Running all configured tools...
2026/07/10 13:30:57 Skipping opengrep as it doesn't support the specified file(s)
2026/07/10 13:30:57 Skipping pmd as it doesn't support the specified file(s)
2026/07/10 13:30:57 Skipping pylint as it doesn't support the specified file(s)
2026/07/10 13:30:57 Skipping revive as it doesn't support the specified file(s)
2026/07/10 13:30:57 Skipping dartanalyzer as it doesn't support the specified file(s)
2026/07/10 13:30:57 Skipping eslint as it doesn't support the specified file(s)
2026/07/10 13:30:57 Skipping lizard as it doesn't support the specified file(s)
2026/07/10 13:30:57 Running tools for the specified file(s)...
2026/07/10 13:30:57 Running trivy...
2026-07-10T13:30:57+02:00 [INFO] (codacy-cli-v2/cmd/analyze.go:360) Config file found for tool tool=trivy toolConfigPath=.codacy/tools-configs/trivy.yaml
2026/07/10 13:30:57 Tool failed to run: failed to run Trivy: exit status 1
2026-07-10T13:33:03+02:00 [INFO] (codacy-cli-v2/cli-v2.go:27) Starting Codacy CLI version=1.0.0-main.380.sha.27e119a (27e119a) built at 2026-06-11T09:54:47Z
2026-07-10T13:33:03+02:00 [INFO] (codacy-cli-v2/cmd/root.go:34) Executing CLI command command=analyze full_command=[/Users/Andreas/Library/Caches/Codacy/codacy-cli-v2/1.0.0-main.380.sha.27e119a/codacy-cli-v2 analyze /Users/Andreas/Library/Application Support/Code/User/mcp.json --format sarif] args=[/Users/Andreas/Library/Application Support/Code/User/mcp.json]
2026/07/10 13:33:03 Running all configured tools...
2026/07/10 13:33:03 Skipping dartanalyzer as it doesn't support the specified file(s)
2026/07/10 13:33:03 Skipping eslint as it doesn't support the specified file(s)
2026/07/10 13:33:03 Skipping lizard as it doesn't support the specified file(s)
2026/07/10 13:33:03 Skipping opengrep as it doesn't support the specified file(s)
2026/07/10 13:33:03 Skipping pmd as it doesn't support the specified file(s)
2026/07/10 13:33:03 Skipping pylint as it doesn't support the specified file(s)
2026/07/10 13:33:03 Skipping revive as it doesn't support the specified file(s)
2026/07/10 13:33:03 Running tools for the specified file(s)...
2026/07/10 13:33:03 Running trivy...
2026-07-10T13:33:03+02:00 [INFO] (codacy-cli-v2/cmd/analyze.go:360) Config file found for tool tool=trivy toolConfigPath=.codacy/tools-configs/trivy.yaml
2026/07/10 13:33:04 Tool failed to run: failed to run Trivy: exit status 1
2026-07-10T13:33:09+02:00 [INFO] (codacy-cli-v2/cli-v2.go:27) Starting Codacy CLI version=1.0.0-main.380.sha.27e119a (27e119a) built at 2026-06-11T09:54:47Z
2026-07-10T13:33:09+02:00 [INFO] (codacy-cli-v2/cmd/root.go:34) Executing CLI command full_command=[/Users/Andreas/Library/Caches/Codacy/codacy-cli-v2/1.0.0-main.380.sha.27e119a/codacy-cli-v2 analyze /Users/Andreas/GitHub/thalassa/.vscode/mcp.json --format sarif] args=[/Users/Andreas/GitHub/thalassa/.vscode/mcp.json] command=analyze
2026/07/10 13:33:09 Running all configured tools...
2026/07/10 13:33:09 Skipping pmd as it doesn't support the specified file(s)
2026/07/10 13:33:09 Skipping pylint as it doesn't support the specified file(s)
2026/07/10 13:33:09 Skipping revive as it doesn't support the specified file(s)
2026/07/10 13:33:09 Skipping dartanalyzer as it doesn't support the specified file(s)
2026/07/10 13:33:09 Skipping eslint as it doesn't support the specified file(s)
2026/07/10 13:33:09 Skipping lizard as it doesn't support the specified file(s)
2026/07/10 13:33:09 Skipping opengrep as it doesn't support the specified file(s)
2026/07/10 13:33:09 Running tools for the specified file(s)...
2026/07/10 13:33:09 Running trivy...
2026-07-10T13:33:09+02:00 [INFO] (codacy-cli-v2/cmd/analyze.go:360) Config file found for tool tool=trivy toolConfigPath=.codacy/tools-configs/trivy.yaml
2026/07/10 13:33:09 Tool failed to run: failed to run Trivy: exit status 1
2026-07-10T13:33:57+02:00 [INFO] (codacy-cli-v2/cli-v2.go:27) Starting Codacy CLI version=1.0.0-main.380.sha.27e119a (27e119a) built at 2026-06-11T09:54:47Z
2026-07-10T13:33:57+02:00 [INFO] (codacy-cli-v2/cmd/root.go:34) Executing CLI command command=analyze full_command=[/Users/Andreas/Library/Caches/Codacy/codacy-cli-v2/1.0.0-main.380.sha.27e119a/codacy-cli-v2 analyze /Users/Andreas/GitHub/aither/.vscode/mcp.json --format sarif] args=[/Users/Andreas/GitHub/aither/.vscode/mcp.json]
2026/07/10 13:33:57 Running all configured tools...
2026/07/10 13:33:57 Skipping revive as it doesn't support the specified file(s)
2026/07/10 13:33:57 Skipping dartanalyzer as it doesn't support the specified file(s)
2026/07/10 13:33:57 Skipping eslint as it doesn't support the specified file(s)
2026/07/10 13:33:57 Skipping lizard as it doesn't support the specified file(s)
2026/07/10 13:33:57 Skipping opengrep as it doesn't support the specified file(s)
2026/07/10 13:33:57 Skipping pmd as it doesn't support the specified file(s)
2026/07/10 13:33:57 Skipping pylint as it doesn't support the specified file(s)
2026/07/10 13:33:57 Running tools for the specified file(s)...
2026/07/10 13:33:57 Running trivy...
2026-07-10T13:33:57+02:00 [INFO] (codacy-cli-v2/cmd/analyze.go:360) Config file found for tool tool=trivy toolConfigPath=.codacy/tools-configs/trivy.yaml
2026/07/10 13:33:58 Tool failed to run: failed to run Trivy: exit status 1
2026-07-10T13:36:04+02:00 [INFO] (codacy-cli-v2/cli-v2.go:27) Starting Codacy CLI version=1.0.0-main.380.sha.27e119a (27e119a) built at 2026-06-11T09:54:47Z
2026-07-10T13:36:04+02:00 [INFO] (codacy-cli-v2/cmd/root.go:34) Executing CLI command full_command=[/Users/Andreas/Library/Caches/Codacy/codacy-cli-v2/1.0.0-main.380.sha.27e119a/codacy-cli-v2 analyze /Users/Andreas/Library/Application Support/Code/User/mcp.json --format sarif] args=[/Users/Andreas/Library/Application Support/Code/User/mcp.json] command=analyze
2026/07/10 13:36:04 Running all configured tools...
2026/07/10 13:36:04 Skipping pylint as it doesn't support the specified file(s)
2026/07/10 13:36:04 Skipping revive as it doesn't support the specified file(s)
2026/07/10 13:36:04 Skipping dartanalyzer as it doesn't support the specified file(s)
2026/07/10 13:36:04 Skipping eslint as it doesn't support the specified file(s)
2026/07/10 13:36:04 Skipping lizard as it doesn't support the specified file(s)
2026/07/10 13:36:04 Skipping opengrep as it doesn't support the specified file(s)
2026/07/10 13:36:04 Skipping pmd as it doesn't support the specified file(s)
2026/07/10 13:36:04 Running tools for the specified file(s)...
2026/07/10 13:36:04 Running trivy...
2026-07-10T13:36:04+02:00 [INFO] (codacy-cli-v2/cmd/analyze.go:360) Config file found for tool toolConfigPath=.codacy/tools-configs/trivy.yaml tool=trivy
2026/07/10 13:36:06 Tool failed to run: failed to run Trivy: exit status 1
2026-07-10T13:36:10+02:00 [INFO] (codacy-cli-v2/cli-v2.go:27) Starting Codacy CLI version=1.0.0-main.380.sha.27e119a (27e119a) built at 2026-06-11T09:54:47Z
2026-07-10T13:36:10+02:00 [INFO] (codacy-cli-v2/cmd/root.go:34) Executing CLI command full_command=[/Users/Andreas/Library/Caches/Codacy/codacy-cli-v2/1.0.0-main.380.sha.27e119a/codacy-cli-v2 analyze /Users/Andreas/GitHub/thalassa/.vscode/mcp.json --format sarif] args=[/Users/Andreas/GitHub/thalassa/.vscode/mcp.json] command=analyze
2026/07/10 13:36:10 Running all configured tools...
2026/07/10 13:36:10 Skipping revive as it doesn't support the specified file(s)
2026/07/10 13:36:10 Skipping dartanalyzer as it doesn't support the specified file(s)
2026/07/10 13:36:10 Skipping eslint as it doesn't support the specified file(s)
2026/07/10 13:36:10 Skipping lizard as it doesn't support the specified file(s)
2026/07/10 13:36:10 Skipping opengrep as it doesn't support the specified file(s)
2026/07/10 13:36:10 Skipping pmd as it doesn't support the specified file(s)
2026/07/10 13:36:10 Skipping pylint as it doesn't support the specified file(s)
2026/07/10 13:36:10 Running tools for the specified file(s)...
2026/07/10 13:36:10 Running trivy...
2026-07-10T13:36:10+02:00 [INFO] (codacy-cli-v2/cmd/analyze.go:360) Config file found for tool tool=trivy toolConfigPath=.codacy/tools-configs/trivy.yaml
2026/07/10 13:36:11 Tool failed to run: failed to run Trivy: exit status 1
2026-07-10T13:36:59+02:00 [INFO] (codacy-cli-v2/cli-v2.go:27) Starting Codacy CLI version=1.0.0-main.380.sha.27e119a (27e119a) built at 2026-06-11T09:54:47Z
2026-07-10T13:36:59+02:00 [INFO] (codacy-cli-v2/cmd/root.go:34) Executing CLI command args=[/Users/Andreas/GitHub/aither/.vscode/mcp.json] command=analyze full_command=[/Users/Andreas/Library/Caches/Codacy/codacy-cli-v2/1.0.0-main.380.sha.27e119a/codacy-cli-v2 analyze /Users/Andreas/GitHub/aither/.vscode/mcp.json --format sarif]
2026/07/10 13:36:59 Running all configured tools...
2026/07/10 13:36:59 Skipping lizard as it doesn't support the specified file(s)
2026/07/10 13:36:59 Skipping opengrep as it doesn't support the specified file(s)
2026/07/10 13:36:59 Skipping pmd as it doesn't support the specified file(s)
2026/07/10 13:36:59 Skipping pylint as it doesn't support the specified file(s)
2026/07/10 13:36:59 Skipping revive as it doesn't support the specified file(s)
2026/07/10 13:36:59 Skipping dartanalyzer as it doesn't support the specified file(s)
2026/07/10 13:36:59 Skipping eslint as it doesn't support the specified file(s)
2026/07/10 13:36:59 Running tools for the specified file(s)...
2026/07/10 13:36:59 Running trivy...
2026-07-10T13:36:59+02:00 [INFO] (codacy-cli-v2/cmd/analyze.go:360) Config file found for tool tool=trivy toolConfigPath=.codacy/tools-configs/trivy.yaml
2026/07/10 13:37:00 Tool failed to run: failed to run Trivy: exit status 1
2026-07-10T13:39:05+02:00 [INFO] (codacy-cli-v2/cli-v2.go:27) Starting Codacy CLI version=1.0.0-main.380.sha.27e119a (27e119a) built at 2026-06-11T09:54:47Z
2026-07-10T13:39:05+02:00 [INFO] (codacy-cli-v2/cmd/root.go:34) Executing CLI command command=analyze full_command=[/Users/Andreas/Library/Caches/Codacy/codacy-cli-v2/1.0.0-main.380.sha.27e119a/codacy-cli-v2 analyze /Users/Andreas/Library/Application Support/Code/User/mcp.json --format sarif] args=[/Users/Andreas/Library/Application Support/Code/User/mcp.json]
2026/07/10 13:39:05 Running all configured tools...
2026/07/10 13:39:05 Skipping pmd as it doesn't support the specified file(s)
2026/07/10 13:39:05 Skipping pylint as it doesn't support the specified file(s)
2026/07/10 13:39:05 Skipping revive as it doesn't support the specified file(s)
2026/07/10 13:39:05 Skipping dartanalyzer as it doesn't support the specified file(s)
2026/07/10 13:39:05 Skipping eslint as it doesn't support the specified file(s)
2026/07/10 13:39:05 Skipping lizard as it doesn't support the specified file(s)
2026/07/10 13:39:05 Skipping opengrep as it doesn't support the specified file(s)
2026/07/10 13:39:05 Running tools for the specified file(s)...
2026/07/10 13:39:05 Running trivy...
2026-07-10T13:39:05+02:00 [INFO] (codacy-cli-v2/cmd/analyze.go:360) Config file found for tool tool=trivy toolConfigPath=.codacy/tools-configs/trivy.yaml
2026/07/10 13:39:07 Tool failed to run: failed to run Trivy: exit status 1
2026-07-10T13:39:11+02:00 [INFO] (codacy-cli-v2/cli-v2.go:27) Starting Codacy CLI version=1.0.0-main.380.sha.27e119a (27e119a) built at 2026-06-11T09:54:47Z
2026-07-10T13:39:11+02:00 [INFO] (codacy-cli-v2/cmd/root.go:34) Executing CLI command full_command=[/Users/Andreas/Library/Caches/Codacy/codacy-cli-v2/1.0.0-main.380.sha.27e119a/codacy-cli-v2 analyze /Users/Andreas/GitHub/thalassa/.vscode/mcp.json --format sarif] args=[/Users/Andreas/GitHub/thalassa/.vscode/mcp.json] command=analyze
2026/07/10 13:39:11 Running all configured tools...
2026/07/10 13:39:11 Skipping lizard as it doesn't support the specified file(s)
2026/07/10 13:39:11 Skipping opengrep as it doesn't support the specified file(s)
2026/07/10 13:39:11 Skipping pmd as it doesn't support the specified file(s)
2026/07/10 13:39:11 Skipping pylint as it doesn't support the specified file(s)
2026/07/10 13:39:11 Skipping revive as it doesn't support the specified file(s)
2026/07/10 13:39:11 Skipping dartanalyzer as it doesn't support the specified file(s)
2026/07/10 13:39:11 Skipping eslint as it doesn't support the specified file(s)
2026/07/10 13:39:11 Running tools for the specified file(s)...
2026/07/10 13:39:11 Running trivy...
2026-07-10T13:39:11+02:00 [INFO] (codacy-cli-v2/cmd/analyze.go:360) Config file found for tool tool=trivy toolConfigPath=.codacy/tools-configs/trivy.yaml
2026/07/10 13:39:12 Tool failed to run: failed to run Trivy: exit status 1
2026-07-10T13:40:00+02:00 [INFO] (codacy-cli-v2/cli-v2.go:27) Starting Codacy CLI version=1.0.0-main.380.sha.27e119a (27e119a) built at 2026-06-11T09:54:47Z
2026-07-10T13:40:00+02:00 [INFO] (codacy-cli-v2/cmd/root.go:34) Executing CLI command command=analyze full_command=[/Users/Andreas/Library/Caches/Codacy/codacy-cli-v2/1.0.0-main.380.sha.27e119a/codacy-cli-v2 analyze /Users/Andreas/GitHub/aither/.vscode/mcp.json --format sarif] args=[/Users/Andreas/GitHub/aither/.vscode/mcp.json]
2026/07/10 13:40:00 Running all configured tools...
2026/07/10 13:40:00 Skipping opengrep as it doesn't support the specified file(s)
2026/07/10 13:40:00 Skipping pmd as it doesn't support the specified file(s)
2026/07/10 13:40:00 Skipping pylint as it doesn't support the specified file(s)
2026/07/10 13:40:00 Skipping revive as it doesn't support the specified file(s)
2026/07/10 13:40:00 Skipping dartanalyzer as it doesn't support the specified file(s)
2026/07/10 13:40:00 Skipping eslint as it doesn't support the specified file(s)
2026/07/10 13:40:00 Skipping lizard as it doesn't support the specified file(s)
2026/07/10 13:40:00 Running tools for the specified file(s)...
2026/07/10 13:40:00 Running trivy...
2026-07-10T13:40:00+02:00 [INFO] (codacy-cli-v2/cmd/analyze.go:360) Config file found for tool tool=trivy toolConfigPath=.codacy/tools-configs/trivy.yaml
2026/07/10 13:40:01 Tool failed to run: failed to run Trivy: exit status 1
2026-07-10T13:42:06+02:00 [INFO] (codacy-cli-v2/cli-v2.go:27) Starting Codacy CLI version=1.0.0-main.380.sha.27e119a (27e119a) built at 2026-06-11T09:54:47Z
2026-07-10T13:42:06+02:00 [INFO] (codacy-cli-v2/cmd/root.go:34) Executing CLI command args=[/Users/Andreas/Library/Application Support/Code/User/mcp.json] command=analyze full_command=[/Users/Andreas/Library/Caches/Codacy/codacy-cli-v2/1.0.0-main.380.sha.27e119a/codacy-cli-v2 analyze /Users/Andreas/Library/Application Support/Code/User/mcp.json --format sarif]
2026/07/10 13:42:06 Running all configured tools...
2026/07/10 13:42:06 Skipping lizard as it doesn't support the specified file(s)
2026/07/10 13:42:06 Skipping opengrep as it doesn't support the specified file(s)
2026/07/10 13:42:06 Skipping pmd as it doesn't support the specified file(s)
2026/07/10 13:42:06 Skipping pylint as it doesn't support the specified file(s)
2026/07/10 13:42:06 Skipping revive as it doesn't support the specified file(s)
2026/07/10 13:42:06 Skipping dartanalyzer as it doesn't support the specified file(s)
2026/07/10 13:42:06 Skipping eslint as it doesn't support the specified file(s)
2026/07/10 13:42:06 Running tools for the specified file(s)...
2026/07/10 13:42:06 Running trivy...
2026-07-10T13:42:06+02:00 [INFO] (codacy-cli-v2/cmd/analyze.go:360) Config file found for tool toolConfigPath=.codacy/tools-configs/trivy.yaml tool=trivy
2026/07/10 13:42:07 Tool failed to run: failed to run Trivy: exit status 1
2026-07-10T13:42:12+02:00 [INFO] (codacy-cli-v2/cli-v2.go:27) Starting Codacy CLI version=1.0.0-main.380.sha.27e119a (27e119a) built at 2026-06-11T09:54:47Z
2026-07-10T13:42:12+02:00 [INFO] (codacy-cli-v2/cmd/root.go:34) Executing CLI command args=[/Users/Andreas/GitHub/thalassa/.vscode/mcp.json] command=analyze full_command=[/Users/Andreas/Library/Caches/Codacy/codacy-cli-v2/1.0.0-main.380.sha.27e119a/codacy-cli-v2 analyze /Users/Andreas/GitHub/thalassa/.vscode/mcp.json --format sarif]
2026/07/10 13:42:12 Running all configured tools...
2026/07/10 13:42:12 Skipping dartanalyzer as it doesn't support the specified file(s)
2026/07/10 13:42:12 Skipping eslint as it doesn't support the specified file(s)
2026/07/10 13:42:12 Skipping lizard as it doesn't support the specified file(s)
2026/07/10 13:42:12 Skipping opengrep as it doesn't support the specified file(s)
2026/07/10 13:42:12 Skipping pmd as it doesn't support the specified file(s)
2026/07/10 13:42:12 Skipping pylint as it doesn't support the specified file(s)
2026/07/10 13:42:12 Skipping revive as it doesn't support the specified file(s)
2026/07/10 13:42:12 Running tools for the specified file(s)...
2026/07/10 13:42:12 Running trivy...
2026-07-10T13:42:12+02:00 [INFO] (codacy-cli-v2/cmd/analyze.go:360) Config file found for tool tool=trivy toolConfigPath=.codacy/tools-configs/trivy.yaml
2026/07/10 13:42:12 Tool failed to run: failed to run Trivy: exit status 1
2026-07-10T13:43:00+02:00 [INFO] (codacy-cli-v2/cli-v2.go:27) Starting Codacy CLI version=1.0.0-main.380.sha.27e119a (27e119a) built at 2026-06-11T09:54:47Z
2026-07-10T13:43:00+02:00 [INFO] (codacy-cli-v2/cmd/root.go:34) Executing CLI command args=[/Users/Andreas/GitHub/hemera/.vscode/mcp.json] command=analyze full_command=[/Users/Andreas/Library/Caches/Codacy/codacy-cli-v2/1.0.0-main.380.sha.27e119a/codacy-cli-v2 analyze /Users/Andreas/GitHub/hemera/.vscode/mcp.json --format sarif]
2026/07/10 13:43:00 Running all configured tools...
2026/07/10 13:43:00 Skipping pylint as it doesn't support the specified file(s)
2026/07/10 13:43:00 Skipping revive as it doesn't support the specified file(s)
2026/07/10 13:43:00 Skipping dartanalyzer as it doesn't support the specified file(s)
2026/07/10 13:43:00 Skipping eslint as it doesn't support the specified file(s)
2026/07/10 13:43:00 Skipping lizard as it doesn't support the specified file(s)
2026/07/10 13:43:00 Skipping opengrep as it doesn't support the specified file(s)
2026/07/10 13:43:00 Skipping pmd as it doesn't support the specified file(s)
2026/07/10 13:43:00 Running tools for the specified file(s)...
2026/07/10 13:43:00 Running trivy...
2026-07-10T13:43:00+02:00 [INFO] (codacy-cli-v2/cmd/analyze.go:360) Config file found for tool tool=trivy toolConfigPath=.codacy/tools-configs/trivy.yaml
2026/07/10 13:43:01 Tool failed to run: failed to run Trivy: exit status 1
2026-07-10T13:43:55+02:00 [INFO] (codacy-cli-v2/cli-v2.go:27) Starting Codacy CLI version=1.0.0-main.380.sha.27e119a (27e119a) built at 2026-06-11T09:54:47Z
2026-07-10T13:43:55+02:00 [INFO] (codacy-cli-v2/cmd/root.go:34) Executing CLI command command=analyze full_command=[/Users/Andreas/Library/Caches/Codacy/codacy-cli-v2/1.0.0-main.380.sha.27e119a/codacy-cli-v2 analyze /Users/Andreas/Library/Application Support/Code/User/chatLanguageModels.json --format sarif] args=[/Users/Andreas/Library/Application Support/Code/User/chatLanguageModels.json]
2026/07/10 13:43:55 Running all configured tools...
2026/07/10 13:43:55 Skipping pmd as it doesn't support the specified file(s)
2026/07/10 13:43:55 Skipping pylint as it doesn't support the specified file(s)
2026/07/10 13:43:55 Skipping revive as it doesn't support the specified file(s)
2026/07/10 13:43:55 Skipping dartanalyzer as it doesn't support the specified file(s)
2026/07/10 13:43:55 Skipping eslint as it doesn't support the specified file(s)
2026/07/10 13:43:55 Skipping lizard as it doesn't support the specified file(s)
2026/07/10 13:43:55 Skipping opengrep as it doesn't support the specified file(s)
2026/07/10 13:43:55 Running tools for the specified file(s)...
2026/07/10 13:43:55 Running trivy...
2026-07-10T13:43:55+02:00 [INFO] (codacy-cli-v2/cmd/analyze.go:360) Config file found for tool toolConfigPath=.codacy/tools-configs/trivy.yaml tool=trivy
2026/07/10 13:43:56 Tool failed to run: failed to run Trivy: exit status 1
2026-07-10T13:44:29+02:00 [INFO] (codacy-cli-v2/cli-v2.go:27) Starting Codacy CLI version=1.0.0-main.380.sha.27e119a (27e119a) built at 2026-06-11T09:54:47Z
2026-07-10T13:44:29+02:00 [INFO] (codacy-cli-v2/cmd/root.go:34) Executing CLI command command=analyze full_command=[/Users/Andreas/Library/Caches/Codacy/codacy-cli-v2/1.0.0-main.380.sha.27e119a/codacy-cli-v2 analyze /Users/Andreas/Library/Application Support/Code/User/chatLanguageModels.json --format sarif] args=[/Users/Andreas/Library/Application Support/Code/User/chatLanguageModels.json]
2026/07/10 13:44:29 Running all configured tools...
2026/07/10 13:44:29 Skipping dartanalyzer as it doesn't support the specified file(s)
2026/07/10 13:44:29 Skipping eslint as it doesn't support the specified file(s)
2026/07/10 13:44:29 Skipping lizard as it doesn't support the specified file(s)
2026/07/10 13:44:29 Skipping opengrep as it doesn't support the specified file(s)
2026/07/10 13:44:29 Skipping pmd as it doesn't support the specified file(s)
2026/07/10 13:44:29 Skipping pylint as it doesn't support the specified file(s)
2026/07/10 13:44:29 Skipping revive as it doesn't support the specified file(s)
2026/07/10 13:44:29 Running tools for the specified file(s)...
2026/07/10 13:44:29 Running trivy...
2026-07-10T13:44:29+02:00 [INFO] (codacy-cli-v2/cmd/analyze.go:360) Config file found for tool tool=trivy toolConfigPath=.codacy/tools-configs/trivy.yaml
2026/07/10 13:44:30 Tool failed to run: failed to run Trivy: exit status 1
2026-07-10T13:44:59+02:00 [INFO] (codacy-cli-v2/cli-v2.go:27) Starting Codacy CLI version=1.0.0-main.380.sha.27e119a (27e119a) built at 2026-06-11T09:54:47Z
2026-07-10T13:44:59+02:00 [INFO] (codacy-cli-v2/cmd/root.go:34) Executing CLI command command=analyze full_command=[/Users/Andreas/Library/Caches/Codacy/codacy-cli-v2/1.0.0-main.380.sha.27e119a/codacy-cli-v2 analyze /Users/Andreas/Library/Application Support/Code/User/settings.json --format sarif] args=[/Users/Andreas/Library/Application Support/Code/User/settings.json]
2026/07/10 13:44:59 Running all configured tools...
2026/07/10 13:44:59 Skipping revive as it doesn't support the specified file(s)
2026/07/10 13:44:59 Skipping dartanalyzer as it doesn't support the specified file(s)
2026/07/10 13:44:59 Skipping eslint as it doesn't support the specified file(s)
2026/07/10 13:44:59 Skipping lizard as it doesn't support the specified file(s)
2026/07/10 13:44:59 Skipping opengrep as it doesn't support the specified file(s)
2026/07/10 13:44:59 Skipping pmd as it doesn't support the specified file(s)
2026/07/10 13:44:59 Skipping pylint as it doesn't support the specified file(s)
2026/07/10 13:44:59 Running tools for the specified file(s)...
2026/07/10 13:44:59 Running trivy...
2026-07-10T13:44:59+02:00 [INFO] (codacy-cli-v2/cmd/analyze.go:360) Config file found for tool tool=trivy toolConfigPath=.codacy/tools-configs/trivy.yaml
2026/07/10 13:44:59 Tool failed to run: failed to run Trivy: exit status 1
2026-07-10T13:45:06+02:00 [INFO] (codacy-cli-v2/cli-v2.go:27) Starting Codacy CLI version=1.0.0-main.380.sha.27e119a (27e119a) built at 2026-06-11T09:54:47Z
2026-07-10T13:45:06+02:00 [INFO] (codacy-cli-v2/cmd/root.go:34) Executing CLI command full_command=[/Users/Andreas/Library/Caches/Codacy/codacy-cli-v2/1.0.0-main.380.sha.27e119a/codacy-cli-v2 analyze /Users/Andreas/Library/Application Support/Code/User/mcp.json --format sarif] args=[/Users/Andreas/Library/Application Support/Code/User/mcp.json] command=analyze
2026/07/10 13:45:06 Running all configured tools...
2026/07/10 13:45:06 Skipping revive as it doesn't support the specified file(s)
2026/07/10 13:45:06 Skipping dartanalyzer as it doesn't support the specified file(s)
2026/07/10 13:45:06 Skipping eslint as it doesn't support the specified file(s)
2026/07/10 13:45:06 Skipping lizard as it doesn't support the specified file(s)
2026/07/10 13:45:06 Skipping opengrep as it doesn't support the specified file(s)
2026/07/10 13:45:06 Skipping pmd as it doesn't support the specified file(s)
2026/07/10 13:45:06 Skipping pylint as it doesn't support the specified file(s)
2026/07/10 13:45:06 Running tools for the specified file(s)...
2026/07/10 13:45:06 Running trivy...
2026-07-10T13:45:06+02:00 [INFO] (codacy-cli-v2/cmd/analyze.go:360) Config file found for tool tool=trivy toolConfigPath=.codacy/tools-configs/trivy.yaml
2026/07/10 13:45:07 Tool failed to run: failed to run Trivy: exit status 1
2026-07-10T13:45:12+02:00 [INFO] (codacy-cli-v2/cli-v2.go:27) Starting Codacy CLI version=1.0.0-main.380.sha.27e119a (27e119a) built at 2026-06-11T09:54:47Z
2026-07-10T13:45:12+02:00 [INFO] (codacy-cli-v2/cmd/root.go:34) Executing CLI command command=analyze full_command=[/Users/Andreas/Library/Caches/Codacy/codacy-cli-v2/1.0.0-main.380.sha.27e119a/codacy-cli-v2 analyze /Users/Andreas/Library/Application Support/Code/User/workspaceStorage/1996028959a2c86bb93333cd4591544d/GitHub.copilot-chat/chat-session-resources/6a5d1f47-cf50-45d7-88c7-9a8df350a6a4/call_Tqbmds7Uev6x6ZLeDbC46iYM__vscode-1783621035709/content.txt --format sarif] args=[/Users/Andreas/Library/Application Support/Code/User/workspaceStorage/1996028959a2c86bb93333cd4591544d/GitHub.copilot-chat/chat-session-resources/6a5d1f47-cf50-45d7-88c7-9a8df350a6a4/call_Tqbmds7Uev6x6ZLeDbC46iYM__vscode-1783621035709/content.txt]
2026/07/10 13:45:12 Running all configured tools...
2026/07/10 13:45:12 Skipping trivy as it doesn't support the specified file(s)
2026/07/10 13:45:12 Skipping dartanalyzer as it doesn't support the specified file(s)
2026/07/10 13:45:12 Skipping eslint as it doesn't support the specified file(s)
2026/07/10 13:45:12 Skipping lizard as it doesn't support the specified file(s)
2026/07/10 13:45:12 Skipping opengrep as it doesn't support the specified file(s)
2026/07/10 13:45:12 Skipping pmd as it doesn't support the specified file(s)
2026/07/10 13:45:12 Skipping pylint as it doesn't support the specified file(s)
2026/07/10 13:45:12 Skipping revive as it doesn't support the specified file(s)
2026/07/10 13:45:12 No tools support the specified file(s). Skipping analysis.
2026-07-10T13:45:14+02:00 [INFO] (codacy-cli-v2/cli-v2.go:27) Starting Codacy CLI version=1.0.0-main.380.sha.27e119a (27e119a) built at 2026-06-11T09:54:47Z
2026-07-10T13:45:14+02:00 [INFO] (codacy-cli-v2/cmd/root.go:34) Executing CLI command full_command=[/Users/Andreas/Library/Caches/Codacy/codacy-cli-v2/1.0.0-main.380.sha.27e119a/codacy-cli-v2 analyze /Users/Andreas/GitHub/thalassa/.vscode/mcp.json --format sarif] args=[/Users/Andreas/GitHub/thalassa/.vscode/mcp.json] command=analyze
2026/07/10 13:45:14 Running all configured tools...
2026/07/10 13:45:14 Skipping revive as it doesn't support the specified file(s)
2026/07/10 13:45:14 Skipping dartanalyzer as it doesn't support the specified file(s)
2026/07/10 13:45:14 Skipping eslint as it doesn't support the specified file(s)
2026/07/10 13:45:14 Skipping lizard as it doesn't support the specified file(s)
2026/07/10 13:45:14 Skipping opengrep as it doesn't support the specified file(s)
2026/07/10 13:45:14 Skipping pmd as it doesn't support the specified file(s)
2026/07/10 13:45:14 Skipping pylint as it doesn't support the specified file(s)
2026/07/10 13:45:14 Running tools for the specified file(s)...
2026/07/10 13:45:14 Running trivy...
2026-07-10T13:45:14+02:00 [INFO] (codacy-cli-v2/cmd/analyze.go:360) Config file found for tool tool=trivy toolConfigPath=.codacy/tools-configs/trivy.yaml
2026/07/10 13:45:15 Tool failed to run: failed to run Trivy: exit status 1
2026-07-10T13:45:20+02:00 [INFO] (codacy-cli-v2/cli-v2.go:27) Starting Codacy CLI version=1.0.0-main.380.sha.27e119a (27e119a) built at 2026-06-11T09:54:47Z
2026-07-10T13:45:20+02:00 [INFO] (codacy-cli-v2/cmd/root.go:34) Executing CLI command command=analyze full_command=[/Users/Andreas/Library/Caches/Codacy/codacy-cli-v2/1.0.0-main.380.sha.27e119a/codacy-cli-v2 analyze /Users/Andreas/Library/Application Support/Code/User/workspaceStorage/1996028959a2c86bb93333cd4591544d/GitHub.copilot-chat/chat-session-resources/6a5d1f47-cf50-45d7-88c7-9a8df350a6a4/call_E77bffkz7PTQcwUKeP1nzhtt__vscode-1783621035711/content.txt --format sarif] args=[/Users/Andreas/Library/Application Support/Code/User/workspaceStorage/1996028959a2c86bb93333cd4591544d/GitHub.copilot-chat/chat-session-resources/6a5d1f47-cf50-45d7-88c7-9a8df350a6a4/call_E77bffkz7PTQcwUKeP1nzhtt__vscode-1783621035711/content.txt]
2026/07/10 13:45:20 Running all configured tools...
2026/07/10 13:45:20 Skipping eslint as it doesn't support the specified file(s)
2026/07/10 13:45:20 Skipping lizard as it doesn't support the specified file(s)
2026/07/10 13:45:20 Skipping opengrep as it doesn't support the specified file(s)
2026/07/10 13:45:20 Skipping pmd as it doesn't support the specified file(s)
2026/07/10 13:45:20 Skipping pylint as it doesn't support the specified file(s)
2026/07/10 13:45:20 Skipping revive as it doesn't support the specified file(s)
2026/07/10 13:45:20 Skipping trivy as it doesn't support the specified file(s)
2026/07/10 13:45:20 Skipping dartanalyzer as it doesn't support the specified file(s)
2026/07/10 13:45:20 No tools support the specified file(s). Skipping analysis.
2026-07-10T13:45:30+02:00 [INFO] (codacy-cli-v2/cli-v2.go:27) Starting Codacy CLI version=1.0.0-main.380.sha.27e119a (27e119a) built at 2026-06-11T09:54:47Z
2026-07-10T13:45:30+02:00 [INFO] (codacy-cli-v2/cmd/root.go:34) Executing CLI command command=analyze full_command=[/Users/Andreas/Library/Caches/Codacy/codacy-cli-v2/1.0.0-main.380.sha.27e119a/codacy-cli-v2 analyze /Users/Andreas/Library/Application Support/Code/User/workspaceStorage/1996028959a2c86bb93333cd4591544d/GitHub.copilot-chat/chat-session-resources/6a5d1f47-cf50-45d7-88c7-9a8df350a6a4/call_kjZ7Q7mm6iYtdAc6yrSeVCO6__vscode-1783621035713/content.txt --format sarif] args=[/Users/Andreas/Library/Application Support/Code/User/workspaceStorage/1996028959a2c86bb93333cd4591544d/GitHub.copilot-chat/chat-session-resources/6a5d1f47-cf50-45d7-88c7-9a8df350a6a4/call_kjZ7Q7mm6iYtdAc6yrSeVCO6__vscode-1783621035713/content.txt]
2026/07/10 13:45:30 Running all configured tools...
2026/07/10 13:45:30 Skipping pmd as it doesn't support the specified file(s)
2026/07/10 13:45:30 Skipping pylint as it doesn't support the specified file(s)
2026/07/10 13:45:30 Skipping revive as it doesn't support the specified file(s)
2026/07/10 13:45:30 Skipping trivy as it doesn't support the specified file(s)
2026/07/10 13:45:30 Skipping dartanalyzer as it doesn't support the specified file(s)
2026/07/10 13:45:30 Skipping eslint as it doesn't support the specified file(s)
2026/07/10 13:45:30 Skipping lizard as it doesn't support the specified file(s)
2026/07/10 13:45:30 Skipping opengrep as it doesn't support the specified file(s)
2026/07/10 13:45:30 No tools support the specified file(s). Skipping analysis.
2026-07-10T13:45:55+02:00 [INFO] (codacy-cli-v2/cli-v2.go:27) Starting Codacy CLI version=1.0.0-main.380.sha.27e119a (27e119a) built at 2026-06-11T09:54:47Z
2026-07-10T13:45:55+02:00 [INFO] (codacy-cli-v2/cmd/root.go:34) Executing CLI command args=[/Users/Andreas/Library/Application Support/Code/User/workspaceStorage/1996028959a2c86bb93333cd4591544d/GitHub.copilot-chat/chat-session-resources/6a5d1f47-cf50-45d7-88c7-9a8df350a6a4/call_XypqbZcpM68TLMzHceYsdz3F__vscode-1783621035716/content.txt] command=analyze full_command=[/Users/Andreas/Library/Caches/Codacy/codacy-cli-v2/1.0.0-main.380.sha.27e119a/codacy-cli-v2 analyze /Users/Andreas/Library/Application Support/Code/User/workspaceStorage/1996028959a2c86bb93333cd4591544d/GitHub.copilot-chat/chat-session-resources/6a5d1f47-cf50-45d7-88c7-9a8df350a6a4/call_XypqbZcpM68TLMzHceYsdz3F__vscode-1783621035716/content.txt --format sarif]
2026/07/10 13:45:55 Running all configured tools...
2026/07/10 13:45:55 Skipping opengrep as it doesn't support the specified file(s)
2026/07/10 13:45:55 Skipping pmd as it doesn't support the specified file(s)
2026/07/10 13:45:55 Skipping pylint as it doesn't support the specified file(s)
2026/07/10 13:45:55 Skipping revive as it doesn't support the specified file(s)
2026/07/10 13:45:55 Skipping trivy as it doesn't support the specified file(s)
2026/07/10 13:45:55 Skipping dartanalyzer as it doesn't support the specified file(s)
2026/07/10 13:45:55 Skipping eslint as it doesn't support the specified file(s)
2026/07/10 13:45:55 Skipping lizard as it doesn't support the specified file(s)
2026/07/10 13:45:55 No tools support the specified file(s). Skipping analysis.
2026-07-10T13:46:02+02:00 [INFO] (codacy-cli-v2/cli-v2.go:27) Starting Codacy CLI version=1.0.0-main.380.sha.27e119a (27e119a) built at 2026-06-11T09:54:47Z
2026-07-10T13:46:02+02:00 [INFO] (codacy-cli-v2/cmd/root.go:34) Executing CLI command args=[/Users/Andreas/GitHub/hemera/.vscode/mcp.json] command=analyze full_command=[/Users/Andreas/Library/Caches/Codacy/codacy-cli-v2/1.0.0-main.380.sha.27e119a/codacy-cli-v2 analyze /Users/Andreas/GitHub/hemera/.vscode/mcp.json --format sarif]
2026/07/10 13:46:02 Running all configured tools...
2026/07/10 13:46:02 Skipping dartanalyzer as it doesn't support the specified file(s)
2026/07/10 13:46:02 Skipping eslint as it doesn't support the specified file(s)
2026/07/10 13:46:02 Skipping lizard as it doesn't support the specified file(s)
2026/07/10 13:46:02 Skipping opengrep as it doesn't support the specified file(s)
2026/07/10 13:46:02 Skipping pmd as it doesn't support the specified file(s)
2026/07/10 13:46:02 Skipping pylint as it doesn't support the specified file(s)
2026/07/10 13:46:02 Skipping revive as it doesn't support the specified file(s)
2026/07/10 13:46:02 Running tools for the specified file(s)...
2026/07/10 13:46:02 Running trivy...
2026-07-10T13:46:02+02:00 [INFO] (codacy-cli-v2/cmd/analyze.go:360) Config file found for tool tool=trivy toolConfigPath=.codacy/tools-configs/trivy.yaml
2026/07/10 13:46:02 Tool failed to run: failed to run Trivy: exit status 1
2026-07-10T13:46:10+02:00 [INFO] (codacy-cli-v2/cli-v2.go:27) Starting Codacy CLI version=1.0.0-main.380.sha.27e119a (27e119a) built at 2026-06-11T09:54:47Z
2026-07-10T13:46:10+02:00 [INFO] (codacy-cli-v2/cmd/root.go:34) Executing CLI command command=analyze full_command=[/Users/Andreas/Library/Caches/Codacy/codacy-cli-v2/1.0.0-main.380.sha.27e119a/codacy-cli-v2 analyze /Users/Andreas/Library/Application Support/Code/User/workspaceStorage/1996028959a2c86bb93333cd4591544d/GitHub.copilot-chat/chat-session-resources/6a5d1f47-cf50-45d7-88c7-9a8df350a6a4/call_VhqSSaxUpylUYqfsJ867W0t5__vscode-1783621035719/content.txt --format sarif] args=[/Users/Andreas/Library/Application Support/Code/User/workspaceStorage/1996028959a2c86bb93333cd4591544d/GitHub.copilot-chat/chat-session-resources/6a5d1f47-cf50-45d7-88c7-9a8df350a6a4/call_VhqSSaxUpylUYqfsJ867W0t5__vscode-1783621035719/content.txt]
2026/07/10 13:46:10 Running all configured tools...
2026/07/10 13:46:10 Skipping revive as it doesn't support the specified file(s)
2026/07/10 13:46:10 Skipping trivy as it doesn't support the specified file(s)
2026/07/10 13:46:10 Skipping dartanalyzer as it doesn't support the specified file(s)
2026/07/10 13:46:10 Skipping eslint as it doesn't support the specified file(s)
2026/07/10 13:46:10 Skipping lizard as it doesn't support the specified file(s)
2026/07/10 13:46:10 Skipping opengrep as it doesn't support the specified file(s)
2026/07/10 13:46:10 Skipping pmd as it doesn't support the specified file(s)
2026/07/10 13:46:10 Skipping pylint as it doesn't support the specified file(s)
2026/07/10 13:46:10 No tools support the specified file(s). Skipping analysis.
2026-07-10T13:46:21+02:00 [INFO] (codacy-cli-v2/cli-v2.go:27) Starting Codacy CLI version=1.0.0-main.380.sha.27e119a (27e119a) built at 2026-06-11T09:54:47Z
2026-07-10T13:46:21+02:00 [INFO] (codacy-cli-v2/cmd/root.go:34) Executing CLI command args=[/Users/Andreas/Library/Application Support/Code/User/workspaceStorage/1996028959a2c86bb93333cd4591544d/GitHub.copilot-chat/chat-session-resources/6a5d1f47-cf50-45d7-88c7-9a8df350a6a4/call_UJ0QK1sY9dawQby3GXqHBndL__vscode-1783621035721/content.txt] command=analyze full_command=[/Users/Andreas/Library/Caches/Codacy/codacy-cli-v2/1.0.0-main.380.sha.27e119a/codacy-cli-v2 analyze /Users/Andreas/Library/Application Support/Code/User/workspaceStorage/1996028959a2c86bb93333cd4591544d/GitHub.copilot-chat/chat-session-resources/6a5d1f47-cf50-45d7-88c7-9a8df350a6a4/call_UJ0QK1sY9dawQby3GXqHBndL__vscode-1783621035721/content.txt --format sarif]
2026/07/10 13:46:21 Running all configured tools...
2026/07/10 13:46:21 Skipping trivy as it doesn't support the specified file(s)
2026/07/10 13:46:21 Skipping dartanalyzer as it doesn't support the specified file(s)
2026/07/10 13:46:21 Skipping eslint as it doesn't support the specified file(s)
2026/07/10 13:46:21 Skipping lizard as it doesn't support the specified file(s)
2026/07/10 13:46:21 Skipping opengrep as it doesn't support the specified file(s)
2026/07/10 13:46:21 Skipping pmd as it doesn't support the specified file(s)
2026/07/10 13:46:21 Skipping pylint as it doesn't support the specified file(s)
2026/07/10 13:46:21 Skipping revive as it doesn't support the specified file(s)
2026/07/10 13:46:21 No tools support the specified file(s). Skipping analysis.
2026-07-10T13:48:07+02:00 [INFO] (codacy-cli-v2/cli-v2.go:27) Starting Codacy CLI version=1.0.0-main.380.sha.27e119a (27e119a) built at 2026-06-11T09:54:47Z
2026-07-10T13:48:07+02:00 [INFO] (codacy-cli-v2/cmd/root.go:34) Executing CLI command command=analyze full_command=[/Users/Andreas/Library/Caches/Codacy/codacy-cli-v2/1.0.0-main.380.sha.27e119a/codacy-cli-v2 analyze /Users/Andreas/Library/Application Support/Code/User/mcp.json --format sarif] args=[/Users/Andreas/Library/Application Support/Code/User/mcp.json]
2026/07/10 13:48:07 Running all configured tools...
2026/07/10 13:48:07 Skipping opengrep as it doesn't support the specified file(s)
2026/07/10 13:48:07 Skipping pmd as it doesn't support the specified file(s)
2026/07/10 13:48:07 Skipping pylint as it doesn't support the specified file(s)
2026/07/10 13:48:07 Skipping revive as it doesn't support the specified file(s)
2026/07/10 13:48:07 Skipping dartanalyzer as it doesn't support the specified file(s)
2026/07/10 13:48:07 Skipping eslint as it doesn't support the specified file(s)
2026/07/10 13:48:07 Skipping lizard as it doesn't support the specified file(s)
2026/07/10 13:48:07 Running tools for the specified file(s)...
2026/07/10 13:48:07 Running trivy...
2026-07-10T13:48:07+02:00 [INFO] (codacy-cli-v2/cmd/analyze.go:360) Config file found for tool toolConfigPath=.codacy/tools-configs/trivy.yaml tool=trivy
2026/07/10 13:48:08 Tool failed to run: failed to run Trivy: exit status 1
2026-07-10T13:48:12+02:00 [INFO] (codacy-cli-v2/cli-v2.go:27) Starting Codacy CLI version=1.0.0-main.380.sha.27e119a (27e119a) built at 2026-06-11T09:54:47Z
2026-07-10T13:48:12+02:00 [INFO] (codacy-cli-v2/cmd/root.go:34) Executing CLI command args=[/Users/Andreas/GitHub/gaia/.vscode/mcp.json] command=analyze full_command=[/Users/Andreas/Library/Caches/Codacy/codacy-cli-v2/1.0.0-main.380.sha.27e119a/codacy-cli-v2 analyze /Users/Andreas/GitHub/gaia/.vscode/mcp.json --format sarif]
2026/07/10 13:48:12 Running all configured tools...
2026/07/10 13:48:12 Skipping eslint as it doesn't support the specified file(s)
2026/07/10 13:48:12 Skipping lizard as it doesn't support the specified file(s)
2026/07/10 13:48:12 Skipping opengrep as it doesn't support the specified file(s)
2026/07/10 13:48:12 Skipping pmd as it doesn't support the specified file(s)
2026/07/10 13:48:12 Skipping pylint as it doesn't support the specified file(s)
2026/07/10 13:48:12 Skipping revive as it doesn't support the specified file(s)
2026/07/10 13:48:12 Skipping dartanalyzer as it doesn't support the specified file(s)
2026/07/10 13:48:12 Running tools for the specified file(s)...
2026/07/10 13:48:12 Running trivy...
2026-07-10T13:48:12+02:00 [INFO] (codacy-cli-v2/cmd/analyze.go:360) Config file found for tool toolConfigPath=.codacy/tools-configs/trivy.yaml tool=trivy
2026/07/10 13:48:13 Tool failed to run: failed to run Trivy: exit status 1
2026-07-10T13:48:17+02:00 [INFO] (codacy-cli-v2/cli-v2.go:27) Starting Codacy CLI version=1.0.0-main.380.sha.27e119a (27e119a) built at 2026-06-11T09:54:47Z
2026-07-10T13:48:17+02:00 [INFO] (codacy-cli-v2/cmd/root.go:34) Executing CLI command args=[/Users/Andreas/GitHub/thalassa/.vscode/mcp.json] command=analyze full_command=[/Users/Andreas/Library/Caches/Codacy/codacy-cli-v2/1.0.0-main.380.sha.27e119a/codacy-cli-v2 analyze /Users/Andreas/GitHub/thalassa/.vscode/mcp.json --format sarif]
2026/07/10 13:48:17 Running all configured tools...
2026/07/10 13:48:17 Skipping pmd as it doesn't support the specified file(s)
2026/07/10 13:48:17 Skipping pylint as it doesn't support the specified file(s)
2026/07/10 13:48:17 Skipping revive as it doesn't support the specified file(s)
2026/07/10 13:48:17 Skipping dartanalyzer as it doesn't support the specified file(s)
2026/07/10 13:48:17 Skipping eslint as it doesn't support the specified file(s)
2026/07/10 13:48:17 Skipping lizard as it doesn't support the specified file(s)
2026/07/10 13:48:17 Skipping opengrep as it doesn't support the specified file(s)
2026/07/10 13:48:17 Running tools for the specified file(s)...
2026/07/10 13:48:17 Running trivy...
2026-07-10T13:48:17+02:00 [INFO] (codacy-cli-v2/cmd/analyze.go:360) Config file found for tool toolConfigPath=.codacy/tools-configs/trivy.yaml tool=trivy
2026/07/10 13:48:17 Tool failed to run: failed to run Trivy: exit status 1
2026-07-10T13:48:28+02:00 [INFO] (codacy-cli-v2/cli-v2.go:27) Starting Codacy CLI version=1.0.0-main.380.sha.27e119a (27e119a) built at 2026-06-11T09:54:47Z
2026-07-10T13:48:28+02:00 [INFO] (codacy-cli-v2/cmd/root.go:34) Executing CLI command command=analyze full_command=[/Users/Andreas/Library/Caches/Codacy/codacy-cli-v2/1.0.0-main.380.sha.27e119a/codacy-cli-v2 analyze /Users/Andreas/Library/Application Support/Code/User/settings.json --format sarif] args=[/Users/Andreas/Library/Application Support/Code/User/settings.json]
2026/07/10 13:48:28 Running all configured tools...
2026/07/10 13:48:28 Skipping pmd as it doesn't support the specified file(s)
2026/07/10 13:48:28 Skipping pylint as it doesn't support the specified file(s)
2026/07/10 13:48:28 Skipping revive as it doesn't support the specified file(s)
2026/07/10 13:48:28 Skipping dartanalyzer as it doesn't support the specified file(s)
2026/07/10 13:48:28 Skipping eslint as it doesn't support the specified file(s)
2026/07/10 13:48:28 Skipping lizard as it doesn't support the specified file(s)
2026/07/10 13:48:28 Skipping opengrep as it doesn't support the specified file(s)
2026/07/10 13:48:28 Running tools for the specified file(s)...
2026/07/10 13:48:28 Running trivy...
2026-07-10T13:48:28+02:00 [INFO] (codacy-cli-v2/cmd/analyze.go:360) Config file found for tool tool=trivy toolConfigPath=.codacy/tools-configs/trivy.yaml
2026/07/10 13:48:28 Tool failed to run: failed to run Trivy: exit status 1
2026-07-10T13:48:34+02:00 [INFO] (codacy-cli-v2/cli-v2.go:27) Starting Codacy CLI version=1.0.0-main.380.sha.27e119a (27e119a) built at 2026-06-11T09:54:47Z
2026-07-10T13:48:34+02:00 [INFO] (codacy-cli-v2/cmd/root.go:34) Executing CLI command args=[/Users/Andreas/Library/Application Support/Code/User/settings.json] command=analyze full_command=[/Users/Andreas/Library/Caches/Codacy/codacy-cli-v2/1.0.0-main.380.sha.27e119a/codacy-cli-v2 analyze /Users/Andreas/Library/Application Support/Code/User/settings.json --format sarif]
2026/07/10 13:48:34 Running all configured tools...
2026/07/10 13:48:34 Skipping pylint as it doesn't support the specified file(s)
2026/07/10 13:48:34 Skipping revive as it doesn't support the specified file(s)
2026/07/10 13:48:34 Skipping dartanalyzer as it doesn't support the specified file(s)
2026/07/10 13:48:34 Skipping eslint as it doesn't support the specified file(s)
2026/07/10 13:48:34 Skipping lizard as it doesn't support the specified file(s)
2026/07/10 13:48:34 Skipping opengrep as it doesn't support the specified file(s)
2026/07/10 13:48:34 Skipping pmd as it doesn't support the specified file(s)
2026/07/10 13:48:34 Running tools for the specified file(s)...
2026/07/10 13:48:34 Running trivy...
2026-07-10T13:48:34+02:00 [INFO] (codacy-cli-v2/cmd/analyze.go:360) Config file found for tool toolConfigPath=.codacy/tools-configs/trivy.yaml tool=trivy
2026/07/10 13:48:34 Tool failed to run: failed to run Trivy: exit status 1
2026-07-10T13:49:02+02:00 [INFO] (codacy-cli-v2/cli-v2.go:27) Starting Codacy CLI version=1.0.0-main.380.sha.27e119a (27e119a) built at 2026-06-11T09:54:47Z
2026-07-10T13:49:02+02:00 [INFO] (codacy-cli-v2/cmd/root.go:34) Executing CLI command command=analyze full_command=[/Users/Andreas/Library/Caches/Codacy/codacy-cli-v2/1.0.0-main.380.sha.27e119a/codacy-cli-v2 analyze /Users/Andreas/GitHub/hemera/.vscode/mcp.json --format sarif] args=[/Users/Andreas/GitHub/hemera/.vscode/mcp.json]
2026/07/10 13:49:02 Running all configured tools...
2026/07/10 13:49:02 Skipping dartanalyzer as it doesn't support the specified file(s)
2026/07/10 13:49:02 Skipping eslint as it doesn't support the specified file(s)
2026/07/10 13:49:02 Skipping lizard as it doesn't support the specified file(s)
2026/07/10 13:49:02 Skipping opengrep as it doesn't support the specified file(s)
2026/07/10 13:49:02 Skipping pmd as it doesn't support the specified file(s)
2026/07/10 13:49:02 Skipping pylint as it doesn't support the specified file(s)
2026/07/10 13:49:02 Skipping revive as it doesn't support the specified file(s)
2026/07/10 13:49:02 Running tools for the specified file(s)...
2026/07/10 13:49:02 Running trivy...
2026-07-10T13:49:02+02:00 [INFO] (codacy-cli-v2/cmd/analyze.go:360) Config file found for tool tool=trivy toolConfigPath=.codacy/tools-configs/trivy.yaml
2026/07/10 13:49:03 Tool failed to run: failed to run Trivy: exit status 1
2026-07-10T13:49:34+02:00 [INFO] (codacy-cli-v2/cli-v2.go:27) Starting Codacy CLI version=1.0.0-main.380.sha.27e119a (27e119a) built at 2026-06-11T09:54:47Z
2026-07-10T13:49:34+02:00 [INFO] (codacy-cli-v2/cmd/root.go:34) Executing CLI command args=[] command=update full_command=[/Users/Andreas/Library/Caches/Codacy/codacy-cli-v2/1.0.0-main.380.sha.27e119a/codacy-cli-v2 update]
2026-07-10T13:49:34+02:00 [INFO] (codacy-cli-v2/cli-v2.go:27) Starting Codacy CLI version=1.0.0-main.380.sha.27e119a (27e119a) built at 2026-06-11T09:54:47Z
2026-07-10T13:49:34+02:00 [INFO] (codacy-cli-v2/cmd/root.go:34) Executing CLI command command=reset full_command=[/Users/Andreas/Library/Caches/Codacy/codacy-cli-v2/1.0.0-main.380.sha.27e119a/codacy-cli-v2 config reset] args=[]
2026-07-10T13:50:37+02:00 [INFO] (codacy-cli-v2/cli-v2.go:27) Starting Codacy CLI version=1.0.0-main.380.sha.27e119a (27e119a) built at 2026-06-11T09:54:47Z
2026-07-10T13:50:37+02:00 [INFO] (codacy-cli-v2/cmd/root.go:34) Executing CLI command command=analyze full_command=[/Users/Andreas/Library/Caches/Codacy/codacy-cli-v2/1.0.0-main.380.sha.27e119a/codacy-cli-v2 analyze /Users/Andreas/Library/Application Support/Code/User/prompts/push.prompt.md --format sarif] args=[/Users/Andreas/Library/Application Support/Code/User/prompts/push.prompt.md]
2026/07/10 13:50:37 Running all configured tools...
2026/07/10 13:50:37 Skipping opengrep as it doesn't support the specified file(s)
2026/07/10 13:50:37 Skipping pmd as it doesn't support the specified file(s)
2026/07/10 13:50:37 Skipping pylint as it doesn't support the specified file(s)
2026/07/10 13:50:37 Skipping revive as it doesn't support the specified file(s)
2026/07/10 13:50:37 Skipping trivy as it doesn't support the specified file(s)
2026/07/10 13:50:37 Skipping dartanalyzer as it doesn't support the specified file(s)
2026/07/10 13:50:37 Skipping eslint as it doesn't support the specified file(s)
2026/07/10 13:50:37 Skipping lizard as it doesn't support the specified file(s)
2026/07/10 13:50:37 No tools support the specified file(s). Skipping analysis.
2026-07-10T13:52:33+02:00 [INFO] (codacy-cli-v2/cli-v2.go:27) Starting Codacy CLI version=1.0.0-main.380.sha.27e119a (27e119a) built at 2026-06-11T09:54:47Z
2026-07-10T13:52:34+02:00 [INFO] (codacy-cli-v2/cmd/root.go:34) Executing CLI command command=analyze full_command=[/Users/Andreas/Library/Caches/Codacy/codacy-cli-v2/1.0.0-main.380.sha.27e119a/codacy-cli-v2 analyze /Users/Andreas/GitHub/gaia/.vscode/mcp.json --format sarif] args=[/Users/Andreas/GitHub/gaia/.vscode/mcp.json]
2026/07/10 13:52:34 Running all configured tools...
2026/07/10 13:52:34 Skipping dartanalyzer as it doesn't support the specified file(s)
2026/07/10 13:52:34 Skipping eslint as it doesn't support the specified file(s)
2026/07/10 13:52:34 Skipping lizard as it doesn't support the specified file(s)
2026/07/10 13:52:34 Skipping opengrep as it doesn't support the specified file(s)
2026/07/10 13:52:34 Skipping pmd as it doesn't support the specified file(s)
2026/07/10 13:52:34 Skipping pylint as it doesn't support the specified file(s)
2026/07/10 13:52:34 Skipping revive as it doesn't support the specified file(s)
2026/07/10 13:52:34 Running tools for the specified file(s)...
2026/07/10 13:52:34 Running trivy...
2026-07-10T13:52:34+02:00 [INFO] (codacy-cli-v2/cmd/analyze.go:360) Config file found for tool toolConfigPath=.codacy/tools-configs/trivy.yaml tool=trivy
2026/07/10 13:52:34 Tool failed to run: failed to run Trivy: exit status 1
2026-07-10T13:55:35+02:00 [INFO] (codacy-cli-v2/cli-v2.go:27) Starting Codacy CLI version=1.0.0-main.380.sha.27e119a (27e119a) built at 2026-06-11T09:54:47Z
2026-07-10T13:55:35+02:00 [INFO] (codacy-cli-v2/cmd/root.go:34) Executing CLI command command=analyze full_command=[/Users/Andreas/Library/Caches/Codacy/codacy-cli-v2/1.0.0-main.380.sha.27e119a/codacy-cli-v2 analyze /Users/Andreas/GitHub/gaia/.vscode/mcp.json --format sarif] args=[/Users/Andreas/GitHub/gaia/.vscode/mcp.json]
2026/07/10 13:55:35 Running all configured tools...
2026/07/10 13:55:35 Skipping dartanalyzer as it doesn't support the specified file(s)
2026/07/10 13:55:35 Skipping eslint as it doesn't support the specified file(s)
2026/07/10 13:55:35 Skipping lizard as it doesn't support the specified file(s)
2026/07/10 13:55:35 Skipping opengrep as it doesn't support the specified file(s)
2026/07/10 13:55:35 Skipping pmd as it doesn't support the specified file(s)
2026/07/10 13:55:35 Skipping pylint as it doesn't support the specified file(s)
2026/07/10 13:55:35 Skipping revive as it doesn't support the specified file(s)
2026/07/10 13:55:35 Running tools for the specified file(s)...
2026/07/10 13:55:35 Running trivy...
2026-07-10T13:55:35+02:00 [INFO] (codacy-cli-v2/cmd/analyze.go:360) Config file found for tool toolConfigPath=.codacy/tools-configs/trivy.yaml tool=trivy
2026/07/10 13:55:36 Tool failed to run: failed to run Trivy: exit status 1
2026-07-10T13:56:27+02:00 [INFO] (codacy-cli-v2/cli-v2.go:27) Starting Codacy CLI version=1.0.0-main.380.sha.27e119a (27e119a) built at 2026-06-11T09:54:47Z
2026-07-10T13:56:27+02:00 [INFO] (codacy-cli-v2/cmd/root.go:34) Executing CLI command command=analyze full_command=[/Users/Andreas/Library/Caches/Codacy/codacy-cli-v2/1.0.0-main.380.sha.27e119a/codacy-cli-v2 analyze /Users/Andreas/Library/Application Support/Code/User/prompts/push.prompt.md --format sarif] args=[/Users/Andreas/Library/Application Support/Code/User/prompts/push.prompt.md]
2026/07/10 13:56:27 Running all configured tools...
2026/07/10 13:56:27 Skipping dartanalyzer as it doesn't support the specified file(s)
2026/07/10 13:56:27 Skipping eslint as it doesn't support the specified file(s)
2026/07/10 13:56:27 Skipping lizard as it doesn't support the specified file(s)
2026/07/10 13:56:27 Skipping opengrep as it doesn't support the specified file(s)
2026/07/10 13:56:27 Skipping pmd as it doesn't support the specified file(s)
2026/07/10 13:56:27 Skipping pylint as it doesn't support the specified file(s)
2026/07/10 13:56:27 Skipping revive as it doesn't support the specified file(s)
2026/07/10 13:56:27 Skipping trivy as it doesn't support the specified file(s)
2026/07/10 13:56:27 No tools support the specified file(s). Skipping analysis.
2026-07-10T13:56:45+02:00 [INFO] (codacy-cli-v2/cli-v2.go:27) Starting Codacy CLI version=1.0.0-main.380.sha.27e119a (27e119a) built at 2026-06-11T09:54:47Z
2026-07-10T13:56:45+02:00 [INFO] (codacy-cli-v2/cmd/root.go:34) Executing CLI command full_command=[/Users/Andreas/Library/Caches/Codacy/codacy-cli-v2/1.0.0-main.380.sha.27e119a/codacy-cli-v2 analyze /Users/Andreas/Library/Application Support/Code/User/prompts/push.prompt.md --format sarif] args=[/Users/Andreas/Library/Application Support/Code/User/prompts/push.prompt.md] command=analyze
2026/07/10 13:56:45 Running all configured tools...
2026/07/10 13:56:45 Skipping pylint as it doesn't support the specified file(s)
2026/07/10 13:56:45 Skipping revive as it doesn't support the specified file(s)
2026/07/10 13:56:45 Skipping trivy as it doesn't support the specified file(s)
2026/07/10 13:56:45 Skipping dartanalyzer as it doesn't support the specified file(s)
2026/07/10 13:56:45 Skipping eslint as it doesn't support the specified file(s)
2026/07/10 13:56:45 Skipping lizard as it doesn't support the specified file(s)
2026/07/10 13:56:45 Skipping opengrep as it doesn't support the specified file(s)
2026/07/10 13:56:45 Skipping pmd as it doesn't support the specified file(s)
2026/07/10 13:56:45 No tools support the specified file(s). Skipping analysis.
2026-07-10T13:56:55+02:00 [INFO] (codacy-cli-v2/cli-v2.go:27) Starting Codacy CLI version=1.0.0-main.380.sha.27e119a (27e119a) built at 2026-06-11T09:54:47Z
2026-07-10T13:56:55+02:00 [INFO] (codacy-cli-v2/cmd/root.go:34) Executing CLI command command=analyze full_command=[/Users/Andreas/Library/Caches/Codacy/codacy-cli-v2/1.0.0-main.380.sha.27e119a/codacy-cli-v2 analyze /Users/Andreas/Library/Application Support/Code/User/prompts/push.prompt.md --format sarif] args=[/Users/Andreas/Library/Application Support/Code/User/prompts/push.prompt.md]
2026/07/10 13:56:55 Running all configured tools...
2026/07/10 13:56:55 Skipping revive as it doesn't support the specified file(s)
2026/07/10 13:56:55 Skipping trivy as it doesn't support the specified file(s)
2026/07/10 13:56:55 Skipping dartanalyzer as it doesn't support the specified file(s)
2026/07/10 13:56:55 Skipping eslint as it doesn't support the specified file(s)
2026/07/10 13:56:55 Skipping lizard as it doesn't support the specified file(s)
2026/07/10 13:56:55 Skipping opengrep as it doesn't support the specified file(s)
2026/07/10 13:56:55 Skipping pmd as it doesn't support the specified file(s)
2026/07/10 13:56:55 Skipping pylint as it doesn't support the specified file(s)
2026/07/10 13:56:55 No tools support the specified file(s). Skipping analysis.
2026-07-10T13:57:59+02:00 [INFO] (codacy-cli-v2/cli-v2.go:27) Starting Codacy CLI version=1.0.0-main.380.sha.27e119a (27e119a) built at 2026-06-11T09:54:47Z
2026-07-10T13:57:59+02:00 [INFO] (codacy-cli-v2/cmd/root.go:34) Executing CLI command full_command=[/Users/Andreas/Library/Caches/Codacy/codacy-cli-v2/1.0.0-main.380.sha.27e119a/codacy-cli-v2 analyze /Users/Andreas/Library/Application Support/Code/User/prompts/push.prompt.md --format sarif] args=[/Users/Andreas/Library/Application Support/Code/User/prompts/push.prompt.md] command=analyze
2026/07/10 13:57:59 Running all configured tools...
2026/07/10 13:57:59 Skipping lizard as it doesn't support the specified file(s)
2026/07/10 13:57:59 Skipping opengrep as it doesn't support the specified file(s)
2026/07/10 13:57:59 Skipping pmd as it doesn't support the specified file(s)
2026/07/10 13:57:59 Skipping pylint as it doesn't support the specified file(s)
2026/07/10 13:57:59 Skipping revive as it doesn't support the specified file(s)
2026/07/10 13:57:59 Skipping trivy as it doesn't support the specified file(s)
2026/07/10 13:57:59 Skipping dartanalyzer as it doesn't support the specified file(s)
2026/07/10 13:57:59 Skipping eslint as it doesn't support the specified file(s)
2026/07/10 13:57:59 No tools support the specified file(s). Skipping analysis.
2026-07-10T13:58:02+02:00 [INFO] (codacy-cli-v2/cli-v2.go:27) Starting Codacy CLI version=1.0.0-main.380.sha.27e119a (27e119a) built at 2026-06-11T09:54:47Z
2026-07-10T13:58:02+02:00 [INFO] (codacy-cli-v2/cmd/root.go:34) Executing CLI command command=analyze full_command=[/Users/Andreas/Library/Caches/Codacy/codacy-cli-v2/1.0.0-main.380.sha.27e119a/codacy-cli-v2 analyze /Users/Andreas/Library/Application Support/Code/User/settings.json --format sarif] args=[/Users/Andreas/Library/Application Support/Code/User/settings.json]
2026/07/10 13:58:02 Running all configured tools...
2026/07/10 13:58:02 Skipping eslint as it doesn't support the specified file(s)
2026/07/10 13:58:02 Skipping lizard as it doesn't support the specified file(s)
2026/07/10 13:58:02 Skipping opengrep as it doesn't support the specified file(s)
2026/07/10 13:58:02 Skipping pmd as it doesn't support the specified file(s)
2026/07/10 13:58:02 Skipping pylint as it doesn't support the specified file(s)
2026/07/10 13:58:02 Skipping revive as it doesn't support the specified file(s)
2026/07/10 13:58:02 Skipping dartanalyzer as it doesn't support the specified file(s)
2026/07/10 13:58:02 Running tools for the specified file(s)...
2026/07/10 13:58:02 Running trivy...
2026-07-10T13:58:02+02:00 [INFO] (codacy-cli-v2/cmd/analyze.go:360) Config file found for tool toolConfigPath=.codacy/tools-configs/trivy.yaml tool=trivy
2026/07/10 13:58:03 Tool failed to run: failed to run Trivy: exit status 1
2026-07-10T13:58:30+02:00 [INFO] (codacy-cli-v2/cli-v2.go:27) Starting Codacy CLI version=1.0.0-main.380.sha.27e119a (27e119a) built at 2026-06-11T09:54:47Z
2026-07-10T13:58:30+02:00 [INFO] (codacy-cli-v2/cmd/root.go:34) Executing CLI command command=analyze full_command=[/Users/Andreas/Library/Caches/Codacy/codacy-cli-v2/1.0.0-main.380.sha.27e119a/codacy-cli-v2 analyze /Users/Andreas/Library/Application Support/Code/User/workspaceStorage/1996028959a2c86bb93333cd4591544d/GitHub.copilot-chat/chat-session-resources/69869599-743d-44b2-81b0-00976b981a7b/call_oa769qg5snhSawgGnIjcUjAk__vscode-1783684165983/content.txt --format sarif] args=[/Users/Andreas/Library/Application Support/Code/User/workspaceStorage/1996028959a2c86bb93333cd4591544d/GitHub.copilot-chat/chat-session-resources/69869599-743d-44b2-81b0-00976b981a7b/call_oa769qg5snhSawgGnIjcUjAk__vscode-1783684165983/content.txt]
2026/07/10 13:58:30 Running all configured tools...
2026/07/10 13:58:30 Skipping dartanalyzer as it doesn't support the specified file(s)
2026/07/10 13:58:30 Skipping eslint as it doesn't support the specified file(s)
2026/07/10 13:58:30 Skipping lizard as it doesn't support the specified file(s)
2026/07/10 13:58:30 Skipping opengrep as it doesn't support the specified file(s)
2026/07/10 13:58:30 Skipping pmd as it doesn't support the specified file(s)
2026/07/10 13:58:30 Skipping pylint as it doesn't support the specified file(s)
2026/07/10 13:58:30 Skipping revive as it doesn't support the specified file(s)
2026/07/10 13:58:30 Skipping trivy as it doesn't support the specified file(s)
2026/07/10 13:58:30 No tools support the specified file(s). Skipping analysis.
2026-07-10T13:58:36+02:00 [INFO] (codacy-cli-v2/cli-v2.go:27) Starting Codacy CLI version=1.0.0-main.380.sha.27e119a (27e119a) built at 2026-06-11T09:54:47Z
2026-07-10T13:58:36+02:00 [INFO] (codacy-cli-v2/cmd/root.go:34) Executing CLI command command=analyze full_command=[/Users/Andreas/Library/Caches/Codacy/codacy-cli-v2/1.0.0-main.380.sha.27e119a/codacy-cli-v2 analyze /Users/Andreas/GitHub/gaia/.vscode/mcp.json --format sarif] args=[/Users/Andreas/GitHub/gaia/.vscode/mcp.json]
2026/07/10 13:58:36 Running all configured tools...
2026/07/10 13:58:36 Skipping dartanalyzer as it doesn't support the specified file(s)
2026/07/10 13:58:36 Skipping eslint as it doesn't support the specified file(s)
2026/07/10 13:58:36 Skipping lizard as it doesn't support the specified file(s)
2026/07/10 13:58:36 Skipping opengrep as it doesn't support the specified file(s)
2026/07/10 13:58:36 Skipping pmd as it doesn't support the specified file(s)
2026/07/10 13:58:36 Skipping pylint as it doesn't support the specified file(s)
2026/07/10 13:58:36 Skipping revive as it doesn't support the specified file(s)
2026/07/10 13:58:36 Running tools for the specified file(s)...
2026/07/10 13:58:36 Running trivy...
2026-07-10T13:58:36+02:00 [INFO] (codacy-cli-v2/cmd/analyze.go:360) Config file found for tool tool=trivy toolConfigPath=.codacy/tools-configs/trivy.yaml
2026/07/10 13:58:37 Tool failed to run: failed to run Trivy: exit status 1
2026-07-10T14:01:35+02:00 [INFO] (codacy-cli-v2/cli-v2.go:27) Starting Codacy CLI version=1.0.0-main.380.sha.27e119a (27e119a) built at 2026-06-11T09:54:47Z
2026-07-10T14:01:35+02:00 [INFO] (codacy-cli-v2/cmd/root.go:34) Executing CLI command command=analyze full_command=[/Users/Andreas/Library/Caches/Codacy/codacy-cli-v2/1.0.0-main.380.sha.27e119a/codacy-cli-v2 analyze /Users/Andreas/GitHub/aither/.vscode/mcp.json --format sarif] args=[/Users/Andreas/GitHub/aither/.vscode/mcp.json]
2026/07/10 14:01:35 Running all configured tools...
2026/07/10 14:01:35 Skipping revive as it doesn't support the specified file(s)
2026/07/10 14:01:35 Skipping dartanalyzer as it doesn't support the specified file(s)
2026/07/10 14:01:35 Skipping eslint as it doesn't support the specified file(s)
2026/07/10 14:01:35 Skipping lizard as it doesn't support the specified file(s)
2026/07/10 14:01:35 Skipping opengrep as it doesn't support the specified file(s)
2026/07/10 14:01:35 Skipping pmd as it doesn't support the specified file(s)
2026/07/10 14:01:35 Skipping pylint as it doesn't support the specified file(s)
2026/07/10 14:01:35 Running tools for the specified file(s)...
2026/07/10 14:01:35 Running trivy...
2026-07-10T14:01:35+02:00 [INFO] (codacy-cli-v2/cmd/analyze.go:360) Config file found for tool tool=trivy toolConfigPath=.codacy/tools-configs/trivy.yaml
2026/07/10 14:01:36 Tool failed to run: failed to run Trivy: exit status 1
2026-07-10T14:01:38+02:00 [INFO] (codacy-cli-v2/cli-v2.go:27) Starting Codacy CLI version=1.0.0-main.380.sha.27e119a (27e119a) built at 2026-06-11T09:54:47Z
2026-07-10T14:01:38+02:00 [INFO] (codacy-cli-v2/cmd/root.go:34) Executing CLI command command=analyze full_command=[/Users/Andreas/Library/Caches/Codacy/codacy-cli-v2/1.0.0-main.380.sha.27e119a/codacy-cli-v2 analyze /Users/Andreas/GitHub/gaia/.vscode/mcp.json --format sarif] args=[/Users/Andreas/GitHub/gaia/.vscode/mcp.json]
2026/07/10 14:01:38 Running all configured tools...
2026/07/10 14:01:38 Skipping opengrep as it doesn't support the specified file(s)
2026/07/10 14:01:38 Skipping pmd as it doesn't support the specified file(s)
2026/07/10 14:01:38 Skipping pylint as it doesn't support the specified file(s)
2026/07/10 14:01:38 Skipping revive as it doesn't support the specified file(s)
2026/07/10 14:01:38 Skipping dartanalyzer as it doesn't support the specified file(s)
2026/07/10 14:01:38 Skipping eslint as it doesn't support the specified file(s)
2026/07/10 14:01:38 Skipping lizard as it doesn't support the specified file(s)
2026/07/10 14:01:38 Running tools for the specified file(s)...
2026/07/10 14:01:38 Running trivy...
2026-07-10T14:01:38+02:00 [INFO] (codacy-cli-v2/cmd/analyze.go:360) Config file found for tool tool=trivy toolConfigPath=.codacy/tools-configs/trivy.yaml
2026/07/10 14:01:39 Tool failed to run: failed to run Trivy: exit status 1
2026-07-10T14:04:36+02:00 [INFO] (codacy-cli-v2/cli-v2.go:27) Starting Codacy CLI version=1.0.0-main.380.sha.27e119a (27e119a) built at 2026-06-11T09:54:47Z
2026-07-10T14:04:36+02:00 [INFO] (codacy-cli-v2/cmd/root.go:34) Executing CLI command full_command=[/Users/Andreas/Library/Caches/Codacy/codacy-cli-v2/1.0.0-main.380.sha.27e119a/codacy-cli-v2 analyze /Users/Andreas/GitHub/aither/.vscode/mcp.json --format sarif] args=[/Users/Andreas/GitHub/aither/.vscode/mcp.json] command=analyze
2026/07/10 14:04:36 Running all configured tools...
2026/07/10 14:04:36 Skipping dartanalyzer as it doesn't support the specified file(s)
2026/07/10 14:04:36 Skipping eslint as it doesn't support the specified file(s)
2026/07/10 14:04:36 Skipping lizard as it doesn't support the specified file(s)
2026/07/10 14:04:36 Skipping opengrep as it doesn't support the specified file(s)
2026/07/10 14:04:36 Skipping pmd as it doesn't support the specified file(s)
2026/07/10 14:04:36 Skipping pylint as it doesn't support the specified file(s)
2026/07/10 14:04:36 Skipping revive as it doesn't support the specified file(s)
2026/07/10 14:04:36 Running tools for the specified file(s)...
2026/07/10 14:04:36 Running trivy...
2026-07-10T14:04:36+02:00 [INFO] (codacy-cli-v2/cmd/analyze.go:360) Config file found for tool tool=trivy toolConfigPath=.codacy/tools-configs/trivy.yaml
2026/07/10 14:04:37 Tool failed to run: failed to run Trivy: exit status 1
2026-07-10T14:04:39+02:00 [INFO] (codacy-cli-v2/cli-v2.go:27) Starting Codacy CLI version=1.0.0-main.380.sha.27e119a (27e119a) built at 2026-06-11T09:54:47Z
2026-07-10T14:04:39+02:00 [INFO] (codacy-cli-v2/cmd/root.go:34) Executing CLI command command=analyze full_command=[/Users/Andreas/Library/Caches/Codacy/codacy-cli-v2/1.0.0-main.380.sha.27e119a/codacy-cli-v2 analyze /Users/Andreas/GitHub/gaia/.vscode/mcp.json --format sarif] args=[/Users/Andreas/GitHub/gaia/.vscode/mcp.json]
2026/07/10 14:04:39 Running all configured tools...
2026/07/10 14:04:39 Skipping revive as it doesn't support the specified file(s)
2026/07/10 14:04:39 Skipping dartanalyzer as it doesn't support the specified file(s)
2026/07/10 14:04:39 Skipping eslint as it doesn't support the specified file(s)
2026/07/10 14:04:39 Skipping lizard as it doesn't support the specified file(s)
2026/07/10 14:04:39 Skipping opengrep as it doesn't support the specified file(s)
2026/07/10 14:04:39 Skipping pmd as it doesn't support the specified file(s)
2026/07/10 14:04:39 Skipping pylint as it doesn't support the specified file(s)
2026/07/10 14:04:39 Running tools for the specified file(s)...
2026/07/10 14:04:39 Running trivy...
2026-07-10T14:04:39+02:00 [INFO] (codacy-cli-v2/cmd/analyze.go:360) Config file found for tool tool=trivy toolConfigPath=.codacy/tools-configs/trivy.yaml
2026/07/10 14:04:39 Tool failed to run: failed to run Trivy: exit status 1
2026-07-10T14:07:37+02:00 [INFO] (codacy-cli-v2/cli-v2.go:27) Starting Codacy CLI version=1.0.0-main.380.sha.27e119a (27e119a) built at 2026-06-11T09:54:47Z
2026-07-10T14:07:37+02:00 [INFO] (codacy-cli-v2/cmd/root.go:34) Executing CLI command command=analyze full_command=[/Users/Andreas/Library/Caches/Codacy/codacy-cli-v2/1.0.0-main.380.sha.27e119a/codacy-cli-v2 analyze /Users/Andreas/GitHub/aither/.vscode/mcp.json --format sarif] args=[/Users/Andreas/GitHub/aither/.vscode/mcp.json]
2026/07/10 14:07:37 Running all configured tools...
2026/07/10 14:07:37 Skipping pmd as it doesn't support the specified file(s)
2026/07/10 14:07:37 Skipping pylint as it doesn't support the specified file(s)
2026/07/10 14:07:37 Skipping revive as it doesn't support the specified file(s)
2026/07/10 14:07:37 Skipping dartanalyzer as it doesn't support the specified file(s)
2026/07/10 14:07:37 Skipping eslint as it doesn't support the specified file(s)
2026/07/10 14:07:37 Skipping lizard as it doesn't support the specified file(s)
2026/07/10 14:07:37 Skipping opengrep as it doesn't support the specified file(s)
2026/07/10 14:07:37 Running tools for the specified file(s)...
2026/07/10 14:07:37 Running trivy...
2026-07-10T14:07:37+02:00 [INFO] (codacy-cli-v2/cmd/analyze.go:360) Config file found for tool tool=trivy toolConfigPath=.codacy/tools-configs/trivy.yaml
2026/07/10 14:07:37 Tool failed to run: failed to run Trivy: exit status 1
2026-07-10T14:07:41+02:00 [INFO] (codacy-cli-v2/cli-v2.go:27) Starting Codacy CLI version=1.0.0-main.380.sha.27e119a (27e119a) built at 2026-06-11T09:54:47Z
2026-07-10T14:07:41+02:00 [INFO] (codacy-cli-v2/cmd/root.go:34) Executing CLI command full_command=[/Users/Andreas/Library/Caches/Codacy/codacy-cli-v2/1.0.0-main.380.sha.27e119a/codacy-cli-v2 analyze /Users/Andreas/GitHub/thalassa/.vscode/mcp.json --format sarif] args=[/Users/Andreas/GitHub/thalassa/.vscode/mcp.json] command=analyze
2026/07/10 14:07:41 Running all configured tools...
2026/07/10 14:07:41 Skipping revive as it doesn't support the specified file(s)
2026/07/10 14:07:41 Skipping dartanalyzer as it doesn't support the specified file(s)
2026/07/10 14:07:41 Skipping eslint as it doesn't support the specified file(s)
2026/07/10 14:07:41 Skipping lizard as it doesn't support the specified file(s)
2026/07/10 14:07:41 Skipping opengrep as it doesn't support the specified file(s)
2026/07/10 14:07:41 Skipping pmd as it doesn't support the specified file(s)
2026/07/10 14:07:41 Skipping pylint as it doesn't support the specified file(s)
2026/07/10 14:07:41 Running tools for the specified file(s)...
2026/07/10 14:07:41 Running trivy...
2026-07-10T14:07:41+02:00 [INFO] (codacy-cli-v2/cmd/analyze.go:360) Config file found for tool tool=trivy toolConfigPath=.codacy/tools-configs/trivy.yaml
2026/07/10 14:07:42 Tool failed to run: failed to run Trivy: exit status 1
2026-07-10T14:10:37+02:00 [INFO] (codacy-cli-v2/cli-v2.go:27) Starting Codacy CLI version=1.0.0-main.380.sha.27e119a (27e119a) built at 2026-06-11T09:54:47Z
2026-07-10T14:10:37+02:00 [INFO] (codacy-cli-v2/cmd/root.go:34) Executing CLI command command=analyze full_command=[/Users/Andreas/Library/Caches/Codacy/codacy-cli-v2/1.0.0-main.380.sha.27e119a/codacy-cli-v2 analyze /Users/Andreas/GitHub/aither/.vscode/mcp.json --format sarif] args=[/Users/Andreas/GitHub/aither/.vscode/mcp.json]
2026/07/10 14:10:37 Running all configured tools...
2026/07/10 14:10:37 Skipping eslint as it doesn't support the specified file(s)
2026/07/10 14:10:37 Skipping lizard as it doesn't support the specified file(s)
2026/07/10 14:10:37 Skipping opengrep as it doesn't support the specified file(s)
2026/07/10 14:10:37 Skipping pmd as it doesn't support the specified file(s)
2026/07/10 14:10:37 Skipping pylint as it doesn't support the specified file(s)
2026/07/10 14:10:37 Skipping revive as it doesn't support the specified file(s)
2026/07/10 14:10:37 Skipping dartanalyzer as it doesn't support the specified file(s)
2026/07/10 14:10:37 Running tools for the specified file(s)...
2026/07/10 14:10:37 Running trivy...
2026-07-10T14:10:37+02:00 [INFO] (codacy-cli-v2/cmd/analyze.go:360) Config file found for tool tool=trivy toolConfigPath=.codacy/tools-configs/trivy.yaml
2026/07/10 14:10:37 Tool failed to run: failed to run Trivy: exit status 1
2026-07-10T14:10:41+02:00 [INFO] (codacy-cli-v2/cli-v2.go:27) Starting Codacy CLI version=1.0.0-main.380.sha.27e119a (27e119a) built at 2026-06-11T09:54:47Z
2026-07-10T14:10:41+02:00 [INFO] (codacy-cli-v2/cmd/root.go:34) Executing CLI command command=analyze full_command=[/Users/Andreas/Library/Caches/Codacy/codacy-cli-v2/1.0.0-main.380.sha.27e119a/codacy-cli-v2 analyze /Users/Andreas/GitHub/gaia/.vscode/mcp.json --format sarif] args=[/Users/Andreas/GitHub/gaia/.vscode/mcp.json]
2026/07/10 14:10:41 Running all configured tools...
2026/07/10 14:10:41 Skipping opengrep as it doesn't support the specified file(s)
2026/07/10 14:10:41 Skipping pmd as it doesn't support the specified file(s)
2026/07/10 14:10:41 Skipping pylint as it doesn't support the specified file(s)
2026/07/10 14:10:41 Skipping revive as it doesn't support the specified file(s)
2026/07/10 14:10:41 Skipping dartanalyzer as it doesn't support the specified file(s)
2026/07/10 14:10:41 Skipping eslint as it doesn't support the specified file(s)
2026/07/10 14:10:41 Skipping lizard as it doesn't support the specified file(s)
2026/07/10 14:10:41 Running tools for the specified file(s)...
2026/07/10 14:10:41 Running trivy...
2026-07-10T14:10:41+02:00 [INFO] (codacy-cli-v2/cmd/analyze.go:360) Config file found for tool tool=trivy toolConfigPath=.codacy/tools-configs/trivy.yaml
2026/07/10 14:10:42 Tool failed to run: failed to run Trivy: exit status 1
2026-07-10T14:10:43+02:00 [INFO] (codacy-cli-v2/cli-v2.go:27) Starting Codacy CLI version=1.0.0-main.380.sha.27e119a (27e119a) built at 2026-06-11T09:54:47Z
2026-07-10T14:10:43+02:00 [INFO] (codacy-cli-v2/cmd/root.go:34) Executing CLI command command=analyze full_command=[/Users/Andreas/Library/Caches/Codacy/codacy-cli-v2/1.0.0-main.380.sha.27e119a/codacy-cli-v2 analyze /Users/Andreas/GitHub/thalassa/.vscode/mcp.json --format sarif] args=[/Users/Andreas/GitHub/thalassa/.vscode/mcp.json]
2026/07/10 14:10:43 Running all configured tools...
2026/07/10 14:10:43 Skipping dartanalyzer as it doesn't support the specified file(s)
2026/07/10 14:10:43 Skipping eslint as it doesn't support the specified file(s)
2026/07/10 14:10:43 Skipping lizard as it doesn't support the specified file(s)
2026/07/10 14:10:43 Skipping opengrep as it doesn't support the specified file(s)
2026/07/10 14:10:43 Skipping pmd as it doesn't support the specified file(s)
2026/07/10 14:10:43 Skipping pylint as it doesn't support the specified file(s)
2026/07/10 14:10:43 Skipping revive as it doesn't support the specified file(s)
2026/07/10 14:10:43 Running tools for the specified file(s)...
2026/07/10 14:10:43 Running trivy...
2026-07-10T14:10:43+02:00 [INFO] (codacy-cli-v2/cmd/analyze.go:360) Config file found for tool tool=trivy toolConfigPath=.codacy/tools-configs/trivy.yaml
2026/07/10 14:10:43 Tool failed to run: failed to run Trivy: exit status 1
2026-07-10T14:13:37+02:00 [INFO] (codacy-cli-v2/cli-v2.go:27) Starting Codacy CLI version=1.0.0-main.380.sha.27e119a (27e119a) built at 2026-06-11T09:54:47Z
2026-07-10T14:13:37+02:00 [INFO] (codacy-cli-v2/cmd/root.go:34) Executing CLI command command=analyze full_command=[/Users/Andreas/Library/Caches/Codacy/codacy-cli-v2/1.0.0-main.380.sha.27e119a/codacy-cli-v2 analyze /Users/Andreas/GitHub/aither/.vscode/mcp.json --format sarif] args=[/Users/Andreas/GitHub/aither/.vscode/mcp.json]
2026/07/10 14:13:37 Running all configured tools...
2026/07/10 14:13:37 Skipping dartanalyzer as it doesn't support the specified file(s)
2026/07/10 14:13:37 Skipping eslint as it doesn't support the specified file(s)
2026/07/10 14:13:37 Skipping lizard as it doesn't support the specified file(s)
2026/07/10 14:13:37 Skipping opengrep as it doesn't support the specified file(s)
2026/07/10 14:13:37 Skipping pmd as it doesn't support the specified file(s)
2026/07/10 14:13:37 Skipping pylint as it doesn't support the specified file(s)
2026/07/10 14:13:37 Skipping revive as it doesn't support the specified file(s)
2026/07/10 14:13:37 Running tools for the specified file(s)...
2026/07/10 14:13:37 Running trivy...
2026-07-10T14:13:37+02:00 [INFO] (codacy-cli-v2/cmd/analyze.go:360) Config file found for tool toolConfigPath=.codacy/tools-configs/trivy.yaml tool=trivy
2026/07/10 14:13:38 Tool failed to run: failed to run Trivy: exit status 1
2026-07-10T14:13:42+02:00 [INFO] (codacy-cli-v2/cli-v2.go:27) Starting Codacy CLI version=1.0.0-main.380.sha.27e119a (27e119a) built at 2026-06-11T09:54:47Z
2026-07-10T14:13:43+02:00 [INFO] (codacy-cli-v2/cmd/root.go:34) Executing CLI command command=analyze full_command=[/Users/Andreas/Library/Caches/Codacy/codacy-cli-v2/1.0.0-main.380.sha.27e119a/codacy-cli-v2 analyze /Users/Andreas/GitHub/gaia/.vscode/mcp.json --format sarif] args=[/Users/Andreas/GitHub/gaia/.vscode/mcp.json]
2026/07/10 14:13:43 Running all configured tools...
2026/07/10 14:13:43 Skipping lizard as it doesn't support the specified file(s)
2026/07/10 14:13:43 Skipping opengrep as it doesn't support the specified file(s)
2026/07/10 14:13:43 Skipping pmd as it doesn't support the specified file(s)
2026/07/10 14:13:43 Skipping pylint as it doesn't support the specified file(s)
2026/07/10 14:13:43 Skipping revive as it doesn't support the specified file(s)
2026/07/10 14:13:43 Skipping dartanalyzer as it doesn't support the specified file(s)
2026/07/10 14:13:43 Skipping eslint as it doesn't support the specified file(s)
2026/07/10 14:13:43 Running tools for the specified file(s)...
2026/07/10 14:13:43 Running trivy...
2026-07-10T14:13:43+02:00 [INFO] (codacy-cli-v2/cmd/analyze.go:360) Config file found for tool tool=trivy toolConfigPath=.codacy/tools-configs/trivy.yaml
2026/07/10 14:13:43 Tool failed to run: failed to run Trivy: exit status 1
2026-07-10T14:13:46+02:00 [INFO] (codacy-cli-v2/cli-v2.go:27) Starting Codacy CLI version=1.0.0-main.380.sha.27e119a (27e119a) built at 2026-06-11T09:54:47Z
2026-07-10T14:13:46+02:00 [INFO] (codacy-cli-v2/cmd/root.go:34) Executing CLI command command=analyze full_command=[/Users/Andreas/Library/Caches/Codacy/codacy-cli-v2/1.0.0-main.380.sha.27e119a/codacy-cli-v2 analyze /Users/Andreas/GitHub/thalassa/.vscode/mcp.json --format sarif] args=[/Users/Andreas/GitHub/thalassa/.vscode/mcp.json]
2026/07/10 14:13:46 Running all configured tools...
2026/07/10 14:13:46 Skipping pylint as it doesn't support the specified file(s)
2026/07/10 14:13:46 Skipping revive as it doesn't support the specified file(s)
2026/07/10 14:13:46 Skipping dartanalyzer as it doesn't support the specified file(s)
2026/07/10 14:13:46 Skipping eslint as it doesn't support the specified file(s)
2026/07/10 14:13:46 Skipping lizard as it doesn't support the specified file(s)
2026/07/10 14:13:46 Skipping opengrep as it doesn't support the specified file(s)
2026/07/10 14:13:46 Skipping pmd as it doesn't support the specified file(s)
2026/07/10 14:13:46 Running tools for the specified file(s)...
2026/07/10 14:13:46 Running trivy...
2026-07-10T14:13:46+02:00 [INFO] (codacy-cli-v2/cmd/analyze.go:360) Config file found for tool tool=trivy toolConfigPath=.codacy/tools-configs/trivy.yaml
2026/07/10 14:13:46 Tool failed to run: failed to run Trivy: exit status 1
2026-07-10T14:16:38+02:00 [INFO] (codacy-cli-v2/cli-v2.go:27) Starting Codacy CLI version=1.0.0-main.380.sha.27e119a (27e119a) built at 2026-06-11T09:54:47Z
2026-07-10T14:16:38+02:00 [INFO] (codacy-cli-v2/cmd/root.go:34) Executing CLI command full_command=[/Users/Andreas/Library/Caches/Codacy/codacy-cli-v2/1.0.0-main.380.sha.27e119a/codacy-cli-v2 analyze /Users/Andreas/GitHub/aither/.vscode/mcp.json --format sarif] args=[/Users/Andreas/GitHub/aither/.vscode/mcp.json] command=analyze
2026/07/10 14:16:38 Running all configured tools...
2026/07/10 14:16:38 Skipping opengrep as it doesn't support the specified file(s)
2026/07/10 14:16:38 Skipping pmd as it doesn't support the specified file(s)
2026/07/10 14:16:38 Skipping pylint as it doesn't support the specified file(s)
2026/07/10 14:16:38 Skipping revive as it doesn't support the specified file(s)
2026/07/10 14:16:38 Skipping dartanalyzer as it doesn't support the specified file(s)
2026/07/10 14:16:38 Skipping eslint as it doesn't support the specified file(s)
2026/07/10 14:16:38 Skipping lizard as it doesn't support the specified file(s)
2026/07/10 14:16:38 Running tools for the specified file(s)...
2026/07/10 14:16:38 Running trivy...
2026-07-10T14:16:38+02:00 [INFO] (codacy-cli-v2/cmd/analyze.go:360) Config file found for tool tool=trivy toolConfigPath=.codacy/tools-configs/trivy.yaml
2026/07/10 14:16:39 Tool failed to run: failed to run Trivy: exit status 1
2026-07-10T14:16:43+02:00 [INFO] (codacy-cli-v2/cli-v2.go:27) Starting Codacy CLI version=1.0.0-main.380.sha.27e119a (27e119a) built at 2026-06-11T09:54:47Z
2026-07-10T14:16:43+02:00 [INFO] (codacy-cli-v2/cmd/root.go:34) Executing CLI command full_command=[/Users/Andreas/Library/Caches/Codacy/codacy-cli-v2/1.0.0-main.380.sha.27e119a/codacy-cli-v2 analyze /Users/Andreas/GitHub/gaia/.vscode/mcp.json --format sarif] args=[/Users/Andreas/GitHub/gaia/.vscode/mcp.json] command=analyze
2026/07/10 14:16:43 Running all configured tools...
2026/07/10 14:16:43 Skipping eslint as it doesn't support the specified file(s)
2026/07/10 14:16:43 Skipping lizard as it doesn't support the specified file(s)
2026/07/10 14:16:43 Skipping opengrep as it doesn't support the specified file(s)
2026/07/10 14:16:43 Skipping pmd as it doesn't support the specified file(s)
2026/07/10 14:16:43 Skipping pylint as it doesn't support the specified file(s)
2026/07/10 14:16:43 Skipping revive as it doesn't support the specified file(s)
2026/07/10 14:16:43 Skipping dartanalyzer as it doesn't support the specified file(s)
2026/07/10 14:16:43 Running tools for the specified file(s)...
2026/07/10 14:16:43 Running trivy...
2026-07-10T14:16:43+02:00 [INFO] (codacy-cli-v2/cmd/analyze.go:360) Config file found for tool toolConfigPath=.codacy/tools-configs/trivy.yaml tool=trivy
2026/07/10 14:16:43 Tool failed to run: failed to run Trivy: exit status 1
2026-07-10T14:16:48+02:00 [INFO] (codacy-cli-v2/cli-v2.go:27) Starting Codacy CLI version=1.0.0-main.380.sha.27e119a (27e119a) built at 2026-06-11T09:54:47Z
2026-07-10T14:16:48+02:00 [INFO] (codacy-cli-v2/cmd/root.go:34) Executing CLI command command=analyze full_command=[/Users/Andreas/Library/Caches/Codacy/codacy-cli-v2/1.0.0-main.380.sha.27e119a/codacy-cli-v2 analyze /Users/Andreas/GitHub/thalassa/.vscode/mcp.json --format sarif] args=[/Users/Andreas/GitHub/thalassa/.vscode/mcp.json]
2026/07/10 14:16:48 Running all configured tools...
2026/07/10 14:16:48 Skipping dartanalyzer as it doesn't support the specified file(s)
2026/07/10 14:16:48 Skipping eslint as it doesn't support the specified file(s)
2026/07/10 14:16:48 Skipping lizard as it doesn't support the specified file(s)
2026/07/10 14:16:48 Skipping opengrep as it doesn't support the specified file(s)
2026/07/10 14:16:48 Skipping pmd as it doesn't support the specified file(s)
2026/07/10 14:16:48 Skipping pylint as it doesn't support the specified file(s)
2026/07/10 14:16:48 Skipping revive as it doesn't support the specified file(s)
2026/07/10 14:16:48 Running tools for the specified file(s)...
2026/07/10 14:16:48 Running trivy...
2026-07-10T14:16:48+02:00 [INFO] (codacy-cli-v2/cmd/analyze.go:360) Config file found for tool tool=trivy toolConfigPath=.codacy/tools-configs/trivy.yaml
2026/07/10 14:16:49 Tool failed to run: failed to run Trivy: exit status 1
2026-07-10T14:19:39+02:00 [INFO] (codacy-cli-v2/cli-v2.go:27) Starting Codacy CLI version=1.0.0-main.380.sha.27e119a (27e119a) built at 2026-06-11T09:54:47Z
2026-07-10T14:19:39+02:00 [INFO] (codacy-cli-v2/cmd/root.go:34) Executing CLI command command=analyze full_command=[/Users/Andreas/Library/Caches/Codacy/codacy-cli-v2/1.0.0-main.380.sha.27e119a/codacy-cli-v2 analyze /Users/Andreas/GitHub/aither/.vscode/mcp.json --format sarif] args=[/Users/Andreas/GitHub/aither/.vscode/mcp.json]
2026/07/10 14:19:39 Running all configured tools...
2026/07/10 14:19:39 Skipping opengrep as it doesn't support the specified file(s)
2026/07/10 14:19:39 Skipping pmd as it doesn't support the specified file(s)
2026/07/10 14:19:39 Skipping pylint as it doesn't support the specified file(s)
2026/07/10 14:19:39 Skipping revive as it doesn't support the specified file(s)
2026/07/10 14:19:39 Skipping dartanalyzer as it doesn't support the specified file(s)
2026/07/10 14:19:39 Skipping eslint as it doesn't support the specified file(s)
2026/07/10 14:19:39 Skipping lizard as it doesn't support the specified file(s)
2026/07/10 14:19:39 Running tools for the specified file(s)...
2026/07/10 14:19:39 Running trivy...
2026-07-10T14:19:39+02:00 [INFO] (codacy-cli-v2/cmd/analyze.go:360) Config file found for tool tool=trivy toolConfigPath=.codacy/tools-configs/trivy.yaml
2026/07/10 14:19:39 Tool failed to run: failed to run Trivy: exit status 1
2026-07-10T14:19:45+02:00 [INFO] (codacy-cli-v2/cli-v2.go:27) Starting Codacy CLI version=1.0.0-main.380.sha.27e119a (27e119a) built at 2026-06-11T09:54:47Z
2026-07-10T14:19:45+02:00 [INFO] (codacy-cli-v2/cmd/root.go:34) Executing CLI command command=analyze full_command=[/Users/Andreas/Library/Caches/Codacy/codacy-cli-v2/1.0.0-main.380.sha.27e119a/codacy-cli-v2 analyze /Users/Andreas/GitHub/gaia/.vscode/mcp.json --format sarif] args=[/Users/Andreas/GitHub/gaia/.vscode/mcp.json]
2026/07/10 14:19:45 Running all configured tools...
2026/07/10 14:19:45 Skipping revive as it doesn't support the specified file(s)
2026/07/10 14:19:45 Skipping dartanalyzer as it doesn't support the specified file(s)
2026/07/10 14:19:45 Skipping eslint as it doesn't support the specified file(s)
2026/07/10 14:19:45 Skipping lizard as it doesn't support the specified file(s)
2026/07/10 14:19:45 Skipping opengrep as it doesn't support the specified file(s)
2026/07/10 14:19:45 Skipping pmd as it doesn't support the specified file(s)
2026/07/10 14:19:45 Skipping pylint as it doesn't support the specified file(s)
2026/07/10 14:19:45 Running tools for the specified file(s)...
2026/07/10 14:19:45 Running trivy...
2026-07-10T14:19:45+02:00 [INFO] (codacy-cli-v2/cmd/analyze.go:360) Config file found for tool tool=trivy toolConfigPath=.codacy/tools-configs/trivy.yaml
2026/07/10 14:19:45 Tool failed to run: failed to run Trivy: exit status 1
2026-07-10T14:19:51+02:00 [INFO] (codacy-cli-v2/cli-v2.go:27) Starting Codacy CLI version=1.0.0-main.380.sha.27e119a (27e119a) built at 2026-06-11T09:54:47Z
2026-07-10T14:19:51+02:00 [INFO] (codacy-cli-v2/cmd/root.go:34) Executing CLI command command=analyze full_command=[/Users/Andreas/Library/Caches/Codacy/codacy-cli-v2/1.0.0-main.380.sha.27e119a/codacy-cli-v2 analyze /Users/Andreas/GitHub/thalassa/.vscode/mcp.json --format sarif] args=[/Users/Andreas/GitHub/thalassa/.vscode/mcp.json]
2026/07/10 14:19:51 Running all configured tools...
2026/07/10 14:19:51 Skipping pylint as it doesn't support the specified file(s)
2026/07/10 14:19:51 Skipping revive as it doesn't support the specified file(s)
2026/07/10 14:19:51 Skipping dartanalyzer as it doesn't support the specified file(s)
2026/07/10 14:19:51 Skipping eslint as it doesn't support the specified file(s)
2026/07/10 14:19:51 Skipping lizard as it doesn't support the specified file(s)
2026/07/10 14:19:51 Skipping opengrep as it doesn't support the specified file(s)
2026/07/10 14:19:51 Skipping pmd as it doesn't support the specified file(s)
2026/07/10 14:19:51 Running tools for the specified file(s)...
2026/07/10 14:19:51 Running trivy...
2026-07-10T14:19:51+02:00 [INFO] (codacy-cli-v2/cmd/analyze.go:360) Config file found for tool tool=trivy toolConfigPath=.codacy/tools-configs/trivy.yaml
2026/07/10 14:19:51 Tool failed to run: failed to run Trivy: exit status 1
2026-07-10T14:21:41+02:00 [INFO] (codacy-cli-v2/cli-v2.go:27) Starting Codacy CLI version=1.0.0-main.380.sha.27e119a (27e119a) built at 2026-06-11T09:54:47Z
2026-07-10T14:21:41+02:00 [INFO] (codacy-cli-v2/cmd/root.go:34) Executing CLI command command=analyze full_command=[/Users/Andreas/Library/Caches/Codacy/codacy-cli-v2/1.0.0-main.380.sha.27e119a/codacy-cli-v2 analyze /Users/Andreas/Library/Application Support/Code/User/workspaceStorage/1996028959a2c86bb93333cd4591544d/GitHub.copilot-chat/chat-session-resources/69869599-743d-44b2-81b0-00976b981a7b/call_9FBZQEkLblVZKfnIgIhuz3Db__vscode-1783684165989/content.txt --format sarif] args=[/Users/Andreas/Library/Application Support/Code/User/workspaceStorage/1996028959a2c86bb93333cd4591544d/GitHub.copilot-chat/chat-session-resources/69869599-743d-44b2-81b0-00976b981a7b/call_9FBZQEkLblVZKfnIgIhuz3Db__vscode-1783684165989/content.txt]
2026/07/10 14:21:41 Running all configured tools...
2026/07/10 14:21:41 Skipping pylint as it doesn't support the specified file(s)
2026/07/10 14:21:41 Skipping revive as it doesn't support the specified file(s)
2026/07/10 14:21:41 Skipping trivy as it doesn't support the specified file(s)
2026/07/10 14:21:41 Skipping dartanalyzer as it doesn't support the specified file(s)
2026/07/10 14:21:41 Skipping eslint as it doesn't support the specified file(s)
2026/07/10 14:21:41 Skipping lizard as it doesn't support the specified file(s)
2026/07/10 14:21:41 Skipping opengrep as it doesn't support the specified file(s)
2026/07/10 14:21:41 Skipping pmd as it doesn't support the specified file(s)
2026/07/10 14:21:41 No tools support the specified file(s). Skipping analysis.
2026-07-10T14:22:26+02:00 [INFO] (codacy-cli-v2/cli-v2.go:27) Starting Codacy CLI version=1.0.0-main.380.sha.27e119a (27e119a) built at 2026-06-11T09:54:47Z
2026-07-10T14:22:26+02:00 [INFO] (codacy-cli-v2/cmd/root.go:34) Executing CLI command full_command=[/Users/Andreas/Library/Caches/Codacy/codacy-cli-v2/1.0.0-main.380.sha.27e119a/codacy-cli-v2 analyze /Users/Andreas/Library/Application Support/Code/User/workspaceStorage/1996028959a2c86bb93333cd4591544d/GitHub.copilot-chat/chat-session-resources/69869599-743d-44b2-81b0-00976b981a7b/call_bB5ALna8MN9LqDvh5zSfMn37__vscode-1783684165992/content.txt --format sarif] args=[/Users/Andreas/Library/Application Support/Code/User/workspaceStorage/1996028959a2c86bb93333cd4591544d/GitHub.copilot-chat/chat-session-resources/69869599-743d-44b2-81b0-00976b981a7b/call_bB5ALna8MN9LqDvh5zSfMn37__vscode-1783684165992/content.txt] command=analyze
2026/07/10 14:22:26 Running all configured tools...
2026/07/10 14:22:26 Skipping eslint as it doesn't support the specified file(s)
2026/07/10 14:22:26 Skipping lizard as it doesn't support the specified file(s)
2026/07/10 14:22:26 Skipping opengrep as it doesn't support the specified file(s)
2026/07/10 14:22:26 Skipping pmd as it doesn't support the specified file(s)
2026/07/10 14:22:26 Skipping pylint as it doesn't support the specified file(s)
2026/07/10 14:22:26 Skipping revive as it doesn't support the specified file(s)
2026/07/10 14:22:26 Skipping trivy as it doesn't support the specified file(s)
2026/07/10 14:22:26 Skipping dartanalyzer as it doesn't support the specified file(s)
2026/07/10 14:22:26 No tools support the specified file(s). Skipping analysis.
2026-07-10T14:22:40+02:00 [INFO] (codacy-cli-v2/cli-v2.go:27) Starting Codacy CLI version=1.0.0-main.380.sha.27e119a (27e119a) built at 2026-06-11T09:54:47Z
2026-07-10T14:22:40+02:00 [INFO] (codacy-cli-v2/cmd/root.go:34) Executing CLI command args=[/Users/Andreas/GitHub/aither/.vscode/mcp.json] command=analyze full_command=[/Users/Andreas/Library/Caches/Codacy/codacy-cli-v2/1.0.0-main.380.sha.27e119a/codacy-cli-v2 analyze /Users/Andreas/GitHub/aither/.vscode/mcp.json --format sarif]
2026/07/10 14:22:40 Running all configured tools...
2026/07/10 14:22:40 Skipping lizard as it doesn't support the specified file(s)
2026/07/10 14:22:40 Skipping opengrep as it doesn't support the specified file(s)
2026/07/10 14:22:40 Skipping pmd as it doesn't support the specified file(s)
2026/07/10 14:22:40 Skipping pylint as it doesn't support the specified file(s)
2026/07/10 14:22:40 Skipping revive as it doesn't support the specified file(s)
2026/07/10 14:22:40 Skipping dartanalyzer as it doesn't support the specified file(s)
2026/07/10 14:22:40 Skipping eslint as it doesn't support the specified file(s)
2026/07/10 14:22:40 Running tools for the specified file(s)...
2026/07/10 14:22:40 Running trivy...
2026-07-10T14:22:40+02:00 [INFO] (codacy-cli-v2/cmd/analyze.go:360) Config file found for tool tool=trivy toolConfigPath=.codacy/tools-configs/trivy.yaml
2026/07/10 14:22:41 Tool failed to run: failed to run Trivy: exit status 1
2026-07-10T14:22:46+02:00 [INFO] (codacy-cli-v2/cli-v2.go:27) Starting Codacy CLI version=1.0.0-main.380.sha.27e119a (27e119a) built at 2026-06-11T09:54:47Z
2026-07-10T14:22:46+02:00 [INFO] (codacy-cli-v2/cmd/root.go:34) Executing CLI command args=[/Users/Andreas/GitHub/gaia/.vscode/mcp.json] command=analyze full_command=[/Users/Andreas/Library/Caches/Codacy/codacy-cli-v2/1.0.0-main.380.sha.27e119a/codacy-cli-v2 analyze /Users/Andreas/GitHub/gaia/.vscode/mcp.json --format sarif]
2026/07/10 14:22:46 Running all configured tools...
2026/07/10 14:22:46 Skipping pylint as it doesn't support the specified file(s)
2026/07/10 14:22:46 Skipping revive as it doesn't support the specified file(s)
2026/07/10 14:22:46 Skipping dartanalyzer as it doesn't support the specified file(s)
2026/07/10 14:22:46 Skipping eslint as it doesn't support the specified file(s)
2026/07/10 14:22:46 Skipping lizard as it doesn't support the specified file(s)
2026/07/10 14:22:46 Skipping opengrep as it doesn't support the specified file(s)
2026/07/10 14:22:46 Skipping pmd as it doesn't support the specified file(s)
2026/07/10 14:22:46 Running tools for the specified file(s)...
2026/07/10 14:22:46 Running trivy...
2026-07-10T14:22:46+02:00 [INFO] (codacy-cli-v2/cmd/analyze.go:360) Config file found for tool toolConfigPath=.codacy/tools-configs/trivy.yaml tool=trivy
2026/07/10 14:22:46 Tool failed to run: failed to run Trivy: exit status 1
2026-07-10T14:22:48+02:00 [INFO] (codacy-cli-v2/cli-v2.go:27) Starting Codacy CLI version=1.0.0-main.380.sha.27e119a (27e119a) built at 2026-06-11T09:54:47Z
2026-07-10T14:22:48+02:00 [INFO] (codacy-cli-v2/cmd/root.go:34) Executing CLI command command=analyze full_command=[/Users/Andreas/Library/Caches/Codacy/codacy-cli-v2/1.0.0-main.380.sha.27e119a/codacy-cli-v2 analyze /Users/Andreas/Library/Application Support/Code/User/workspaceStorage/1996028959a2c86bb93333cd4591544d/GitHub.copilot-chat/chat-session-resources/69869599-743d-44b2-81b0-00976b981a7b/call_o25vJY2TPWtLWUIbjJP1dvCf__vscode-1783684165995/content.txt --format sarif] args=[/Users/Andreas/Library/Application Support/Code/User/workspaceStorage/1996028959a2c86bb93333cd4591544d/GitHub.copilot-chat/chat-session-resources/69869599-743d-44b2-81b0-00976b981a7b/call_o25vJY2TPWtLWUIbjJP1dvCf__vscode-1783684165995/content.txt]
2026/07/10 14:22:48 Running all configured tools...
2026/07/10 14:22:48 Skipping dartanalyzer as it doesn't support the specified file(s)
2026/07/10 14:22:48 Skipping eslint as it doesn't support the specified file(s)
2026/07/10 14:22:48 Skipping lizard as it doesn't support the specified file(s)
2026/07/10 14:22:48 Skipping opengrep as it doesn't support the specified file(s)
2026/07/10 14:22:48 Skipping pmd as it doesn't support the specified file(s)
2026/07/10 14:22:48 Skipping pylint as it doesn't support the specified file(s)
2026/07/10 14:22:48 Skipping revive as it doesn't support the specified file(s)
2026/07/10 14:22:48 Skipping trivy as it doesn't support the specified file(s)
2026/07/10 14:22:48 No tools support the specified file(s). Skipping analysis.
2026-07-10T14:22:52+02:00 [INFO] (codacy-cli-v2/cli-v2.go:27) Starting Codacy CLI version=1.0.0-main.380.sha.27e119a (27e119a) built at 2026-06-11T09:54:47Z
2026-07-10T14:22:52+02:00 [INFO] (codacy-cli-v2/cmd/root.go:34) Executing CLI command command=analyze full_command=[/Users/Andreas/Library/Caches/Codacy/codacy-cli-v2/1.0.0-main.380.sha.27e119a/codacy-cli-v2 analyze /Users/Andreas/GitHub/thalassa/.vscode/mcp.json --format sarif] args=[/Users/Andreas/GitHub/thalassa/.vscode/mcp.json]
2026/07/10 14:22:52 Running all configured tools...
2026/07/10 14:22:52 Skipping dartanalyzer as it doesn't support the specified file(s)
2026/07/10 14:22:52 Skipping eslint as it doesn't support the specified file(s)
2026/07/10 14:22:52 Skipping lizard as it doesn't support the specified file(s)
2026/07/10 14:22:52 Skipping opengrep as it doesn't support the specified file(s)
2026/07/10 14:22:52 Skipping pmd as it doesn't support the specified file(s)
2026/07/10 14:22:52 Skipping pylint as it doesn't support the specified file(s)
2026/07/10 14:22:52 Skipping revive as it doesn't support the specified file(s)
2026/07/10 14:22:52 Running tools for the specified file(s)...
2026/07/10 14:22:52 Running trivy...
2026-07-10T14:22:52+02:00 [INFO] (codacy-cli-v2/cmd/analyze.go:360) Config file found for tool tool=trivy toolConfigPath=.codacy/tools-configs/trivy.yaml
2026/07/10 14:22:52 Tool failed to run: failed to run Trivy: exit status 1
2026-07-10T14:23:03+02:00 [INFO] (codacy-cli-v2/cli-v2.go:27) Starting Codacy CLI version=1.0.0-main.380.sha.27e119a (27e119a) built at 2026-06-11T09:54:47Z
2026-07-10T14:23:03+02:00 [INFO] (codacy-cli-v2/cmd/root.go:34) Executing CLI command command=analyze full_command=[/Users/Andreas/Library/Caches/Codacy/codacy-cli-v2/1.0.0-main.380.sha.27e119a/codacy-cli-v2 analyze /Users/Andreas/Library/Application Support/Code/User/workspaceStorage/1996028959a2c86bb93333cd4591544d/GitHub.copilot-chat/chat-session-resources/69869599-743d-44b2-81b0-00976b981a7b/call_cVNgsqilKz16adqVboe4PaUW__vscode-1783684165997/content.txt --format sarif] args=[/Users/Andreas/Library/Application Support/Code/User/workspaceStorage/1996028959a2c86bb93333cd4591544d/GitHub.copilot-chat/chat-session-resources/69869599-743d-44b2-81b0-00976b981a7b/call_cVNgsqilKz16adqVboe4PaUW__vscode-1783684165997/content.txt]
2026/07/10 14:23:03 Running all configured tools...
2026/07/10 14:23:03 Skipping opengrep as it doesn't support the specified file(s)
2026/07/10 14:23:03 Skipping pmd as it doesn't support the specified file(s)
2026/07/10 14:23:03 Skipping pylint as it doesn't support the specified file(s)
2026/07/10 14:23:03 Skipping revive as it doesn't support the specified file(s)
2026/07/10 14:23:03 Skipping trivy as it doesn't support the specified file(s)
2026/07/10 14:23:03 Skipping dartanalyzer as it doesn't support the specified file(s)
2026/07/10 14:23:03 Skipping eslint as it doesn't support the specified file(s)
2026/07/10 14:23:03 Skipping lizard as it doesn't support the specified file(s)
2026/07/10 14:23:03 No tools support the specified file(s). Skipping analysis.
2026-07-10T14:23:23+02:00 [INFO] (codacy-cli-v2/cli-v2.go:27) Starting Codacy CLI version=1.0.0-main.380.sha.27e119a (27e119a) built at 2026-06-11T09:54:47Z
2026-07-10T14:23:23+02:00 [INFO] (codacy-cli-v2/cmd/root.go:34) Executing CLI command command=analyze full_command=[/Users/Andreas/Library/Caches/Codacy/codacy-cli-v2/1.0.0-main.380.sha.27e119a/codacy-cli-v2 analyze /Users/Andreas/Library/Application Support/Code/User/settings.json --format sarif] args=[/Users/Andreas/Library/Application Support/Code/User/settings.json]
2026/07/10 14:23:23 Running all configured tools...
2026/07/10 14:23:23 Skipping dartanalyzer as it doesn't support the specified file(s)
2026/07/10 14:23:23 Skipping eslint as it doesn't support the specified file(s)
2026/07/10 14:23:23 Skipping lizard as it doesn't support the specified file(s)
2026/07/10 14:23:23 Skipping opengrep as it doesn't support the specified file(s)
2026/07/10 14:23:23 Skipping pmd as it doesn't support the specified file(s)
2026/07/10 14:23:23 Skipping pylint as it doesn't support the specified file(s)
2026/07/10 14:23:23 Skipping revive as it doesn't support the specified file(s)
2026/07/10 14:23:23 Running tools for the specified file(s)...
2026/07/10 14:23:23 Running trivy...
2026-07-10T14:23:23+02:00 [INFO] (codacy-cli-v2/cmd/analyze.go:360) Config file found for tool toolConfigPath=.codacy/tools-configs/trivy.yaml tool=trivy
2026/07/10 14:23:24 Tool failed to run: failed to run Trivy: exit status 1
2026-07-10T14:25:15+02:00 [INFO] (codacy-cli-v2/cli-v2.go:27) Starting Codacy CLI version=1.0.0-main.380.sha.27e119a (27e119a) built at 2026-06-11T09:54:47Z
2026-07-10T14:25:15+02:00 [INFO] (codacy-cli-v2/cmd/root.go:34) Executing CLI command command=update full_command=[/Users/Andreas/Library/Caches/Codacy/codacy-cli-v2/1.0.0-main.380.sha.27e119a/codacy-cli-v2 update] args=[]
2026-07-10T14:25:15+02:00 [INFO] (codacy-cli-v2/cli-v2.go:27) Starting Codacy CLI version=1.0.0-main.380.sha.27e119a (27e119a) built at 2026-06-11T09:54:47Z
2026-07-10T14:25:15+02:00 [INFO] (codacy-cli-v2/cmd/root.go:34) Executing CLI command command=reset full_command=[/Users/Andreas/Library/Caches/Codacy/codacy-cli-v2/1.0.0-main.380.sha.27e119a/codacy-cli-v2 config reset] args=[]
2026-07-10T14:26:41+02:00 [INFO] (codacy-cli-v2/cli-v2.go:27) Starting Codacy CLI version=1.0.0-main.380.sha.27e119a (27e119a) built at 2026-06-11T09:54:47Z
2026-07-10T14:26:41+02:00 [INFO] (codacy-cli-v2/cmd/root.go:34) Executing CLI command command=analyze full_command=[/Users/Andreas/Library/Caches/Codacy/codacy-cli-v2/1.0.0-main.380.sha.27e119a/codacy-cli-v2 analyze /Users/Andreas/GitHub/gaia/.vscode/settings.json --format sarif] args=[/Users/Andreas/GitHub/gaia/.vscode/settings.json]
2026/07/10 14:26:41 Running all configured tools...
2026/07/10 14:26:41 Skipping pylint as it doesn't support the specified file(s)
2026/07/10 14:26:41 Skipping revive as it doesn't support the specified file(s)
2026/07/10 14:26:41 Skipping dartanalyzer as it doesn't support the specified file(s)
2026/07/10 14:26:41 Skipping eslint as it doesn't support the specified file(s)
2026/07/10 14:26:41 Skipping lizard as it doesn't support the specified file(s)
2026/07/10 14:26:41 Skipping opengrep as it doesn't support the specified file(s)
2026/07/10 14:26:41 Skipping pmd as it doesn't support the specified file(s)
2026/07/10 14:26:41 Running tools for the specified file(s)...
2026/07/10 14:26:41 Running trivy...
2026-07-10T14:26:41+02:00 [INFO] (codacy-cli-v2/cmd/analyze.go:360) Config file found for tool tool=trivy toolConfigPath=.codacy/tools-configs/trivy.yaml
2026/07/10 14:26:41 Tool failed to run: failed to run Trivy: exit status 1
2026-07-10T14:27:05+02:00 [INFO] (codacy-cli-v2/cli-v2.go:27) Starting Codacy CLI version=1.0.0-main.380.sha.27e119a (27e119a) built at 2026-06-11T09:54:47Z
2026-07-10T14:27:05+02:00 [INFO] (codacy-cli-v2/cmd/root.go:34) Executing CLI command args=[/Users/Andreas/Library/Application Support/Code/User/workspaceStorage/1996028959a2c86bb93333cd4591544d/GitHub.copilot-chat/debug-logs/4618593f-c5e3-4d24-b1f2-92c4ed5102a7/main.jsonl] command=analyze full_command=[/Users/Andreas/Library/Caches/Codacy/codacy-cli-v2/1.0.0-main.380.sha.27e119a/codacy-cli-v2 analyze /Users/Andreas/Library/Application Support/Code/User/workspaceStorage/1996028959a2c86bb93333cd4591544d/GitHub.copilot-chat/debug-logs/4618593f-c5e3-4d24-b1f2-92c4ed5102a7/main.jsonl --format sarif]
2026/07/10 14:27:05 Running all configured tools...
2026/07/10 14:27:05 Skipping opengrep as it doesn't support the specified file(s)
2026/07/10 14:27:05 Skipping pmd as it doesn't support the specified file(s)
2026/07/10 14:27:05 Skipping pylint as it doesn't support the specified file(s)
2026/07/10 14:27:05 Skipping revive as it doesn't support the specified file(s)
2026/07/10 14:27:05 Skipping trivy as it doesn't support the specified file(s)
2026/07/10 14:27:05 Skipping dartanalyzer as it doesn't support the specified file(s)
2026/07/10 14:27:05 Skipping eslint as it doesn't support the specified file(s)
2026/07/10 14:27:05 Skipping lizard as it doesn't support the specified file(s)
2026/07/10 14:27:05 No tools support the specified file(s). Skipping analysis.
2026-07-10T14:27:09+02:00 [INFO] (codacy-cli-v2/cli-v2.go:27) Starting Codacy CLI version=1.0.0-main.380.sha.27e119a (27e119a) built at 2026-06-11T09:54:47Z
2026-07-10T14:27:09+02:00 [INFO] (codacy-cli-v2/cmd/root.go:34) Executing CLI command command=analyze full_command=[/Users/Andreas/Library/Caches/Codacy/codacy-cli-v2/1.0.0-main.380.sha.27e119a/codacy-cli-v2 analyze /Users/Andreas/Library/Application Support/Code/User/workspaceStorage/1996028959a2c86bb93333cd4591544d/GitHub.copilot-chat/debug-logs/4618593f-c5e3-4d24-b1f2-92c4ed5102a7/models.json --format sarif] args=[/Users/Andreas/Library/Application Support/Code/User/workspaceStorage/1996028959a2c86bb93333cd4591544d/GitHub.copilot-chat/debug-logs/4618593f-c5e3-4d24-b1f2-92c4ed5102a7/models.json]
2026/07/10 14:27:09 Running all configured tools...
2026/07/10 14:27:09 Skipping dartanalyzer as it doesn't support the specified file(s)
2026/07/10 14:27:09 Skipping eslint as it doesn't support the specified file(s)
2026/07/10 14:27:09 Skipping lizard as it doesn't support the specified file(s)
2026/07/10 14:27:09 Skipping opengrep as it doesn't support the specified file(s)
2026/07/10 14:27:09 Skipping pmd as it doesn't support the specified file(s)
2026/07/10 14:27:09 Skipping pylint as it doesn't support the specified file(s)
2026/07/10 14:27:09 Skipping revive as it doesn't support the specified file(s)
2026/07/10 14:27:09 Running tools for the specified file(s)...
2026/07/10 14:27:09 Running trivy...
2026-07-10T14:27:09+02:00 [INFO] (codacy-cli-v2/cmd/analyze.go:360) Config file found for tool tool=trivy toolConfigPath=.codacy/tools-configs/trivy.yaml
2026/07/10 14:27:10 Tool failed to run: failed to run Trivy: exit status 1
2026-07-10T14:27:19+02:00 [INFO] (codacy-cli-v2/cli-v2.go:27) Starting Codacy CLI version=1.0.0-main.380.sha.27e119a (27e119a) built at 2026-06-11T09:54:47Z
2026-07-10T14:27:19+02:00 [INFO] (codacy-cli-v2/cmd/root.go:34) Executing CLI command command=analyze full_command=[/Users/Andreas/Library/Caches/Codacy/codacy-cli-v2/1.0.0-main.380.sha.27e119a/codacy-cli-v2 analyze /Users/Andreas/Library/Application Support/Code/User/settings.json --format sarif] args=[/Users/Andreas/Library/Application Support/Code/User/settings.json]
2026/07/10 14:27:19 Running all configured tools...
2026/07/10 14:27:19 Skipping revive as it doesn't support the specified file(s)
2026/07/10 14:27:19 Skipping dartanalyzer as it doesn't support the specified file(s)
2026/07/10 14:27:19 Skipping eslint as it doesn't support the specified file(s)
2026/07/10 14:27:19 Skipping lizard as it doesn't support the specified file(s)
2026/07/10 14:27:19 Skipping opengrep as it doesn't support the specified file(s)
2026/07/10 14:27:19 Skipping pmd as it doesn't support the specified file(s)
2026/07/10 14:27:19 Skipping pylint as it doesn't support the specified file(s)
2026/07/10 14:27:19 Running tools for the specified file(s)...
2026/07/10 14:27:19 Running trivy...
2026-07-10T14:27:19+02:00 [INFO] (codacy-cli-v2/cmd/analyze.go:360) Config file found for tool tool=trivy toolConfigPath=.codacy/tools-configs/trivy.yaml
2026/07/10 14:27:20 Tool failed to run: failed to run Trivy: exit status 1
2026-07-10T14:28:16+02:00 [INFO] (codacy-cli-v2/cli-v2.go:27) Starting Codacy CLI version=1.0.0-main.380.sha.27e119a (27e119a) built at 2026-06-11T09:54:47Z
2026-07-10T14:28:16+02:00 [INFO] (codacy-cli-v2/cmd/root.go:34) Executing CLI command command=analyze full_command=[/Users/Andreas/Library/Caches/Codacy/codacy-cli-v2/1.0.0-main.380.sha.27e119a/codacy-cli-v2 analyze /Users/Andreas/GitHub/thalassa/.vscode/mcp.json --format sarif] args=[/Users/Andreas/GitHub/thalassa/.vscode/mcp.json]
2026/07/10 14:28:16 Running all configured tools...
2026/07/10 14:28:16 Skipping pmd as it doesn't support the specified file(s)
2026/07/10 14:28:16 Skipping pylint as it doesn't support the specified file(s)
2026/07/10 14:28:16 Skipping revive as it doesn't support the specified file(s)
2026/07/10 14:28:16 Skipping dartanalyzer as it doesn't support the specified file(s)
2026/07/10 14:28:16 Skipping eslint as it doesn't support the specified file(s)
2026/07/10 14:28:16 Skipping lizard as it doesn't support the specified file(s)
2026/07/10 14:28:16 Skipping opengrep as it doesn't support the specified file(s)
2026/07/10 14:28:16 Running tools for the specified file(s)...
2026/07/10 14:28:16 Running trivy...
2026-07-10T14:28:16+02:00 [INFO] (codacy-cli-v2/cmd/analyze.go:360) Config file found for tool toolConfigPath=.codacy/tools-configs/trivy.yaml tool=trivy
2026/07/10 14:28:17 Tool failed to run: failed to run Trivy: exit status 1
2026-07-10T14:31:17+02:00 [INFO] (codacy-cli-v2/cli-v2.go:27) Starting Codacy CLI version=1.0.0-main.380.sha.27e119a (27e119a) built at 2026-06-11T09:54:47Z
2026-07-10T14:31:17+02:00 [INFO] (codacy-cli-v2/cmd/root.go:34) Executing CLI command args=[/Users/Andreas/GitHub/thalassa/.vscode/mcp.json] command=analyze full_command=[/Users/Andreas/Library/Caches/Codacy/codacy-cli-v2/1.0.0-main.380.sha.27e119a/codacy-cli-v2 analyze /Users/Andreas/GitHub/thalassa/.vscode/mcp.json --format sarif]
2026/07/10 14:31:17 Running all configured tools...
2026/07/10 14:31:17 Skipping opengrep as it doesn't support the specified file(s)
2026/07/10 14:31:17 Skipping pmd as it doesn't support the specified file(s)
2026/07/10 14:31:17 Skipping pylint as it doesn't support the specified file(s)
2026/07/10 14:31:17 Skipping revive as it doesn't support the specified file(s)
2026/07/10 14:31:17 Skipping dartanalyzer as it doesn't support the specified file(s)
2026/07/10 14:31:17 Skipping eslint as it doesn't support the specified file(s)
2026/07/10 14:31:17 Skipping lizard as it doesn't support the specified file(s)
2026/07/10 14:31:17 Running tools for the specified file(s)...
2026/07/10 14:31:17 Running trivy...
2026-07-10T14:31:17+02:00 [INFO] (codacy-cli-v2/cmd/analyze.go:360) Config file found for tool toolConfigPath=.codacy/tools-configs/trivy.yaml tool=trivy
2026/07/10 14:31:18 Tool failed to run: failed to run Trivy: exit status 1
2026-07-10T14:34:18+02:00 [INFO] (codacy-cli-v2/cli-v2.go:27) Starting Codacy CLI version=1.0.0-main.380.sha.27e119a (27e119a) built at 2026-06-11T09:54:47Z
2026-07-10T14:34:18+02:00 [INFO] (codacy-cli-v2/cmd/root.go:34) Executing CLI command command=analyze full_command=[/Users/Andreas/Library/Caches/Codacy/codacy-cli-v2/1.0.0-main.380.sha.27e119a/codacy-cli-v2 analyze /Users/Andreas/GitHub/thalassa/.vscode/mcp.json --format sarif] args=[/Users/Andreas/GitHub/thalassa/.vscode/mcp.json]
2026/07/10 14:34:18 Running all configured tools...
2026/07/10 14:34:18 Skipping pmd as it doesn't support the specified file(s)
2026/07/10 14:34:18 Skipping pylint as it doesn't support the specified file(s)
2026/07/10 14:34:18 Skipping revive as it doesn't support the specified file(s)
2026/07/10 14:34:18 Skipping dartanalyzer as it doesn't support the specified file(s)
2026/07/10 14:34:18 Skipping eslint as it doesn't support the specified file(s)
2026/07/10 14:34:18 Skipping lizard as it doesn't support the specified file(s)
2026/07/10 14:34:18 Skipping opengrep as it doesn't support the specified file(s)
2026/07/10 14:34:18 Running tools for the specified file(s)...
2026/07/10 14:34:18 Running trivy...
2026-07-10T14:34:18+02:00 [INFO] (codacy-cli-v2/cmd/analyze.go:360) Config file found for tool tool=trivy toolConfigPath=.codacy/tools-configs/trivy.yaml
2026/07/10 14:34:19 Tool failed to run: failed to run Trivy: exit status 1
2026-07-10T14:37:17+02:00 [INFO] (codacy-cli-v2/cli-v2.go:27) Starting Codacy CLI version=1.0.0-main.380.sha.27e119a (27e119a) built at 2026-06-11T09:54:47Z
2026-07-10T14:37:17+02:00 [INFO] (codacy-cli-v2/cmd/root.go:34) Executing CLI command command=analyze full_command=[/Users/Andreas/Library/Caches/Codacy/codacy-cli-v2/1.0.0-main.380.sha.27e119a/codacy-cli-v2 analyze /Users/Andreas/GitHub/gaia/.vscode/mcp.json --format sarif] args=[/Users/Andreas/GitHub/gaia/.vscode/mcp.json]
2026/07/10 14:37:17 Running all configured tools...
2026/07/10 14:37:17 Skipping dartanalyzer as it doesn't support the specified file(s)
2026/07/10 14:37:17 Skipping eslint as it doesn't support the specified file(s)
2026/07/10 14:37:17 Skipping lizard as it doesn't support the specified file(s)
2026/07/10 14:37:17 Skipping opengrep as it doesn't support the specified file(s)
2026/07/10 14:37:17 Skipping pmd as it doesn't support the specified file(s)
2026/07/10 14:37:17 Skipping pylint as it doesn't support the specified file(s)
2026/07/10 14:37:17 Skipping revive as it doesn't support the specified file(s)
2026/07/10 14:37:17 Running tools for the specified file(s)...
2026/07/10 14:37:17 Running trivy...
2026-07-10T14:37:17+02:00 [INFO] (codacy-cli-v2/cmd/analyze.go:360) Config file found for tool tool=trivy toolConfigPath=.codacy/tools-configs/trivy.yaml
2026/07/10 14:37:18 Tool failed to run: failed to run Trivy: exit status 1
2026-07-10T14:37:20+02:00 [INFO] (codacy-cli-v2/cli-v2.go:27) Starting Codacy CLI version=1.0.0-main.380.sha.27e119a (27e119a) built at 2026-06-11T09:54:47Z
2026-07-10T14:37:20+02:00 [INFO] (codacy-cli-v2/cmd/root.go:34) Executing CLI command args=[/Users/Andreas/GitHub/thalassa/.vscode/mcp.json] command=analyze full_command=[/Users/Andreas/Library/Caches/Codacy/codacy-cli-v2/1.0.0-main.380.sha.27e119a/codacy-cli-v2 analyze /Users/Andreas/GitHub/thalassa/.vscode/mcp.json --format sarif]
2026/07/10 14:37:20 Running all configured tools...
2026/07/10 14:37:20 Skipping dartanalyzer as it doesn't support the specified file(s)
2026/07/10 14:37:20 Skipping eslint as it doesn't support the specified file(s)
2026/07/10 14:37:20 Skipping lizard as it doesn't support the specified file(s)
2026/07/10 14:37:20 Skipping opengrep as it doesn't support the specified file(s)
2026/07/10 14:37:20 Skipping pmd as it doesn't support the specified file(s)
2026/07/10 14:37:20 Skipping pylint as it doesn't support the specified file(s)
2026/07/10 14:37:20 Skipping revive as it doesn't support the specified file(s)
2026/07/10 14:37:20 Running tools for the specified file(s)...
2026/07/10 14:37:20 Running trivy...
2026-07-10T14:37:20+02:00 [INFO] (codacy-cli-v2/cmd/analyze.go:360) Config file found for tool tool=trivy toolConfigPath=.codacy/tools-configs/trivy.yaml
2026/07/10 14:37:21 Tool failed to run: failed to run Trivy: exit status 1
2026-07-10T14:40:18+02:00 [INFO] (codacy-cli-v2/cli-v2.go:27) Starting Codacy CLI version=1.0.0-main.380.sha.27e119a (27e119a) built at 2026-06-11T09:54:47Z
2026-07-10T14:40:18+02:00 [INFO] (codacy-cli-v2/cmd/root.go:34) Executing CLI command command=analyze full_command=[/Users/Andreas/Library/Caches/Codacy/codacy-cli-v2/1.0.0-main.380.sha.27e119a/codacy-cli-v2 analyze /Users/Andreas/GitHub/gaia/.vscode/mcp.json --format sarif] args=[/Users/Andreas/GitHub/gaia/.vscode/mcp.json]
2026/07/10 14:40:18 Running all configured tools...
2026/07/10 14:40:18 Skipping revive as it doesn't support the specified file(s)
2026/07/10 14:40:18 Skipping dartanalyzer as it doesn't support the specified file(s)
2026/07/10 14:40:18 Skipping eslint as it doesn't support the specified file(s)
2026/07/10 14:40:18 Skipping lizard as it doesn't support the specified file(s)
2026/07/10 14:40:18 Skipping opengrep as it doesn't support the specified file(s)
2026/07/10 14:40:18 Skipping pmd as it doesn't support the specified file(s)
2026/07/10 14:40:18 Skipping pylint as it doesn't support the specified file(s)
2026/07/10 14:40:18 Running tools for the specified file(s)...
2026/07/10 14:40:18 Running trivy...
2026-07-10T14:40:18+02:00 [INFO] (codacy-cli-v2/cmd/analyze.go:360) Config file found for tool tool=trivy toolConfigPath=.codacy/tools-configs/trivy.yaml
2026/07/10 14:40:19 Tool failed to run: failed to run Trivy: exit status 1
2026-07-10T14:40:23+02:00 [INFO] (codacy-cli-v2/cli-v2.go:27) Starting Codacy CLI version=1.0.0-main.380.sha.27e119a (27e119a) built at 2026-06-11T09:54:47Z
2026-07-10T14:40:23+02:00 [INFO] (codacy-cli-v2/cmd/root.go:34) Executing CLI command args=[/Users/Andreas/GitHub/thalassa/.vscode/mcp.json] command=analyze full_command=[/Users/Andreas/Library/Caches/Codacy/codacy-cli-v2/1.0.0-main.380.sha.27e119a/codacy-cli-v2 analyze /Users/Andreas/GitHub/thalassa/.vscode/mcp.json --format sarif]
2026/07/10 14:40:23 Running all configured tools...
2026/07/10 14:40:23 Skipping opengrep as it doesn't support the specified file(s)
2026/07/10 14:40:23 Skipping pmd as it doesn't support the specified file(s)
2026/07/10 14:40:23 Skipping pylint as it doesn't support the specified file(s)
2026/07/10 14:40:23 Skipping revive as it doesn't support the specified file(s)
2026/07/10 14:40:23 Skipping dartanalyzer as it doesn't support the specified file(s)
2026/07/10 14:40:23 Skipping eslint as it doesn't support the specified file(s)
2026/07/10 14:40:23 Skipping lizard as it doesn't support the specified file(s)
2026/07/10 14:40:23 Running tools for the specified file(s)...
2026/07/10 14:40:23 Running trivy...
2026-07-10T14:40:23+02:00 [INFO] (codacy-cli-v2/cmd/analyze.go:360) Config file found for tool tool=trivy toolConfigPath=.codacy/tools-configs/trivy.yaml
2026/07/10 14:40:23 Tool failed to run: failed to run Trivy: exit status 1
2026-07-10T14:43:19+02:00 [INFO] (codacy-cli-v2/cli-v2.go:27) Starting Codacy CLI version=1.0.0-main.380.sha.27e119a (27e119a) built at 2026-06-11T09:54:47Z
2026-07-10T14:43:19+02:00 [INFO] (codacy-cli-v2/cmd/root.go:34) Executing CLI command args=[/Users/Andreas/GitHub/gaia/.vscode/mcp.json] command=analyze full_command=[/Users/Andreas/Library/Caches/Codacy/codacy-cli-v2/1.0.0-main.380.sha.27e119a/codacy-cli-v2 analyze /Users/Andreas/GitHub/gaia/.vscode/mcp.json --format sarif]
2026/07/10 14:43:19 Running all configured tools...
2026/07/10 14:43:19 Skipping opengrep as it doesn't support the specified file(s)
2026/07/10 14:43:19 Skipping pmd as it doesn't support the specified file(s)
2026/07/10 14:43:19 Skipping pylint as it doesn't support the specified file(s)
2026/07/10 14:43:19 Skipping revive as it doesn't support the specified file(s)
2026/07/10 14:43:19 Skipping dartanalyzer as it doesn't support the specified file(s)
2026/07/10 14:43:19 Skipping eslint as it doesn't support the specified file(s)
2026/07/10 14:43:19 Skipping lizard as it doesn't support the specified file(s)
2026/07/10 14:43:19 Running tools for the specified file(s)...
2026/07/10 14:43:19 Running trivy...
2026-07-10T14:43:19+02:00 [INFO] (codacy-cli-v2/cmd/analyze.go:360) Config file found for tool tool=trivy toolConfigPath=.codacy/tools-configs/trivy.yaml
2026/07/10 14:43:19 Tool failed to run: failed to run Trivy: exit status 1
2026-07-10T14:43:23+02:00 [INFO] (codacy-cli-v2/cli-v2.go:27) Starting Codacy CLI version=1.0.0-main.380.sha.27e119a (27e119a) built at 2026-06-11T09:54:47Z
2026-07-10T14:43:23+02:00 [INFO] (codacy-cli-v2/cmd/root.go:34) Executing CLI command command=analyze full_command=[/Users/Andreas/Library/Caches/Codacy/codacy-cli-v2/1.0.0-main.380.sha.27e119a/codacy-cli-v2 analyze /Users/Andreas/GitHub/thalassa/.vscode/mcp.json --format sarif] args=[/Users/Andreas/GitHub/thalassa/.vscode/mcp.json]
2026/07/10 14:43:23 Running all configured tools...
2026/07/10 14:43:23 Skipping dartanalyzer as it doesn't support the specified file(s)
2026/07/10 14:43:23 Skipping eslint as it doesn't support the specified file(s)
2026/07/10 14:43:23 Skipping lizard as it doesn't support the specified file(s)
2026/07/10 14:43:23 Skipping opengrep as it doesn't support the specified file(s)
2026/07/10 14:43:23 Skipping pmd as it doesn't support the specified file(s)
2026/07/10 14:43:23 Skipping pylint as it doesn't support the specified file(s)
2026/07/10 14:43:23 Skipping revive as it doesn't support the specified file(s)
2026/07/10 14:43:23 Running tools for the specified file(s)...
2026/07/10 14:43:23 Running trivy...
2026-07-10T14:43:23+02:00 [INFO] (codacy-cli-v2/cmd/analyze.go:360) Config file found for tool toolConfigPath=.codacy/tools-configs/trivy.yaml tool=trivy
2026/07/10 14:43:23 Tool failed to run: failed to run Trivy: exit status 1
2026-07-10T14:46:19+02:00 [INFO] (codacy-cli-v2/cli-v2.go:27) Starting Codacy CLI version=1.0.0-main.380.sha.27e119a (27e119a) built at 2026-06-11T09:54:47Z
2026-07-10T14:46:19+02:00 [INFO] (codacy-cli-v2/cmd/root.go:34) Executing CLI command command=analyze full_command=[/Users/Andreas/Library/Caches/Codacy/codacy-cli-v2/1.0.0-main.380.sha.27e119a/codacy-cli-v2 analyze /Users/Andreas/GitHub/gaia/.vscode/mcp.json --format sarif] args=[/Users/Andreas/GitHub/gaia/.vscode/mcp.json]
2026/07/10 14:46:19 Running all configured tools...
2026/07/10 14:46:19 Skipping revive as it doesn't support the specified file(s)
2026/07/10 14:46:19 Skipping dartanalyzer as it doesn't support the specified file(s)
2026/07/10 14:46:19 Skipping eslint as it doesn't support the specified file(s)
2026/07/10 14:46:19 Skipping lizard as it doesn't support the specified file(s)
2026/07/10 14:46:19 Skipping opengrep as it doesn't support the specified file(s)
2026/07/10 14:46:19 Skipping pmd as it doesn't support the specified file(s)
2026/07/10 14:46:19 Skipping pylint as it doesn't support the specified file(s)
2026/07/10 14:46:19 Running tools for the specified file(s)...
2026/07/10 14:46:19 Running trivy...
2026-07-10T14:46:19+02:00 [INFO] (codacy-cli-v2/cmd/analyze.go:360) Config file found for tool tool=trivy toolConfigPath=.codacy/tools-configs/trivy.yaml
2026/07/10 14:46:20 Tool failed to run: failed to run Trivy: exit status 1
2026-07-10T14:46:25+02:00 [INFO] (codacy-cli-v2/cli-v2.go:27) Starting Codacy CLI version=1.0.0-main.380.sha.27e119a (27e119a) built at 2026-06-11T09:54:47Z
2026-07-10T14:46:25+02:00 [INFO] (codacy-cli-v2/cmd/root.go:34) Executing CLI command args=[/Users/Andreas/GitHub/thalassa/.vscode/mcp.json] command=analyze full_command=[/Users/Andreas/Library/Caches/Codacy/codacy-cli-v2/1.0.0-main.380.sha.27e119a/codacy-cli-v2 analyze /Users/Andreas/GitHub/thalassa/.vscode/mcp.json --format sarif]
2026/07/10 14:46:25 Running all configured tools...
2026/07/10 14:46:25 Skipping revive as it doesn't support the specified file(s)
2026/07/10 14:46:25 Skipping dartanalyzer as it doesn't support the specified file(s)
2026/07/10 14:46:25 Skipping eslint as it doesn't support the specified file(s)
2026/07/10 14:46:25 Skipping lizard as it doesn't support the specified file(s)
2026/07/10 14:46:25 Skipping opengrep as it doesn't support the specified file(s)
2026/07/10 14:46:25 Skipping pmd as it doesn't support the specified file(s)
2026/07/10 14:46:25 Skipping pylint as it doesn't support the specified file(s)
2026/07/10 14:46:25 Running tools for the specified file(s)...
2026/07/10 14:46:25 Running trivy...
2026-07-10T14:46:25+02:00 [INFO] (codacy-cli-v2/cmd/analyze.go:360) Config file found for tool toolConfigPath=.codacy/tools-configs/trivy.yaml tool=trivy
2026/07/10 14:46:25 Tool failed to run: failed to run Trivy: exit status 1
2026-07-10T14:49:19+02:00 [INFO] (codacy-cli-v2/cli-v2.go:27) Starting Codacy CLI version=1.0.0-main.380.sha.27e119a (27e119a) built at 2026-06-11T09:54:47Z
2026-07-10T14:49:19+02:00 [INFO] (codacy-cli-v2/cmd/root.go:34) Executing CLI command args=[/Users/Andreas/GitHub/gaia/.vscode/mcp.json] command=analyze full_command=[/Users/Andreas/Library/Caches/Codacy/codacy-cli-v2/1.0.0-main.380.sha.27e119a/codacy-cli-v2 analyze /Users/Andreas/GitHub/gaia/.vscode/mcp.json --format sarif]
2026/07/10 14:49:19 Running all configured tools...
2026/07/10 14:49:19 Skipping eslint as it doesn't support the specified file(s)
2026/07/10 14:49:19 Skipping lizard as it doesn't support the specified file(s)
2026/07/10 14:49:19 Skipping opengrep as it doesn't support the specified file(s)
2026/07/10 14:49:19 Skipping pmd as it doesn't support the specified file(s)
2026/07/10 14:49:19 Skipping pylint as it doesn't support the specified file(s)
2026/07/10 14:49:19 Skipping revive as it doesn't support the specified file(s)
2026/07/10 14:49:19 Skipping dartanalyzer as it doesn't support the specified file(s)
2026/07/10 14:49:19 Running tools for the specified file(s)...
2026/07/10 14:49:19 Running trivy...
2026-07-10T14:49:19+02:00 [INFO] (codacy-cli-v2/cmd/analyze.go:360) Config file found for tool tool=trivy toolConfigPath=.codacy/tools-configs/trivy.yaml
2026/07/10 14:49:20 Tool failed to run: failed to run Trivy: exit status 1
2026-07-10T14:49:25+02:00 [INFO] (codacy-cli-v2/cli-v2.go:27) Starting Codacy CLI version=1.0.0-main.380.sha.27e119a (27e119a) built at 2026-06-11T09:54:47Z
2026-07-10T14:49:25+02:00 [INFO] (codacy-cli-v2/cmd/root.go:34) Executing CLI command args=[/Users/Andreas/GitHub/thalassa/.vscode/mcp.json] command=analyze full_command=[/Users/Andreas/Library/Caches/Codacy/codacy-cli-v2/1.0.0-main.380.sha.27e119a/codacy-cli-v2 analyze /Users/Andreas/GitHub/thalassa/.vscode/mcp.json --format sarif]
2026/07/10 14:49:25 Running all configured tools...
2026/07/10 14:49:25 Skipping dartanalyzer as it doesn't support the specified file(s)
2026/07/10 14:49:25 Skipping eslint as it doesn't support the specified file(s)
2026/07/10 14:49:25 Skipping lizard as it doesn't support the specified file(s)
2026/07/10 14:49:25 Skipping opengrep as it doesn't support the specified file(s)
2026/07/10 14:49:25 Skipping pmd as it doesn't support the specified file(s)
2026/07/10 14:49:25 Skipping pylint as it doesn't support the specified file(s)
2026/07/10 14:49:25 Skipping revive as it doesn't support the specified file(s)
2026/07/10 14:49:25 Running tools for the specified file(s)...
2026/07/10 14:49:25 Running trivy...
2026-07-10T14:49:25+02:00 [INFO] (codacy-cli-v2/cmd/analyze.go:360) Config file found for tool tool=trivy toolConfigPath=.codacy/tools-configs/trivy.yaml
2026/07/10 14:49:26 Tool failed to run: failed to run Trivy: exit status 1
2026-07-10T14:52:19+02:00 [INFO] (codacy-cli-v2/cli-v2.go:27) Starting Codacy CLI version=1.0.0-main.380.sha.27e119a (27e119a) built at 2026-06-11T09:54:47Z
2026-07-10T14:52:19+02:00 [INFO] (codacy-cli-v2/cmd/root.go:34) Executing CLI command args=[/Users/Andreas/GitHub/hemera/.vscode/mcp.json] command=analyze full_command=[/Users/Andreas/Library/Caches/Codacy/codacy-cli-v2/1.0.0-main.380.sha.27e119a/codacy-cli-v2 analyze /Users/Andreas/GitHub/hemera/.vscode/mcp.json --format sarif]
2026/07/10 14:52:19 Running all configured tools...
2026/07/10 14:52:19 Skipping dartanalyzer as it doesn't support the specified file(s)
2026/07/10 14:52:19 Skipping eslint as it doesn't support the specified file(s)
2026/07/10 14:52:19 Skipping lizard as it doesn't support the specified file(s)
2026/07/10 14:52:19 Skipping opengrep as it doesn't support the specified file(s)
2026/07/10 14:52:19 Skipping pmd as it doesn't support the specified file(s)
2026/07/10 14:52:19 Skipping pylint as it doesn't support the specified file(s)
2026/07/10 14:52:19 Skipping revive as it doesn't support the specified file(s)
2026/07/10 14:52:19 Running tools for the specified file(s)...
2026/07/10 14:52:19 Running trivy...
2026-07-10T14:52:19+02:00 [INFO] (codacy-cli-v2/cmd/analyze.go:360) Config file found for tool tool=trivy toolConfigPath=.codacy/tools-configs/trivy.yaml
2026/07/10 14:52:20 Tool failed to run: failed to run Trivy: exit status 1
2026-07-10T14:52:21+02:00 [INFO] (codacy-cli-v2/cli-v2.go:27) Starting Codacy CLI version=1.0.0-main.380.sha.27e119a (27e119a) built at 2026-06-11T09:54:47Z
2026-07-10T14:52:21+02:00 [INFO] (codacy-cli-v2/cmd/root.go:34) Executing CLI command command=analyze full_command=[/Users/Andreas/Library/Caches/Codacy/codacy-cli-v2/1.0.0-main.380.sha.27e119a/codacy-cli-v2 analyze /Users/Andreas/GitHub/gaia/.vscode/mcp.json --format sarif] args=[/Users/Andreas/GitHub/gaia/.vscode/mcp.json]
2026/07/10 14:52:21 Running all configured tools...
2026/07/10 14:52:21 Skipping pmd as it doesn't support the specified file(s)
2026/07/10 14:52:21 Skipping pylint as it doesn't support the specified file(s)
2026/07/10 14:52:21 Skipping revive as it doesn't support the specified file(s)
2026/07/10 14:52:21 Skipping dartanalyzer as it doesn't support the specified file(s)
2026/07/10 14:52:21 Skipping eslint as it doesn't support the specified file(s)
2026/07/10 14:52:21 Skipping lizard as it doesn't support the specified file(s)
2026/07/10 14:52:21 Skipping opengrep as it doesn't support the specified file(s)
2026/07/10 14:52:21 Running tools for the specified file(s)...
2026/07/10 14:52:21 Running trivy...
2026-07-10T14:52:21+02:00 [INFO] (codacy-cli-v2/cmd/analyze.go:360) Config file found for tool tool=trivy toolConfigPath=.codacy/tools-configs/trivy.yaml
2026/07/10 14:52:22 Tool failed to run: failed to run Trivy: exit status 1
2026-07-10T14:52:27+02:00 [INFO] (codacy-cli-v2/cli-v2.go:27) Starting Codacy CLI version=1.0.0-main.380.sha.27e119a (27e119a) built at 2026-06-11T09:54:47Z
2026-07-10T14:52:27+02:00 [INFO] (codacy-cli-v2/cmd/root.go:34) Executing CLI command command=analyze full_command=[/Users/Andreas/Library/Caches/Codacy/codacy-cli-v2/1.0.0-main.380.sha.27e119a/codacy-cli-v2 analyze /Users/Andreas/GitHub/thalassa/.vscode/mcp.json --format sarif] args=[/Users/Andreas/GitHub/thalassa/.vscode/mcp.json]
2026/07/10 14:52:27 Running all configured tools...
2026/07/10 14:52:27 Skipping eslint as it doesn't support the specified file(s)
2026/07/10 14:52:27 Skipping lizard as it doesn't support the specified file(s)
2026/07/10 14:52:27 Skipping opengrep as it doesn't support the specified file(s)
2026/07/10 14:52:27 Skipping pmd as it doesn't support the specified file(s)
2026/07/10 14:52:27 Skipping pylint as it doesn't support the specified file(s)
2026/07/10 14:52:27 Skipping revive as it doesn't support the specified file(s)
2026/07/10 14:52:27 Skipping dartanalyzer as it doesn't support the specified file(s)
2026/07/10 14:52:27 Running tools for the specified file(s)...
2026/07/10 14:52:27 Running trivy...
2026-07-10T14:52:27+02:00 [INFO] (codacy-cli-v2/cmd/analyze.go:360) Config file found for tool tool=trivy toolConfigPath=.codacy/tools-configs/trivy.yaml
2026/07/10 14:52:28 Tool failed to run: failed to run Trivy: exit status 1
2026-07-10T14:55:20+02:00 [INFO] (codacy-cli-v2/cli-v2.go:27) Starting Codacy CLI version=1.0.0-main.380.sha.27e119a (27e119a) built at 2026-06-11T09:54:47Z
2026-07-10T14:55:20+02:00 [INFO] (codacy-cli-v2/cmd/root.go:34) Executing CLI command full_command=[/Users/Andreas/Library/Caches/Codacy/codacy-cli-v2/1.0.0-main.380.sha.27e119a/codacy-cli-v2 analyze /Users/Andreas/GitHub/aither/.vscode/mcp.json --format sarif] args=[/Users/Andreas/GitHub/aither/.vscode/mcp.json] command=analyze
2026/07/10 14:55:20 Running all configured tools...
2026/07/10 14:55:20 Skipping eslint as it doesn't support the specified file(s)
2026/07/10 14:55:20 Skipping lizard as it doesn't support the specified file(s)
2026/07/10 14:55:20 Skipping opengrep as it doesn't support the specified file(s)
2026/07/10 14:55:20 Skipping pmd as it doesn't support the specified file(s)
2026/07/10 14:55:20 Skipping pylint as it doesn't support the specified file(s)
2026/07/10 14:55:20 Skipping revive as it doesn't support the specified file(s)
2026/07/10 14:55:20 Skipping dartanalyzer as it doesn't support the specified file(s)
2026/07/10 14:55:20 Running tools for the specified file(s)...
2026/07/10 14:55:20 Running trivy...
2026-07-10T14:55:20+02:00 [INFO] (codacy-cli-v2/cmd/analyze.go:360) Config file found for tool tool=trivy toolConfigPath=.codacy/tools-configs/trivy.yaml
2026/07/10 14:55:21 Tool failed to run: failed to run Trivy: exit status 1
2026-07-10T14:55:23+02:00 [INFO] (codacy-cli-v2/cli-v2.go:27) Starting Codacy CLI version=1.0.0-main.380.sha.27e119a (27e119a) built at 2026-06-11T09:54:47Z
2026-07-10T14:55:23+02:00 [INFO] (codacy-cli-v2/cmd/root.go:34) Executing CLI command command=analyze full_command=[/Users/Andreas/Library/Caches/Codacy/codacy-cli-v2/1.0.0-main.380.sha.27e119a/codacy-cli-v2 analyze /Users/Andreas/GitHub/gaia/.vscode/mcp.json --format sarif] args=[/Users/Andreas/GitHub/gaia/.vscode/mcp.json]
2026/07/10 14:55:23 Running all configured tools...
2026/07/10 14:55:23 Skipping revive as it doesn't support the specified file(s)
2026/07/10 14:55:23 Skipping dartanalyzer as it doesn't support the specified file(s)
2026/07/10 14:55:23 Skipping eslint as it doesn't support the specified file(s)
2026/07/10 14:55:23 Skipping lizard as it doesn't support the specified file(s)
2026/07/10 14:55:23 Skipping opengrep as it doesn't support the specified file(s)
2026/07/10 14:55:23 Skipping pmd as it doesn't support the specified file(s)
2026/07/10 14:55:23 Skipping pylint as it doesn't support the specified file(s)
2026/07/10 14:55:23 Running tools for the specified file(s)...
2026/07/10 14:55:23 Running trivy...
2026-07-10T14:55:23+02:00 [INFO] (codacy-cli-v2/cmd/analyze.go:360) Config file found for tool tool=trivy toolConfigPath=.codacy/tools-configs/trivy.yaml
2026/07/10 14:55:24 Tool failed to run: failed to run Trivy: exit status 1
2026-07-10T14:55:30+02:00 [INFO] (codacy-cli-v2/cli-v2.go:27) Starting Codacy CLI version=1.0.0-main.380.sha.27e119a (27e119a) built at 2026-06-11T09:54:47Z
2026-07-10T14:55:30+02:00 [INFO] (codacy-cli-v2/cmd/root.go:34) Executing CLI command full_command=[/Users/Andreas/Library/Caches/Codacy/codacy-cli-v2/1.0.0-main.380.sha.27e119a/codacy-cli-v2 analyze /Users/Andreas/GitHub/thalassa/.vscode/mcp.json --format sarif] args=[/Users/Andreas/GitHub/thalassa/.vscode/mcp.json] command=analyze
2026/07/10 14:55:30 Running all configured tools...
2026/07/10 14:55:30 Skipping pmd as it doesn't support the specified file(s)
2026/07/10 14:55:30 Skipping pylint as it doesn't support the specified file(s)
2026/07/10 14:55:30 Skipping revive as it doesn't support the specified file(s)
2026/07/10 14:55:30 Skipping dartanalyzer as it doesn't support the specified file(s)
2026/07/10 14:55:30 Skipping eslint as it doesn't support the specified file(s)
2026/07/10 14:55:30 Skipping lizard as it doesn't support the specified file(s)
2026/07/10 14:55:30 Skipping opengrep as it doesn't support the specified file(s)
2026/07/10 14:55:30 Running tools for the specified file(s)...
2026/07/10 14:55:30 Running trivy...
2026-07-10T14:55:30+02:00 [INFO] (codacy-cli-v2/cmd/analyze.go:360) Config file found for tool tool=trivy toolConfigPath=.codacy/tools-configs/trivy.yaml
2026/07/10 14:55:30 Tool failed to run: failed to run Trivy: exit status 1
2026-07-10T14:58:21+02:00 [INFO] (codacy-cli-v2/cli-v2.go:27) Starting Codacy CLI version=1.0.0-main.380.sha.27e119a (27e119a) built at 2026-06-11T09:54:47Z
2026-07-10T14:58:21+02:00 [INFO] (codacy-cli-v2/cmd/root.go:34) Executing CLI command full_command=[/Users/Andreas/Library/Caches/Codacy/codacy-cli-v2/1.0.0-main.380.sha.27e119a/codacy-cli-v2 analyze /Users/Andreas/GitHub/hemera/.vscode/mcp.json --format sarif] args=[/Users/Andreas/GitHub/hemera/.vscode/mcp.json] command=analyze
2026/07/10 14:58:21 Running all configured tools...
2026/07/10 14:58:21 Skipping lizard as it doesn't support the specified file(s)
2026/07/10 14:58:21 Skipping opengrep as it doesn't support the specified file(s)
2026/07/10 14:58:21 Skipping pmd as it doesn't support the specified file(s)
2026/07/10 14:58:21 Skipping pylint as it doesn't support the specified file(s)
2026/07/10 14:58:21 Skipping revive as it doesn't support the specified file(s)
2026/07/10 14:58:21 Skipping dartanalyzer as it doesn't support the specified file(s)
2026/07/10 14:58:21 Skipping eslint as it doesn't support the specified file(s)
2026/07/10 14:58:21 Running tools for the specified file(s)...
2026/07/10 14:58:21 Running trivy...
2026-07-10T14:58:21+02:00 [INFO] (codacy-cli-v2/cmd/analyze.go:360) Config file found for tool tool=trivy toolConfigPath=.codacy/tools-configs/trivy.yaml
2026/07/10 14:58:21 Tool failed to run: failed to run Trivy: exit status 1
2026-07-10T14:58:24+02:00 [INFO] (codacy-cli-v2/cli-v2.go:27) Starting Codacy CLI version=1.0.0-main.380.sha.27e119a (27e119a) built at 2026-06-11T09:54:47Z
2026-07-10T14:58:24+02:00 [INFO] (codacy-cli-v2/cmd/root.go:34) Executing CLI command command=analyze full_command=[/Users/Andreas/Library/Caches/Codacy/codacy-cli-v2/1.0.0-main.380.sha.27e119a/codacy-cli-v2 analyze /Users/Andreas/GitHub/gaia/.vscode/mcp.json --format sarif] args=[/Users/Andreas/GitHub/gaia/.vscode/mcp.json]
2026/07/10 14:58:24 Running all configured tools...
2026/07/10 14:58:24 Skipping pylint as it doesn't support the specified file(s)
2026/07/10 14:58:24 Skipping revive as it doesn't support the specified file(s)
2026/07/10 14:58:24 Skipping dartanalyzer as it doesn't support the specified file(s)
2026/07/10 14:58:24 Skipping eslint as it doesn't support the specified file(s)
2026/07/10 14:58:24 Skipping lizard as it doesn't support the specified file(s)
2026/07/10 14:58:24 Skipping opengrep as it doesn't support the specified file(s)
2026/07/10 14:58:24 Skipping pmd as it doesn't support the specified file(s)
2026/07/10 14:58:24 Running tools for the specified file(s)...
2026/07/10 14:58:24 Running trivy...
2026-07-10T14:58:24+02:00 [INFO] (codacy-cli-v2/cmd/analyze.go:360) Config file found for tool tool=trivy toolConfigPath=.codacy/tools-configs/trivy.yaml
2026/07/10 14:58:24 Tool failed to run: failed to run Trivy: exit status 1
2026-07-10T14:58:31+02:00 [INFO] (codacy-cli-v2/cli-v2.go:27) Starting Codacy CLI version=1.0.0-main.380.sha.27e119a (27e119a) built at 2026-06-11T09:54:47Z
2026-07-10T14:58:31+02:00 [INFO] (codacy-cli-v2/cmd/root.go:34) Executing CLI command command=analyze full_command=[/Users/Andreas/Library/Caches/Codacy/codacy-cli-v2/1.0.0-main.380.sha.27e119a/codacy-cli-v2 analyze /Users/Andreas/GitHub/thalassa/.vscode/mcp.json --format sarif] args=[/Users/Andreas/GitHub/thalassa/.vscode/mcp.json]
2026/07/10 14:58:31 Running all configured tools...
2026/07/10 14:58:31 Skipping opengrep as it doesn't support the specified file(s)
2026/07/10 14:58:31 Skipping pmd as it doesn't support the specified file(s)
2026/07/10 14:58:31 Skipping pylint as it doesn't support the specified file(s)
2026/07/10 14:58:31 Skipping revive as it doesn't support the specified file(s)
2026/07/10 14:58:31 Skipping dartanalyzer as it doesn't support the specified file(s)
2026/07/10 14:58:31 Skipping eslint as it doesn't support the specified file(s)
2026/07/10 14:58:31 Skipping lizard as it doesn't support the specified file(s)
2026/07/10 14:58:31 Running tools for the specified file(s)...
2026/07/10 14:58:31 Running trivy...
2026-07-10T14:58:31+02:00 [INFO] (codacy-cli-v2/cmd/analyze.go:360) Config file found for tool toolConfigPath=.codacy/tools-configs/trivy.yaml tool=trivy
2026/07/10 14:58:31 Tool failed to run: failed to run Trivy: exit status 1
2026-07-10T15:01:21+02:00 [INFO] (codacy-cli-v2/cli-v2.go:27) Starting Codacy CLI version=1.0.0-main.380.sha.27e119a (27e119a) built at 2026-06-11T09:54:47Z
2026-07-10T15:01:21+02:00 [INFO] (codacy-cli-v2/cmd/root.go:34) Executing CLI command command=analyze full_command=[/Users/Andreas/Library/Caches/Codacy/codacy-cli-v2/1.0.0-main.380.sha.27e119a/codacy-cli-v2 analyze /Users/Andreas/GitHub/hemera/.vscode/mcp.json --format sarif] args=[/Users/Andreas/GitHub/hemera/.vscode/mcp.json]
2026/07/10 15:01:21 Running all configured tools...
2026/07/10 15:01:21 Skipping lizard as it doesn't support the specified file(s)
2026/07/10 15:01:21 Skipping opengrep as it doesn't support the specified file(s)
2026/07/10 15:01:21 Skipping pmd as it doesn't support the specified file(s)
2026/07/10 15:01:21 Skipping pylint as it doesn't support the specified file(s)
2026/07/10 15:01:21 Skipping revive as it doesn't support the specified file(s)
2026/07/10 15:01:21 Skipping dartanalyzer as it doesn't support the specified file(s)
2026/07/10 15:01:21 Skipping eslint as it doesn't support the specified file(s)
2026/07/10 15:01:21 Running tools for the specified file(s)...
2026/07/10 15:01:21 Running trivy...
2026-07-10T15:01:21+02:00 [INFO] (codacy-cli-v2/cmd/analyze.go:360) Config file found for tool tool=trivy toolConfigPath=.codacy/tools-configs/trivy.yaml
2026/07/10 15:01:22 Tool failed to run: failed to run Trivy: exit status 1
2026-07-10T15:01:25+02:00 [INFO] (codacy-cli-v2/cli-v2.go:27) Starting Codacy CLI version=1.0.0-main.380.sha.27e119a (27e119a) built at 2026-06-11T09:54:47Z
2026-07-10T15:01:25+02:00 [INFO] (codacy-cli-v2/cmd/root.go:34) Executing CLI command args=[/Users/Andreas/GitHub/gaia/.vscode/mcp.json] command=analyze full_command=[/Users/Andreas/Library/Caches/Codacy/codacy-cli-v2/1.0.0-main.380.sha.27e119a/codacy-cli-v2 analyze /Users/Andreas/GitHub/gaia/.vscode/mcp.json --format sarif]
2026/07/10 15:01:25 Running all configured tools...
2026/07/10 15:01:25 Skipping eslint as it doesn't support the specified file(s)
2026/07/10 15:01:25 Skipping lizard as it doesn't support the specified file(s)
2026/07/10 15:01:25 Skipping opengrep as it doesn't support the specified file(s)
2026/07/10 15:01:25 Skipping pmd as it doesn't support the specified file(s)
2026/07/10 15:01:25 Skipping pylint as it doesn't support the specified file(s)
2026/07/10 15:01:25 Skipping revive as it doesn't support the specified file(s)
2026/07/10 15:01:25 Skipping dartanalyzer as it doesn't support the specified file(s)
2026/07/10 15:01:25 Running tools for the specified file(s)...
2026/07/10 15:01:25 Running trivy...
2026-07-10T15:01:25+02:00 [INFO] (codacy-cli-v2/cmd/analyze.go:360) Config file found for tool toolConfigPath=.codacy/tools-configs/trivy.yaml tool=trivy
2026/07/10 15:01:25 Tool failed to run: failed to run Trivy: exit status 1
2026-07-10T15:01:33+02:00 [INFO] (codacy-cli-v2/cli-v2.go:27) Starting Codacy CLI version=1.0.0-main.380.sha.27e119a (27e119a) built at 2026-06-11T09:54:47Z
2026-07-10T15:01:33+02:00 [INFO] (codacy-cli-v2/cmd/root.go:34) Executing CLI command command=analyze full_command=[/Users/Andreas/Library/Caches/Codacy/codacy-cli-v2/1.0.0-main.380.sha.27e119a/codacy-cli-v2 analyze /Users/Andreas/GitHub/thalassa/.vscode/mcp.json --format sarif] args=[/Users/Andreas/GitHub/thalassa/.vscode/mcp.json]
2026/07/10 15:01:33 Running all configured tools...
2026/07/10 15:01:33 Skipping eslint as it doesn't support the specified file(s)
2026/07/10 15:01:33 Skipping lizard as it doesn't support the specified file(s)
2026/07/10 15:01:33 Skipping opengrep as it doesn't support the specified file(s)
2026/07/10 15:01:33 Skipping pmd as it doesn't support the specified file(s)
2026/07/10 15:01:33 Skipping pylint as it doesn't support the specified file(s)
2026/07/10 15:01:33 Skipping revive as it doesn't support the specified file(s)
2026/07/10 15:01:33 Skipping dartanalyzer as it doesn't support the specified file(s)
2026/07/10 15:01:33 Running tools for the specified file(s)...
2026/07/10 15:01:33 Running trivy...
2026-07-10T15:01:33+02:00 [INFO] (codacy-cli-v2/cmd/analyze.go:360) Config file found for tool tool=trivy toolConfigPath=.codacy/tools-configs/trivy.yaml
2026/07/10 15:01:34 Tool failed to run: failed to run Trivy: exit status 1
2026-07-10T15:04:22+02:00 [INFO] (codacy-cli-v2/cli-v2.go:27) Starting Codacy CLI version=1.0.0-main.380.sha.27e119a (27e119a) built at 2026-06-11T09:54:47Z
2026-07-10T15:04:22+02:00 [INFO] (codacy-cli-v2/cmd/root.go:34) Executing CLI command full_command=[/Users/Andreas/Library/Caches/Codacy/codacy-cli-v2/1.0.0-main.380.sha.27e119a/codacy-cli-v2 analyze /Users/Andreas/GitHub/hemera/.vscode/mcp.json --format sarif] args=[/Users/Andreas/GitHub/hemera/.vscode/mcp.json] command=analyze
2026/07/10 15:04:22 Running all configured tools...
2026/07/10 15:04:22 Skipping lizard as it doesn't support the specified file(s)
2026/07/10 15:04:22 Skipping opengrep as it doesn't support the specified file(s)
2026/07/10 15:04:22 Skipping pmd as it doesn't support the specified file(s)
2026/07/10 15:04:22 Skipping pylint as it doesn't support the specified file(s)
2026/07/10 15:04:22 Skipping revive as it doesn't support the specified file(s)
2026/07/10 15:04:22 Skipping dartanalyzer as it doesn't support the specified file(s)
2026/07/10 15:04:22 Skipping eslint as it doesn't support the specified file(s)
2026/07/10 15:04:22 Running tools for the specified file(s)...
2026/07/10 15:04:22 Running trivy...
2026-07-10T15:04:22+02:00 [INFO] (codacy-cli-v2/cmd/analyze.go:360) Config file found for tool tool=trivy toolConfigPath=.codacy/tools-configs/trivy.yaml
2026/07/10 15:04:23 Tool failed to run: failed to run Trivy: exit status 1
2026-07-10T15:04:26+02:00 [INFO] (codacy-cli-v2/cli-v2.go:27) Starting Codacy CLI version=1.0.0-main.380.sha.27e119a (27e119a) built at 2026-06-11T09:54:47Z
2026-07-10T15:04:26+02:00 [INFO] (codacy-cli-v2/cmd/root.go:34) Executing CLI command command=analyze full_command=[/Users/Andreas/Library/Caches/Codacy/codacy-cli-v2/1.0.0-main.380.sha.27e119a/codacy-cli-v2 analyze /Users/Andreas/GitHub/gaia/.vscode/mcp.json --format sarif] args=[/Users/Andreas/GitHub/gaia/.vscode/mcp.json]
2026/07/10 15:04:26 Running all configured tools...
2026/07/10 15:04:26 Skipping dartanalyzer as it doesn't support the specified file(s)
2026/07/10 15:04:26 Skipping eslint as it doesn't support the specified file(s)
2026/07/10 15:04:26 Skipping lizard as it doesn't support the specified file(s)
2026/07/10 15:04:26 Skipping opengrep as it doesn't support the specified file(s)
2026/07/10 15:04:26 Skipping pmd as it doesn't support the specified file(s)
2026/07/10 15:04:26 Skipping pylint as it doesn't support the specified file(s)
2026/07/10 15:04:26 Skipping revive as it doesn't support the specified file(s)
2026/07/10 15:04:26 Running tools for the specified file(s)...
2026/07/10 15:04:26 Running trivy...
2026-07-10T15:04:26+02:00 [INFO] (codacy-cli-v2/cmd/analyze.go:360) Config file found for tool tool=trivy toolConfigPath=.codacy/tools-configs/trivy.yaml
2026/07/10 15:04:27 Tool failed to run: failed to run Trivy: exit status 1
2026-07-10T15:04:35+02:00 [INFO] (codacy-cli-v2/cli-v2.go:27) Starting Codacy CLI version=1.0.0-main.380.sha.27e119a (27e119a) built at 2026-06-11T09:54:47Z
2026-07-10T15:04:35+02:00 [INFO] (codacy-cli-v2/cmd/root.go:34) Executing CLI command args=[/Users/Andreas/GitHub/thalassa/.vscode/mcp.json] command=analyze full_command=[/Users/Andreas/Library/Caches/Codacy/codacy-cli-v2/1.0.0-main.380.sha.27e119a/codacy-cli-v2 analyze /Users/Andreas/GitHub/thalassa/.vscode/mcp.json --format sarif]
2026/07/10 15:04:35 Running all configured tools...
2026/07/10 15:04:35 Skipping dartanalyzer as it doesn't support the specified file(s)
2026/07/10 15:04:35 Skipping eslint as it doesn't support the specified file(s)
2026/07/10 15:04:35 Skipping lizard as it doesn't support the specified file(s)
2026/07/10 15:04:35 Skipping opengrep as it doesn't support the specified file(s)
2026/07/10 15:04:35 Skipping pmd as it doesn't support the specified file(s)
2026/07/10 15:04:35 Skipping pylint as it doesn't support the specified file(s)
2026/07/10 15:04:35 Skipping revive as it doesn't support the specified file(s)
2026/07/10 15:04:35 Running tools for the specified file(s)...
2026/07/10 15:04:35 Running trivy...
2026-07-10T15:04:35+02:00 [INFO] (codacy-cli-v2/cmd/analyze.go:360) Config file found for tool toolConfigPath=.codacy/tools-configs/trivy.yaml tool=trivy
2026/07/10 15:04:35 Tool failed to run: failed to run Trivy: exit status 1
2026-07-10T15:07:22+02:00 [INFO] (codacy-cli-v2/cli-v2.go:27) Starting Codacy CLI version=1.0.0-main.380.sha.27e119a (27e119a) built at 2026-06-11T09:54:47Z
2026-07-10T15:07:22+02:00 [INFO] (codacy-cli-v2/cmd/root.go:34) Executing CLI command full_command=[/Users/Andreas/Library/Caches/Codacy/codacy-cli-v2/1.0.0-main.380.sha.27e119a/codacy-cli-v2 analyze /Users/Andreas/GitHub/hemera/.vscode/mcp.json --format sarif] args=[/Users/Andreas/GitHub/hemera/.vscode/mcp.json] command=analyze
2026/07/10 15:07:22 Running all configured tools...
2026/07/10 15:07:22 Skipping pmd as it doesn't support the specified file(s)
2026/07/10 15:07:22 Skipping pylint as it doesn't support the specified file(s)
2026/07/10 15:07:22 Skipping revive as it doesn't support the specified file(s)
2026/07/10 15:07:22 Skipping dartanalyzer as it doesn't support the specified file(s)
2026/07/10 15:07:22 Skipping eslint as it doesn't support the specified file(s)
2026/07/10 15:07:22 Skipping lizard as it doesn't support the specified file(s)
2026/07/10 15:07:22 Skipping opengrep as it doesn't support the specified file(s)
2026/07/10 15:07:22 Running tools for the specified file(s)...
2026/07/10 15:07:22 Running trivy...
2026-07-10T15:07:22+02:00 [INFO] (codacy-cli-v2/cmd/analyze.go:360) Config file found for tool tool=trivy toolConfigPath=.codacy/tools-configs/trivy.yaml
2026/07/10 15:07:23 Tool failed to run: failed to run Trivy: exit status 1
2026-07-10T15:07:27+02:00 [INFO] (codacy-cli-v2/cli-v2.go:27) Starting Codacy CLI version=1.0.0-main.380.sha.27e119a (27e119a) built at 2026-06-11T09:54:47Z
2026-07-10T15:07:27+02:00 [INFO] (codacy-cli-v2/cmd/root.go:34) Executing CLI command command=analyze full_command=[/Users/Andreas/Library/Caches/Codacy/codacy-cli-v2/1.0.0-main.380.sha.27e119a/codacy-cli-v2 analyze /Users/Andreas/GitHub/gaia/.vscode/mcp.json --format sarif] args=[/Users/Andreas/GitHub/gaia/.vscode/mcp.json]
2026/07/10 15:07:27 Running all configured tools...
2026/07/10 15:07:27 Skipping revive as it doesn't support the specified file(s)
2026/07/10 15:07:27 Skipping dartanalyzer as it doesn't support the specified file(s)
2026/07/10 15:07:27 Skipping eslint as it doesn't support the specified file(s)
2026/07/10 15:07:27 Skipping lizard as it doesn't support the specified file(s)
2026/07/10 15:07:27 Skipping opengrep as it doesn't support the specified file(s)
2026/07/10 15:07:27 Skipping pmd as it doesn't support the specified file(s)
2026/07/10 15:07:27 Skipping pylint as it doesn't support the specified file(s)
2026/07/10 15:07:27 Running tools for the specified file(s)...
2026/07/10 15:07:27 Running trivy...
2026-07-10T15:07:27+02:00 [INFO] (codacy-cli-v2/cmd/analyze.go:360) Config file found for tool tool=trivy toolConfigPath=.codacy/tools-configs/trivy.yaml
2026/07/10 15:07:28 Tool failed to run: failed to run Trivy: exit status 1
2026-07-10T15:07:37+02:00 [INFO] (codacy-cli-v2/cli-v2.go:27) Starting Codacy CLI version=1.0.0-main.380.sha.27e119a (27e119a) built at 2026-06-11T09:54:47Z
2026-07-10T15:07:37+02:00 [INFO] (codacy-cli-v2/cmd/root.go:34) Executing CLI command full_command=[/Users/Andreas/Library/Caches/Codacy/codacy-cli-v2/1.0.0-main.380.sha.27e119a/codacy-cli-v2 analyze /Users/Andreas/GitHub/thalassa/.vscode/mcp.json --format sarif] args=[/Users/Andreas/GitHub/thalassa/.vscode/mcp.json] command=analyze
2026/07/10 15:07:37 Running all configured tools...
2026/07/10 15:07:37 Skipping lizard as it doesn't support the specified file(s)
2026/07/10 15:07:37 Skipping opengrep as it doesn't support the specified file(s)
2026/07/10 15:07:37 Skipping pmd as it doesn't support the specified file(s)
2026/07/10 15:07:37 Skipping pylint as it doesn't support the specified file(s)
2026/07/10 15:07:37 Skipping revive as it doesn't support the specified file(s)
2026/07/10 15:07:37 Skipping dartanalyzer as it doesn't support the specified file(s)
2026/07/10 15:07:37 Skipping eslint as it doesn't support the specified file(s)
2026/07/10 15:07:37 Running tools for the specified file(s)...
2026/07/10 15:07:37 Running trivy...
2026-07-10T15:07:37+02:00 [INFO] (codacy-cli-v2/cmd/analyze.go:360) Config file found for tool tool=trivy toolConfigPath=.codacy/tools-configs/trivy.yaml
2026/07/10 15:07:37 Tool failed to run: failed to run Trivy: exit status 1
2026-07-10T15:10:23+02:00 [INFO] (codacy-cli-v2/cli-v2.go:27) Starting Codacy CLI version=1.0.0-main.380.sha.27e119a (27e119a) built at 2026-06-11T09:54:47Z
2026-07-10T15:10:23+02:00 [INFO] (codacy-cli-v2/cmd/root.go:34) Executing CLI command command=analyze full_command=[/Users/Andreas/Library/Caches/Codacy/codacy-cli-v2/1.0.0-main.380.sha.27e119a/codacy-cli-v2 analyze /Users/Andreas/GitHub/hemera/.vscode/mcp.json --format sarif] args=[/Users/Andreas/GitHub/hemera/.vscode/mcp.json]
2026/07/10 15:10:23 Running all configured tools...
2026/07/10 15:10:23 Skipping revive as it doesn't support the specified file(s)
2026/07/10 15:10:23 Skipping dartanalyzer as it doesn't support the specified file(s)
2026/07/10 15:10:23 Skipping eslint as it doesn't support the specified file(s)
2026/07/10 15:10:23 Skipping lizard as it doesn't support the specified file(s)
2026/07/10 15:10:23 Skipping opengrep as it doesn't support the specified file(s)
2026/07/10 15:10:23 Skipping pmd as it doesn't support the specified file(s)
2026/07/10 15:10:23 Skipping pylint as it doesn't support the specified file(s)
2026/07/10 15:10:23 Running tools for the specified file(s)...
2026/07/10 15:10:23 Running trivy...
2026-07-10T15:10:23+02:00 [INFO] (codacy-cli-v2/cmd/analyze.go:360) Config file found for tool tool=trivy toolConfigPath=.codacy/tools-configs/trivy.yaml
2026/07/10 15:10:23 Tool failed to run: failed to run Trivy: exit status 1
2026-07-10T15:10:29+02:00 [INFO] (codacy-cli-v2/cli-v2.go:27) Starting Codacy CLI version=1.0.0-main.380.sha.27e119a (27e119a) built at 2026-06-11T09:54:47Z
2026-07-10T15:10:29+02:00 [INFO] (codacy-cli-v2/cmd/root.go:34) Executing CLI command command=analyze full_command=[/Users/Andreas/Library/Caches/Codacy/codacy-cli-v2/1.0.0-main.380.sha.27e119a/codacy-cli-v2 analyze /Users/Andreas/GitHub/gaia/.vscode/mcp.json --format sarif] args=[/Users/Andreas/GitHub/gaia/.vscode/mcp.json]
2026/07/10 15:10:29 Running all configured tools...
2026/07/10 15:10:29 Skipping lizard as it doesn't support the specified file(s)
2026/07/10 15:10:29 Skipping opengrep as it doesn't support the specified file(s)
2026/07/10 15:10:29 Skipping pmd as it doesn't support the specified file(s)
2026/07/10 15:10:29 Skipping pylint as it doesn't support the specified file(s)
2026/07/10 15:10:29 Skipping revive as it doesn't support the specified file(s)
2026/07/10 15:10:29 Skipping dartanalyzer as it doesn't support the specified file(s)
2026/07/10 15:10:29 Skipping eslint as it doesn't support the specified file(s)
2026/07/10 15:10:29 Running tools for the specified file(s)...
2026/07/10 15:10:29 Running trivy...
2026-07-10T15:10:29+02:00 [INFO] (codacy-cli-v2/cmd/analyze.go:360) Config file found for tool tool=trivy toolConfigPath=.codacy/tools-configs/trivy.yaml
2026/07/10 15:10:29 Tool failed to run: failed to run Trivy: exit status 1
2026-07-10T15:10:38+02:00 [INFO] (codacy-cli-v2/cli-v2.go:27) Starting Codacy CLI version=1.0.0-main.380.sha.27e119a (27e119a) built at 2026-06-11T09:54:47Z
2026-07-10T15:10:38+02:00 [INFO] (codacy-cli-v2/cmd/root.go:34) Executing CLI command args=[/Users/Andreas/GitHub/thalassa/.vscode/mcp.json] command=analyze full_command=[/Users/Andreas/Library/Caches/Codacy/codacy-cli-v2/1.0.0-main.380.sha.27e119a/codacy-cli-v2 analyze /Users/Andreas/GitHub/thalassa/.vscode/mcp.json --format sarif]
2026/07/10 15:10:38 Running all configured tools...
2026/07/10 15:10:38 Skipping pylint as it doesn't support the specified file(s)
2026/07/10 15:10:38 Skipping revive as it doesn't support the specified file(s)
2026/07/10 15:10:38 Skipping dartanalyzer as it doesn't support the specified file(s)
2026/07/10 15:10:38 Skipping eslint as it doesn't support the specified file(s)
2026/07/10 15:10:38 Skipping lizard as it doesn't support the specified file(s)
2026/07/10 15:10:38 Skipping opengrep as it doesn't support the specified file(s)
2026/07/10 15:10:38 Skipping pmd as it doesn't support the specified file(s)
2026/07/10 15:10:38 Running tools for the specified file(s)...
2026/07/10 15:10:38 Running trivy...
2026-07-10T15:10:38+02:00 [INFO] (codacy-cli-v2/cmd/analyze.go:360) Config file found for tool tool=trivy toolConfigPath=.codacy/tools-configs/trivy.yaml
2026/07/10 15:10:39 Tool failed to run: failed to run Trivy: exit status 1
2026-07-10T15:13:21+02:00 [INFO] (codacy-cli-v2/cli-v2.go:27) Starting Codacy CLI version=1.0.0-main.380.sha.27e119a (27e119a) built at 2026-06-11T09:54:47Z
2026-07-10T15:13:21+02:00 [INFO] (codacy-cli-v2/cmd/root.go:34) Executing CLI command command=analyze full_command=[/Users/Andreas/Library/Caches/Codacy/codacy-cli-v2/1.0.0-main.380.sha.27e119a/codacy-cli-v2 analyze /Users/Andreas/Library/Application Support/Code/User/mcp.json --format sarif] args=[/Users/Andreas/Library/Application Support/Code/User/mcp.json]
2026/07/10 15:13:21 Running all configured tools...
2026/07/10 15:13:21 Skipping opengrep as it doesn't support the specified file(s)
2026/07/10 15:13:21 Skipping pmd as it doesn't support the specified file(s)
2026/07/10 15:13:21 Skipping pylint as it doesn't support the specified file(s)
2026/07/10 15:13:21 Skipping revive as it doesn't support the specified file(s)
2026/07/10 15:13:21 Skipping dartanalyzer as it doesn't support the specified file(s)
2026/07/10 15:13:21 Skipping eslint as it doesn't support the specified file(s)
2026/07/10 15:13:21 Skipping lizard as it doesn't support the specified file(s)
2026/07/10 15:13:21 Running tools for the specified file(s)...
2026/07/10 15:13:21 Running trivy...
2026-07-10T15:13:21+02:00 [INFO] (codacy-cli-v2/cmd/analyze.go:360) Config file found for tool tool=trivy toolConfigPath=.codacy/tools-configs/trivy.yaml
2026/07/10 15:13:22 Tool failed to run: failed to run Trivy: exit status 1
2026-07-10T15:13:24+02:00 [INFO] (codacy-cli-v2/cli-v2.go:27) Starting Codacy CLI version=1.0.0-main.380.sha.27e119a (27e119a) built at 2026-06-11T09:54:47Z
2026-07-10T15:13:24+02:00 [INFO] (codacy-cli-v2/cmd/root.go:34) Executing CLI command command=analyze full_command=[/Users/Andreas/Library/Caches/Codacy/codacy-cli-v2/1.0.0-main.380.sha.27e119a/codacy-cli-v2 analyze /Users/Andreas/GitHub/aither/.vscode/mcp.json --format sarif] args=[/Users/Andreas/GitHub/aither/.vscode/mcp.json]
2026/07/10 15:13:24 Running all configured tools...
2026/07/10 15:13:24 Skipping revive as it doesn't support the specified file(s)
2026/07/10 15:13:24 Skipping dartanalyzer as it doesn't support the specified file(s)
2026/07/10 15:13:24 Skipping eslint as it doesn't support the specified file(s)
2026/07/10 15:13:24 Skipping lizard as it doesn't support the specified file(s)
2026/07/10 15:13:24 Skipping opengrep as it doesn't support the specified file(s)
2026/07/10 15:13:24 Skipping pmd as it doesn't support the specified file(s)
2026/07/10 15:13:24 Skipping pylint as it doesn't support the specified file(s)
2026/07/10 15:13:24 Running tools for the specified file(s)...
2026/07/10 15:13:24 Running trivy...
2026-07-10T15:13:24+02:00 [INFO] (codacy-cli-v2/cmd/analyze.go:360) Config file found for tool tool=trivy toolConfigPath=.codacy/tools-configs/trivy.yaml
2026/07/10 15:13:24 Tool failed to run: failed to run Trivy: exit status 1
2026-07-10T15:13:29+02:00 [INFO] (codacy-cli-v2/cli-v2.go:27) Starting Codacy CLI version=1.0.0-main.380.sha.27e119a (27e119a) built at 2026-06-11T09:54:47Z
2026-07-10T15:13:29+02:00 [INFO] (codacy-cli-v2/cmd/root.go:34) Executing CLI command full_command=[/Users/Andreas/Library/Caches/Codacy/codacy-cli-v2/1.0.0-main.380.sha.27e119a/codacy-cli-v2 analyze /Users/Andreas/GitHub/gaia/.vscode/mcp.json --format sarif] args=[/Users/Andreas/GitHub/gaia/.vscode/mcp.json] command=analyze
2026/07/10 15:13:29 Running all configured tools...
2026/07/10 15:13:29 Skipping eslint as it doesn't support the specified file(s)
2026/07/10 15:13:29 Skipping lizard as it doesn't support the specified file(s)
2026/07/10 15:13:29 Skipping opengrep as it doesn't support the specified file(s)
2026/07/10 15:13:29 Skipping pmd as it doesn't support the specified file(s)
2026/07/10 15:13:29 Skipping pylint as it doesn't support the specified file(s)
2026/07/10 15:13:29 Skipping revive as it doesn't support the specified file(s)
2026/07/10 15:13:29 Skipping dartanalyzer as it doesn't support the specified file(s)
2026/07/10 15:13:29 Running tools for the specified file(s)...
2026/07/10 15:13:29 Running trivy...
2026-07-10T15:13:29+02:00 [INFO] (codacy-cli-v2/cmd/analyze.go:360) Config file found for tool toolConfigPath=.codacy/tools-configs/trivy.yaml tool=trivy
2026/07/10 15:13:29 Tool failed to run: failed to run Trivy: exit status 1
2026-07-10T15:13:40+02:00 [INFO] (codacy-cli-v2/cli-v2.go:27) Starting Codacy CLI version=1.0.0-main.380.sha.27e119a (27e119a) built at 2026-06-11T09:54:47Z
2026-07-10T15:13:40+02:00 [INFO] (codacy-cli-v2/cmd/root.go:34) Executing CLI command full_command=[/Users/Andreas/Library/Caches/Codacy/codacy-cli-v2/1.0.0-main.380.sha.27e119a/codacy-cli-v2 analyze /Users/Andreas/GitHub/thalassa/.vscode/mcp.json --format sarif] args=[/Users/Andreas/GitHub/thalassa/.vscode/mcp.json] command=analyze
2026/07/10 15:13:40 Running all configured tools...
2026/07/10 15:13:40 Skipping dartanalyzer as it doesn't support the specified file(s)
2026/07/10 15:13:40 Skipping eslint as it doesn't support the specified file(s)
2026/07/10 15:13:40 Skipping lizard as it doesn't support the specified file(s)
2026/07/10 15:13:40 Skipping opengrep as it doesn't support the specified file(s)
2026/07/10 15:13:40 Skipping pmd as it doesn't support the specified file(s)
2026/07/10 15:13:40 Skipping pylint as it doesn't support the specified file(s)
2026/07/10 15:13:40 Skipping revive as it doesn't support the specified file(s)
2026/07/10 15:13:40 Running tools for the specified file(s)...
2026/07/10 15:13:40 Running trivy...
2026-07-10T15:13:40+02:00 [INFO] (codacy-cli-v2/cmd/analyze.go:360) Config file found for tool tool=trivy toolConfigPath=.codacy/tools-configs/trivy.yaml
2026/07/10 15:13:40 Tool failed to run: failed to run Trivy: exit status 1
2026-07-10T15:16:24+02:00 [INFO] (codacy-cli-v2/cli-v2.go:27) Starting Codacy CLI version=1.0.0-main.380.sha.27e119a (27e119a) built at 2026-06-11T09:54:47Z
2026-07-10T15:16:24+02:00 [INFO] (codacy-cli-v2/cmd/root.go:34) Executing CLI command command=analyze full_command=[/Users/Andreas/Library/Caches/Codacy/codacy-cli-v2/1.0.0-main.380.sha.27e119a/codacy-cli-v2 analyze /Users/Andreas/GitHub/aither/.vscode/mcp.json --format sarif] args=[/Users/Andreas/GitHub/aither/.vscode/mcp.json]
2026/07/10 15:16:24 Running all configured tools...
2026/07/10 15:16:24 Skipping opengrep as it doesn't support the specified file(s)
2026/07/10 15:16:24 Skipping pmd as it doesn't support the specified file(s)
2026/07/10 15:16:24 Skipping pylint as it doesn't support the specified file(s)
2026/07/10 15:16:24 Skipping revive as it doesn't support the specified file(s)
2026/07/10 15:16:24 Skipping dartanalyzer as it doesn't support the specified file(s)
2026/07/10 15:16:24 Skipping eslint as it doesn't support the specified file(s)
2026/07/10 15:16:24 Skipping lizard as it doesn't support the specified file(s)
2026/07/10 15:16:24 Running tools for the specified file(s)...
2026/07/10 15:16:24 Running trivy...
2026-07-10T15:16:24+02:00 [INFO] (codacy-cli-v2/cmd/analyze.go:360) Config file found for tool tool=trivy toolConfigPath=.codacy/tools-configs/trivy.yaml
2026/07/10 15:16:24 Tool failed to run: failed to run Trivy: exit status 1
2026-07-10T15:16:31+02:00 [INFO] (codacy-cli-v2/cli-v2.go:27) Starting Codacy CLI version=1.0.0-main.380.sha.27e119a (27e119a) built at 2026-06-11T09:54:47Z
2026-07-10T15:16:31+02:00 [INFO] (codacy-cli-v2/cmd/root.go:34) Executing CLI command full_command=[/Users/Andreas/Library/Caches/Codacy/codacy-cli-v2/1.0.0-main.380.sha.27e119a/codacy-cli-v2 analyze /Users/Andreas/GitHub/gaia/.vscode/mcp.json --format sarif] args=[/Users/Andreas/GitHub/gaia/.vscode/mcp.json] command=analyze
2026/07/10 15:16:31 Running all configured tools...
2026/07/10 15:16:31 Skipping pylint as it doesn't support the specified file(s)
2026/07/10 15:16:31 Skipping revive as it doesn't support the specified file(s)
2026/07/10 15:16:31 Skipping dartanalyzer as it doesn't support the specified file(s)
2026/07/10 15:16:31 Skipping eslint as it doesn't support the specified file(s)
2026/07/10 15:16:31 Skipping lizard as it doesn't support the specified file(s)
2026/07/10 15:16:31 Skipping opengrep as it doesn't support the specified file(s)
2026/07/10 15:16:31 Skipping pmd as it doesn't support the specified file(s)
2026/07/10 15:16:31 Running tools for the specified file(s)...
2026/07/10 15:16:31 Running trivy...
2026-07-10T15:16:31+02:00 [INFO] (codacy-cli-v2/cmd/analyze.go:360) Config file found for tool tool=trivy toolConfigPath=.codacy/tools-configs/trivy.yaml
2026/07/10 15:16:31 Tool failed to run: failed to run Trivy: exit status 1
2026-07-10T15:16:42+02:00 [INFO] (codacy-cli-v2/cli-v2.go:27) Starting Codacy CLI version=1.0.0-main.380.sha.27e119a (27e119a) built at 2026-06-11T09:54:47Z
2026-07-10T15:16:42+02:00 [INFO] (codacy-cli-v2/cmd/root.go:34) Executing CLI command command=analyze full_command=[/Users/Andreas/Library/Caches/Codacy/codacy-cli-v2/1.0.0-main.380.sha.27e119a/codacy-cli-v2 analyze /Users/Andreas/GitHub/thalassa/.vscode/mcp.json --format sarif] args=[/Users/Andreas/GitHub/thalassa/.vscode/mcp.json]
2026/07/10 15:16:42 Running all configured tools...
2026/07/10 15:16:42 Skipping opengrep as it doesn't support the specified file(s)
2026/07/10 15:16:42 Skipping pmd as it doesn't support the specified file(s)
2026/07/10 15:16:42 Skipping pylint as it doesn't support the specified file(s)
2026/07/10 15:16:42 Skipping revive as it doesn't support the specified file(s)
2026/07/10 15:16:42 Skipping dartanalyzer as it doesn't support the specified file(s)
2026/07/10 15:16:42 Skipping eslint as it doesn't support the specified file(s)
2026/07/10 15:16:42 Skipping lizard as it doesn't support the specified file(s)
2026/07/10 15:16:42 Running tools for the specified file(s)...
2026/07/10 15:16:42 Running trivy...
2026-07-10T15:16:42+02:00 [INFO] (codacy-cli-v2/cmd/analyze.go:360) Config file found for tool tool=trivy toolConfigPath=.codacy/tools-configs/trivy.yaml
2026/07/10 15:16:42 Tool failed to run: failed to run Trivy: exit status 1
2026-07-10T15:19:25+02:00 [INFO] (codacy-cli-v2/cli-v2.go:27) Starting Codacy CLI version=1.0.0-main.380.sha.27e119a (27e119a) built at 2026-06-11T09:54:47Z
2026-07-10T15:19:25+02:00 [INFO] (codacy-cli-v2/cmd/root.go:34) Executing CLI command command=analyze full_command=[/Users/Andreas/Library/Caches/Codacy/codacy-cli-v2/1.0.0-main.380.sha.27e119a/codacy-cli-v2 analyze /Users/Andreas/GitHub/hemera/.vscode/mcp.json --format sarif] args=[/Users/Andreas/GitHub/hemera/.vscode/mcp.json]
2026/07/10 15:19:25 Running all configured tools...
2026/07/10 15:19:25 Skipping pylint as it doesn't support the specified file(s)
2026/07/10 15:19:25 Skipping revive as it doesn't support the specified file(s)
2026/07/10 15:19:25 Skipping dartanalyzer as it doesn't support the specified file(s)
2026/07/10 15:19:25 Skipping eslint as it doesn't support the specified file(s)
2026/07/10 15:19:25 Skipping lizard as it doesn't support the specified file(s)
2026/07/10 15:19:25 Skipping opengrep as it doesn't support the specified file(s)
2026/07/10 15:19:25 Skipping pmd as it doesn't support the specified file(s)
2026/07/10 15:19:25 Running tools for the specified file(s)...
2026/07/10 15:19:25 Running trivy...
2026-07-10T15:19:25+02:00 [INFO] (codacy-cli-v2/cmd/analyze.go:360) Config file found for tool tool=trivy toolConfigPath=.codacy/tools-configs/trivy.yaml
2026/07/10 15:19:26 Tool failed to run: failed to run Trivy: exit status 1
2026-07-10T15:19:32+02:00 [INFO] (codacy-cli-v2/cli-v2.go:27) Starting Codacy CLI version=1.0.0-main.380.sha.27e119a (27e119a) built at 2026-06-11T09:54:47Z
2026-07-10T15:19:32+02:00 [INFO] (codacy-cli-v2/cmd/root.go:34) Executing CLI command command=analyze full_command=[/Users/Andreas/Library/Caches/Codacy/codacy-cli-v2/1.0.0-main.380.sha.27e119a/codacy-cli-v2 analyze /Users/Andreas/GitHub/gaia/.vscode/mcp.json --format sarif] args=[/Users/Andreas/GitHub/gaia/.vscode/mcp.json]
2026/07/10 15:19:32 Running all configured tools...
2026/07/10 15:19:32 Skipping dartanalyzer as it doesn't support the specified file(s)
2026/07/10 15:19:32 Skipping eslint as it doesn't support the specified file(s)
2026/07/10 15:19:32 Skipping lizard as it doesn't support the specified file(s)
2026/07/10 15:19:32 Skipping opengrep as it doesn't support the specified file(s)
2026/07/10 15:19:32 Skipping pmd as it doesn't support the specified file(s)
2026/07/10 15:19:32 Skipping pylint as it doesn't support the specified file(s)
2026/07/10 15:19:32 Skipping revive as it doesn't support the specified file(s)
2026/07/10 15:19:32 Running tools for the specified file(s)...
2026/07/10 15:19:32 Running trivy...
2026-07-10T15:19:32+02:00 [INFO] (codacy-cli-v2/cmd/analyze.go:360) Config file found for tool toolConfigPath=.codacy/tools-configs/trivy.yaml tool=trivy
2026/07/10 15:19:32 Tool failed to run: failed to run Trivy: exit status 1
2026-07-10T15:19:43+02:00 [INFO] (codacy-cli-v2/cli-v2.go:27) Starting Codacy CLI version=1.0.0-main.380.sha.27e119a (27e119a) built at 2026-06-11T09:54:47Z
2026-07-10T15:19:43+02:00 [INFO] (codacy-cli-v2/cmd/root.go:34) Executing CLI command args=[/Users/Andreas/GitHub/thalassa/.vscode/mcp.json] command=analyze full_command=[/Users/Andreas/Library/Caches/Codacy/codacy-cli-v2/1.0.0-main.380.sha.27e119a/codacy-cli-v2 analyze /Users/Andreas/GitHub/thalassa/.vscode/mcp.json --format sarif]
2026/07/10 15:19:43 Running all configured tools...
2026/07/10 15:19:43 Skipping revive as it doesn't support the specified file(s)
2026/07/10 15:19:43 Skipping dartanalyzer as it doesn't support the specified file(s)
2026/07/10 15:19:43 Skipping eslint as it doesn't support the specified file(s)
2026/07/10 15:19:43 Skipping lizard as it doesn't support the specified file(s)
2026/07/10 15:19:43 Skipping opengrep as it doesn't support the specified file(s)
2026/07/10 15:19:43 Skipping pmd as it doesn't support the specified file(s)
2026/07/10 15:19:43 Skipping pylint as it doesn't support the specified file(s)
2026/07/10 15:19:43 Running tools for the specified file(s)...
2026/07/10 15:19:43 Running trivy...
2026-07-10T15:19:43+02:00 [INFO] (codacy-cli-v2/cmd/analyze.go:360) Config file found for tool toolConfigPath=.codacy/tools-configs/trivy.yaml tool=trivy
2026/07/10 15:19:44 Tool failed to run: failed to run Trivy: exit status 1
2026-07-10T15:22:25+02:00 [INFO] (codacy-cli-v2/cli-v2.go:27) Starting Codacy CLI version=1.0.0-main.380.sha.27e119a (27e119a) built at 2026-06-11T09:54:47Z
2026-07-10T15:22:25+02:00 [INFO] (codacy-cli-v2/cmd/root.go:34) Executing CLI command command=analyze full_command=[/Users/Andreas/Library/Caches/Codacy/codacy-cli-v2/1.0.0-main.380.sha.27e119a/codacy-cli-v2 analyze /Users/Andreas/GitHub/hemera/.vscode/mcp.json --format sarif] args=[/Users/Andreas/GitHub/hemera/.vscode/mcp.json]
2026/07/10 15:22:25 Running all configured tools...
2026/07/10 15:22:25 Skipping opengrep as it doesn't support the specified file(s)
2026/07/10 15:22:25 Skipping pmd as it doesn't support the specified file(s)
2026/07/10 15:22:25 Skipping pylint as it doesn't support the specified file(s)
2026/07/10 15:22:25 Skipping revive as it doesn't support the specified file(s)
2026/07/10 15:22:25 Skipping dartanalyzer as it doesn't support the specified file(s)
2026/07/10 15:22:25 Skipping eslint as it doesn't support the specified file(s)
2026/07/10 15:22:25 Skipping lizard as it doesn't support the specified file(s)
2026/07/10 15:22:25 Running tools for the specified file(s)...
2026/07/10 15:22:25 Running trivy...
2026-07-10T15:22:25+02:00 [INFO] (codacy-cli-v2/cmd/analyze.go:360) Config file found for tool toolConfigPath=.codacy/tools-configs/trivy.yaml tool=trivy
2026/07/10 15:22:26 Tool failed to run: failed to run Trivy: exit status 1
2026-07-10T15:22:32+02:00 [INFO] (codacy-cli-v2/cli-v2.go:27) Starting Codacy CLI version=1.0.0-main.380.sha.27e119a (27e119a) built at 2026-06-11T09:54:47Z
2026-07-10T15:22:32+02:00 [INFO] (codacy-cli-v2/cmd/root.go:34) Executing CLI command command=analyze full_command=[/Users/Andreas/Library/Caches/Codacy/codacy-cli-v2/1.0.0-main.380.sha.27e119a/codacy-cli-v2 analyze /Users/Andreas/GitHub/gaia/.vscode/mcp.json --format sarif] args=[/Users/Andreas/GitHub/gaia/.vscode/mcp.json]
2026/07/10 15:22:32 Running all configured tools...
2026/07/10 15:22:32 Skipping opengrep as it doesn't support the specified file(s)
2026/07/10 15:22:32 Skipping pmd as it doesn't support the specified file(s)
2026/07/10 15:22:32 Skipping pylint as it doesn't support the specified file(s)
2026/07/10 15:22:32 Skipping revive as it doesn't support the specified file(s)
2026/07/10 15:22:32 Skipping dartanalyzer as it doesn't support the specified file(s)
2026/07/10 15:22:32 Skipping eslint as it doesn't support the specified file(s)
2026/07/10 15:22:32 Skipping lizard as it doesn't support the specified file(s)
2026/07/10 15:22:32 Running tools for the specified file(s)...
2026/07/10 15:22:32 Running trivy...
2026-07-10T15:22:32+02:00 [INFO] (codacy-cli-v2/cmd/analyze.go:360) Config file found for tool tool=trivy toolConfigPath=.codacy/tools-configs/trivy.yaml
2026/07/10 15:22:33 Tool failed to run: failed to run Trivy: exit status 1
2026-07-10T15:22:45+02:00 [INFO] (codacy-cli-v2/cli-v2.go:27) Starting Codacy CLI version=1.0.0-main.380.sha.27e119a (27e119a) built at 2026-06-11T09:54:47Z
2026-07-10T15:22:45+02:00 [INFO] (codacy-cli-v2/cmd/root.go:34) Executing CLI command command=analyze full_command=[/Users/Andreas/Library/Caches/Codacy/codacy-cli-v2/1.0.0-main.380.sha.27e119a/codacy-cli-v2 analyze /Users/Andreas/GitHub/thalassa/.vscode/mcp.json --format sarif] args=[/Users/Andreas/GitHub/thalassa/.vscode/mcp.json]
2026/07/10 15:22:45 Running all configured tools...
2026/07/10 15:22:45 Skipping pylint as it doesn't support the specified file(s)
2026/07/10 15:22:45 Skipping revive as it doesn't support the specified file(s)
2026/07/10 15:22:45 Skipping dartanalyzer as it doesn't support the specified file(s)
2026/07/10 15:22:45 Skipping eslint as it doesn't support the specified file(s)
2026/07/10 15:22:45 Skipping lizard as it doesn't support the specified file(s)
2026/07/10 15:22:45 Skipping opengrep as it doesn't support the specified file(s)
2026/07/10 15:22:45 Skipping pmd as it doesn't support the specified file(s)
2026/07/10 15:22:45 Running tools for the specified file(s)...
2026/07/10 15:22:45 Running trivy...
2026-07-10T15:22:45+02:00 [INFO] (codacy-cli-v2/cmd/analyze.go:360) Config file found for tool toolConfigPath=.codacy/tools-configs/trivy.yaml tool=trivy
2026/07/10 15:22:45 Tool failed to run: failed to run Trivy: exit status 1
2026-07-10T15:25:26+02:00 [INFO] (codacy-cli-v2/cli-v2.go:27) Starting Codacy CLI version=1.0.0-main.380.sha.27e119a (27e119a) built at 2026-06-11T09:54:47Z
2026-07-10T15:25:26+02:00 [INFO] (codacy-cli-v2/cmd/root.go:34) Executing CLI command command=analyze full_command=[/Users/Andreas/Library/Caches/Codacy/codacy-cli-v2/1.0.0-main.380.sha.27e119a/codacy-cli-v2 analyze /Users/Andreas/GitHub/aither/.vscode/mcp.json --format sarif] args=[/Users/Andreas/GitHub/aither/.vscode/mcp.json]
2026/07/10 15:25:26 Running all configured tools...
2026/07/10 15:25:26 Skipping eslint as it doesn't support the specified file(s)
2026/07/10 15:25:26 Skipping lizard as it doesn't support the specified file(s)
2026/07/10 15:25:26 Skipping opengrep as it doesn't support the specified file(s)
2026/07/10 15:25:26 Skipping pmd as it doesn't support the specified file(s)
2026/07/10 15:25:26 Skipping pylint as it doesn't support the specified file(s)
2026/07/10 15:25:26 Skipping revive as it doesn't support the specified file(s)
2026/07/10 15:25:26 Skipping dartanalyzer as it doesn't support the specified file(s)
2026/07/10 15:25:26 Running tools for the specified file(s)...
2026/07/10 15:25:26 Running trivy...
2026-07-10T15:25:26+02:00 [INFO] (codacy-cli-v2/cmd/analyze.go:360) Config file found for tool toolConfigPath=.codacy/tools-configs/trivy.yaml tool=trivy
2026/07/10 15:25:27 Tool failed to run: failed to run Trivy: exit status 1
2026-07-10T15:25:34+02:00 [INFO] (codacy-cli-v2/cli-v2.go:27) Starting Codacy CLI version=1.0.0-main.380.sha.27e119a (27e119a) built at 2026-06-11T09:54:47Z
2026-07-10T15:25:34+02:00 [INFO] (codacy-cli-v2/cmd/root.go:34) Executing CLI command command=analyze full_command=[/Users/Andreas/Library/Caches/Codacy/codacy-cli-v2/1.0.0-main.380.sha.27e119a/codacy-cli-v2 analyze /Users/Andreas/GitHub/gaia/.vscode/mcp.json --format sarif] args=[/Users/Andreas/GitHub/gaia/.vscode/mcp.json]
2026/07/10 15:25:34 Running all configured tools...
2026/07/10 15:25:34 Skipping pmd as it doesn't support the specified file(s)
2026/07/10 15:25:34 Skipping pylint as it doesn't support the specified file(s)
2026/07/10 15:25:34 Skipping revive as it doesn't support the specified file(s)
2026/07/10 15:25:34 Skipping dartanalyzer as it doesn't support the specified file(s)
2026/07/10 15:25:34 Skipping eslint as it doesn't support the specified file(s)
2026/07/10 15:25:34 Skipping lizard as it doesn't support the specified file(s)
2026/07/10 15:25:34 Skipping opengrep as it doesn't support the specified file(s)
2026/07/10 15:25:34 Running tools for the specified file(s)...
2026/07/10 15:25:34 Running trivy...
2026-07-10T15:25:34+02:00 [INFO] (codacy-cli-v2/cmd/analyze.go:360) Config file found for tool tool=trivy toolConfigPath=.codacy/tools-configs/trivy.yaml
2026/07/10 15:25:34 Tool failed to run: failed to run Trivy: exit status 1
2026-07-10T15:25:45+02:00 [INFO] (codacy-cli-v2/cli-v2.go:27) Starting Codacy CLI version=1.0.0-main.380.sha.27e119a (27e119a) built at 2026-06-11T09:54:47Z
2026-07-10T15:25:45+02:00 [INFO] (codacy-cli-v2/cmd/root.go:34) Executing CLI command command=analyze full_command=[/Users/Andreas/Library/Caches/Codacy/codacy-cli-v2/1.0.0-main.380.sha.27e119a/codacy-cli-v2 analyze /Users/Andreas/GitHub/thalassa/.vscode/mcp.json --format sarif] args=[/Users/Andreas/GitHub/thalassa/.vscode/mcp.json]
2026/07/10 15:25:45 Running all configured tools...
2026/07/10 15:25:45 Skipping dartanalyzer as it doesn't support the specified file(s)
2026/07/10 15:25:45 Skipping eslint as it doesn't support the specified file(s)
2026/07/10 15:25:45 Skipping lizard as it doesn't support the specified file(s)
2026/07/10 15:25:45 Skipping opengrep as it doesn't support the specified file(s)
2026/07/10 15:25:45 Skipping pmd as it doesn't support the specified file(s)
2026/07/10 15:25:45 Skipping pylint as it doesn't support the specified file(s)
2026/07/10 15:25:45 Skipping revive as it doesn't support the specified file(s)
2026/07/10 15:25:45 Running tools for the specified file(s)...
2026/07/10 15:25:45 Running trivy...
2026-07-10T15:25:45+02:00 [INFO] (codacy-cli-v2/cmd/analyze.go:360) Config file found for tool tool=trivy toolConfigPath=.codacy/tools-configs/trivy.yaml
2026/07/10 15:25:46 Tool failed to run: failed to run Trivy: exit status 1
2026-07-10T15:28:28+02:00 [INFO] (codacy-cli-v2/cli-v2.go:27) Starting Codacy CLI version=1.0.0-main.380.sha.27e119a (27e119a) built at 2026-06-11T09:54:47Z
2026-07-10T15:28:28+02:00 [INFO] (codacy-cli-v2/cmd/root.go:34) Executing CLI command command=analyze full_command=[/Users/Andreas/Library/Caches/Codacy/codacy-cli-v2/1.0.0-main.380.sha.27e119a/codacy-cli-v2 analyze /Users/Andreas/GitHub/aither/.vscode/mcp.json --format sarif] args=[/Users/Andreas/GitHub/aither/.vscode/mcp.json]
2026/07/10 15:28:28 Running all configured tools...
2026/07/10 15:28:28 Skipping dartanalyzer as it doesn't support the specified file(s)
2026/07/10 15:28:28 Skipping eslint as it doesn't support the specified file(s)
2026/07/10 15:28:28 Skipping lizard as it doesn't support the specified file(s)
2026/07/10 15:28:28 Skipping opengrep as it doesn't support the specified file(s)
2026/07/10 15:28:28 Skipping pmd as it doesn't support the specified file(s)
2026/07/10 15:28:28 Skipping pylint as it doesn't support the specified file(s)
2026/07/10 15:28:28 Skipping revive as it doesn't support the specified file(s)
2026/07/10 15:28:28 Running tools for the specified file(s)...
2026/07/10 15:28:28 Running trivy...
2026-07-10T15:28:28+02:00 [INFO] (codacy-cli-v2/cmd/analyze.go:360) Config file found for tool tool=trivy toolConfigPath=.codacy/tools-configs/trivy.yaml
2026/07/10 15:28:28 Tool failed to run: failed to run Trivy: exit status 1
2026-07-10T15:28:35+02:00 [INFO] (codacy-cli-v2/cli-v2.go:27) Starting Codacy CLI version=1.0.0-main.380.sha.27e119a (27e119a) built at 2026-06-11T09:54:47Z
2026-07-10T15:28:35+02:00 [INFO] (codacy-cli-v2/cmd/root.go:34) Executing CLI command full_command=[/Users/Andreas/Library/Caches/Codacy/codacy-cli-v2/1.0.0-main.380.sha.27e119a/codacy-cli-v2 analyze /Users/Andreas/GitHub/gaia/.vscode/mcp.json --format sarif] args=[/Users/Andreas/GitHub/gaia/.vscode/mcp.json] command=analyze
2026/07/10 15:28:35 Running all configured tools...
2026/07/10 15:28:35 Skipping eslint as it doesn't support the specified file(s)
2026/07/10 15:28:35 Skipping lizard as it doesn't support the specified file(s)
2026/07/10 15:28:35 Skipping opengrep as it doesn't support the specified file(s)
2026/07/10 15:28:35 Skipping pmd as it doesn't support the specified file(s)
2026/07/10 15:28:35 Skipping pylint as it doesn't support the specified file(s)
2026/07/10 15:28:35 Skipping revive as it doesn't support the specified file(s)
2026/07/10 15:28:35 Skipping dartanalyzer as it doesn't support the specified file(s)
2026/07/10 15:28:35 Running tools for the specified file(s)...
2026/07/10 15:28:35 Running trivy...
2026-07-10T15:28:35+02:00 [INFO] (codacy-cli-v2/cmd/analyze.go:360) Config file found for tool toolConfigPath=.codacy/tools-configs/trivy.yaml tool=trivy
2026/07/10 15:28:35 Tool failed to run: failed to run Trivy: exit status 1
2026-07-10T15:28:46+02:00 [INFO] (codacy-cli-v2/cli-v2.go:27) Starting Codacy CLI version=1.0.0-main.380.sha.27e119a (27e119a) built at 2026-06-11T09:54:47Z
2026-07-10T15:28:46+02:00 [INFO] (codacy-cli-v2/cmd/root.go:34) Executing CLI command full_command=[/Users/Andreas/Library/Caches/Codacy/codacy-cli-v2/1.0.0-main.380.sha.27e119a/codacy-cli-v2 analyze /Users/Andreas/GitHub/thalassa/.vscode/mcp.json --format sarif] args=[/Users/Andreas/GitHub/thalassa/.vscode/mcp.json] command=analyze
2026/07/10 15:28:46 Running all configured tools...
2026/07/10 15:28:46 Skipping revive as it doesn't support the specified file(s)
2026/07/10 15:28:46 Skipping dartanalyzer as it doesn't support the specified file(s)
2026/07/10 15:28:46 Skipping eslint as it doesn't support the specified file(s)
2026/07/10 15:28:46 Skipping lizard as it doesn't support the specified file(s)
2026/07/10 15:28:46 Skipping opengrep as it doesn't support the specified file(s)
2026/07/10 15:28:46 Skipping pmd as it doesn't support the specified file(s)
2026/07/10 15:28:46 Skipping pylint as it doesn't support the specified file(s)
2026/07/10 15:28:46 Running tools for the specified file(s)...
2026/07/10 15:28:46 Running trivy...
2026-07-10T15:28:46+02:00 [INFO] (codacy-cli-v2/cmd/analyze.go:360) Config file found for tool toolConfigPath=.codacy/tools-configs/trivy.yaml tool=trivy
2026/07/10 15:28:47 Tool failed to run: failed to run Trivy: exit status 1
2026-07-10T15:31:25+02:00 [INFO] (codacy-cli-v2/cli-v2.go:27) Starting Codacy CLI version=1.0.0-main.380.sha.27e119a (27e119a) built at 2026-06-11T09:54:47Z
2026-07-10T15:31:25+02:00 [INFO] (codacy-cli-v2/cmd/root.go:34) Executing CLI command command=analyze full_command=[/Users/Andreas/Library/Caches/Codacy/codacy-cli-v2/1.0.0-main.380.sha.27e119a/codacy-cli-v2 analyze /Users/Andreas/Library/Application Support/Code/User/mcp.json --format sarif] args=[/Users/Andreas/Library/Application Support/Code/User/mcp.json]
2026/07/10 15:31:25 Running all configured tools...
2026/07/10 15:31:25 Skipping dartanalyzer as it doesn't support the specified file(s)
2026/07/10 15:31:25 Skipping eslint as it doesn't support the specified file(s)
2026/07/10 15:31:25 Skipping lizard as it doesn't support the specified file(s)
2026/07/10 15:31:25 Skipping opengrep as it doesn't support the specified file(s)
2026/07/10 15:31:25 Skipping pmd as it doesn't support the specified file(s)
2026/07/10 15:31:25 Skipping pylint as it doesn't support the specified file(s)
2026/07/10 15:31:25 Skipping revive as it doesn't support the specified file(s)
2026/07/10 15:31:25 Running tools for the specified file(s)...
2026/07/10 15:31:25 Running trivy...
2026-07-10T15:31:25+02:00 [INFO] (codacy-cli-v2/cmd/analyze.go:360) Config file found for tool tool=trivy toolConfigPath=.codacy/tools-configs/trivy.yaml
2026/07/10 15:31:26 Tool failed to run: failed to run Trivy: exit status 1
2026-07-10T15:31:28+02:00 [INFO] (codacy-cli-v2/cli-v2.go:27) Starting Codacy CLI version=1.0.0-main.380.sha.27e119a (27e119a) built at 2026-06-11T09:54:47Z
2026-07-10T15:31:28+02:00 [INFO] (codacy-cli-v2/cmd/root.go:34) Executing CLI command command=analyze full_command=[/Users/Andreas/Library/Caches/Codacy/codacy-cli-v2/1.0.0-main.380.sha.27e119a/codacy-cli-v2 analyze /Users/Andreas/GitHub/aither/.vscode/mcp.json --format sarif] args=[/Users/Andreas/GitHub/aither/.vscode/mcp.json]
2026/07/10 15:31:28 Running all configured tools...
2026/07/10 15:31:28 Skipping dartanalyzer as it doesn't support the specified file(s)
2026/07/10 15:31:28 Skipping eslint as it doesn't support the specified file(s)
2026/07/10 15:31:28 Skipping lizard as it doesn't support the specified file(s)
2026/07/10 15:31:28 Skipping opengrep as it doesn't support the specified file(s)
2026/07/10 15:31:28 Skipping pmd as it doesn't support the specified file(s)
2026/07/10 15:31:28 Skipping pylint as it doesn't support the specified file(s)
2026/07/10 15:31:28 Skipping revive as it doesn't support the specified file(s)
2026/07/10 15:31:28 Running tools for the specified file(s)...
2026/07/10 15:31:28 Running trivy...
2026-07-10T15:31:28+02:00 [INFO] (codacy-cli-v2/cmd/analyze.go:360) Config file found for tool toolConfigPath=.codacy/tools-configs/trivy.yaml tool=trivy
2026/07/10 15:31:28 Tool failed to run: failed to run Trivy: exit status 1
2026-07-10T15:31:36+02:00 [INFO] (codacy-cli-v2/cli-v2.go:27) Starting Codacy CLI version=1.0.0-main.380.sha.27e119a (27e119a) built at 2026-06-11T09:54:47Z
2026-07-10T15:31:36+02:00 [INFO] (codacy-cli-v2/cmd/root.go:34) Executing CLI command args=[/Users/Andreas/GitHub/gaia/.vscode/mcp.json] command=analyze full_command=[/Users/Andreas/Library/Caches/Codacy/codacy-cli-v2/1.0.0-main.380.sha.27e119a/codacy-cli-v2 analyze /Users/Andreas/GitHub/gaia/.vscode/mcp.json --format sarif]
2026/07/10 15:31:36 Running all configured tools...
2026/07/10 15:31:36 Skipping lizard as it doesn't support the specified file(s)
2026/07/10 15:31:36 Skipping opengrep as it doesn't support the specified file(s)
2026/07/10 15:31:36 Skipping pmd as it doesn't support the specified file(s)
2026/07/10 15:31:36 Skipping pylint as it doesn't support the specified file(s)
2026/07/10 15:31:36 Skipping revive as it doesn't support the specified file(s)
2026/07/10 15:31:36 Skipping dartanalyzer as it doesn't support the specified file(s)
2026/07/10 15:31:36 Skipping eslint as it doesn't support the specified file(s)
2026/07/10 15:31:36 Running tools for the specified file(s)...
2026/07/10 15:31:36 Running trivy...
2026-07-10T15:31:36+02:00 [INFO] (codacy-cli-v2/cmd/analyze.go:360) Config file found for tool tool=trivy toolConfigPath=.codacy/tools-configs/trivy.yaml
2026/07/10 15:31:36 Tool failed to run: failed to run Trivy: exit status 1
2026-07-10T15:31:47+02:00 [INFO] (codacy-cli-v2/cli-v2.go:27) Starting Codacy CLI version=1.0.0-main.380.sha.27e119a (27e119a) built at 2026-06-11T09:54:47Z
2026-07-10T15:31:47+02:00 [INFO] (codacy-cli-v2/cmd/root.go:34) Executing CLI command args=[/Users/Andreas/GitHub/thalassa/.vscode/mcp.json] command=analyze full_command=[/Users/Andreas/Library/Caches/Codacy/codacy-cli-v2/1.0.0-main.380.sha.27e119a/codacy-cli-v2 analyze /Users/Andreas/GitHub/thalassa/.vscode/mcp.json --format sarif]
2026/07/10 15:31:47 Running all configured tools...
2026/07/10 15:31:47 Skipping pylint as it doesn't support the specified file(s)
2026/07/10 15:31:47 Skipping revive as it doesn't support the specified file(s)
2026/07/10 15:31:47 Skipping dartanalyzer as it doesn't support the specified file(s)
2026/07/10 15:31:47 Skipping eslint as it doesn't support the specified file(s)
2026/07/10 15:31:47 Skipping lizard as it doesn't support the specified file(s)
2026/07/10 15:31:47 Skipping opengrep as it doesn't support the specified file(s)
2026/07/10 15:31:47 Skipping pmd as it doesn't support the specified file(s)
2026/07/10 15:31:47 Running tools for the specified file(s)...
2026/07/10 15:31:47 Running trivy...
2026-07-10T15:31:47+02:00 [INFO] (codacy-cli-v2/cmd/analyze.go:360) Config file found for tool tool=trivy toolConfigPath=.codacy/tools-configs/trivy.yaml
2026/07/10 15:31:48 Tool failed to run: failed to run Trivy: exit status 1
2026-07-10T15:34:26+02:00 [INFO] (codacy-cli-v2/cli-v2.go:27) Starting Codacy CLI version=1.0.0-main.380.sha.27e119a (27e119a) built at 2026-06-11T09:54:47Z
2026-07-10T15:34:26+02:00 [INFO] (codacy-cli-v2/cmd/root.go:34) Executing CLI command command=analyze full_command=[/Users/Andreas/Library/Caches/Codacy/codacy-cli-v2/1.0.0-main.380.sha.27e119a/codacy-cli-v2 analyze /Users/Andreas/Library/Application Support/Code/User/mcp.json --format sarif] args=[/Users/Andreas/Library/Application Support/Code/User/mcp.json]
2026/07/10 15:34:26 Running all configured tools...
2026/07/10 15:34:26 Skipping pmd as it doesn't support the specified file(s)
2026/07/10 15:34:26 Skipping pylint as it doesn't support the specified file(s)
2026/07/10 15:34:26 Skipping revive as it doesn't support the specified file(s)
2026/07/10 15:34:26 Skipping dartanalyzer as it doesn't support the specified file(s)
2026/07/10 15:34:26 Skipping eslint as it doesn't support the specified file(s)
2026/07/10 15:34:26 Skipping lizard as it doesn't support the specified file(s)
2026/07/10 15:34:26 Skipping opengrep as it doesn't support the specified file(s)
2026/07/10 15:34:26 Running tools for the specified file(s)...
2026/07/10 15:34:26 Running trivy...
2026-07-10T15:34:26+02:00 [INFO] (codacy-cli-v2/cmd/analyze.go:360) Config file found for tool tool=trivy toolConfigPath=.codacy/tools-configs/trivy.yaml
2026/07/10 15:34:26 Tool failed to run: failed to run Trivy: exit status 1
2026-07-10T15:34:29+02:00 [INFO] (codacy-cli-v2/cli-v2.go:27) Starting Codacy CLI version=1.0.0-main.380.sha.27e119a (27e119a) built at 2026-06-11T09:54:47Z
2026-07-10T15:34:29+02:00 [INFO] (codacy-cli-v2/cmd/root.go:34) Executing CLI command command=analyze full_command=[/Users/Andreas/Library/Caches/Codacy/codacy-cli-v2/1.0.0-main.380.sha.27e119a/codacy-cli-v2 analyze /Users/Andreas/GitHub/hemera/.vscode/mcp.json --format sarif] args=[/Users/Andreas/GitHub/hemera/.vscode/mcp.json]
2026/07/10 15:34:29 Running all configured tools...
2026/07/10 15:34:29 Skipping pmd as it doesn't support the specified file(s)
2026/07/10 15:34:29 Skipping pylint as it doesn't support the specified file(s)
2026/07/10 15:34:29 Skipping revive as it doesn't support the specified file(s)
2026/07/10 15:34:29 Skipping dartanalyzer as it doesn't support the specified file(s)
2026/07/10 15:34:29 Skipping eslint as it doesn't support the specified file(s)
2026/07/10 15:34:29 Skipping lizard as it doesn't support the specified file(s)
2026/07/10 15:34:29 Skipping opengrep as it doesn't support the specified file(s)
2026/07/10 15:34:29 Running tools for the specified file(s)...
2026/07/10 15:34:29 Running trivy...
2026-07-10T15:34:29+02:00 [INFO] (codacy-cli-v2/cmd/analyze.go:360) Config file found for tool tool=trivy toolConfigPath=.codacy/tools-configs/trivy.yaml
2026/07/10 15:34:29 Tool failed to run: failed to run Trivy: exit status 1
2026-07-10T15:34:37+02:00 [INFO] (codacy-cli-v2/cli-v2.go:27) Starting Codacy CLI version=1.0.0-main.380.sha.27e119a (27e119a) built at 2026-06-11T09:54:47Z
2026-07-10T15:34:37+02:00 [INFO] (codacy-cli-v2/cmd/root.go:34) Executing CLI command command=analyze full_command=[/Users/Andreas/Library/Caches/Codacy/codacy-cli-v2/1.0.0-main.380.sha.27e119a/codacy-cli-v2 analyze /Users/Andreas/GitHub/gaia/.vscode/mcp.json --format sarif] args=[/Users/Andreas/GitHub/gaia/.vscode/mcp.json]
2026/07/10 15:34:37 Running all configured tools...
2026/07/10 15:34:37 Skipping eslint as it doesn't support the specified file(s)
2026/07/10 15:34:37 Skipping lizard as it doesn't support the specified file(s)
2026/07/10 15:34:37 Skipping opengrep as it doesn't support the specified file(s)
2026/07/10 15:34:37 Skipping pmd as it doesn't support the specified file(s)
2026/07/10 15:34:37 Skipping pylint as it doesn't support the specified file(s)
2026/07/10 15:34:37 Skipping revive as it doesn't support the specified file(s)
2026/07/10 15:34:37 Skipping dartanalyzer as it doesn't support the specified file(s)
2026/07/10 15:34:37 Running tools for the specified file(s)...
2026/07/10 15:34:37 Running trivy...
2026-07-10T15:34:37+02:00 [INFO] (codacy-cli-v2/cmd/analyze.go:360) Config file found for tool tool=trivy toolConfigPath=.codacy/tools-configs/trivy.yaml
2026/07/10 15:34:38 Tool failed to run: failed to run Trivy: exit status 1
2026-07-10T15:34:48+02:00 [INFO] (codacy-cli-v2/cli-v2.go:27) Starting Codacy CLI version=1.0.0-main.380.sha.27e119a (27e119a) built at 2026-06-11T09:54:47Z
2026-07-10T15:34:48+02:00 [INFO] (codacy-cli-v2/cmd/root.go:34) Executing CLI command args=[/Users/Andreas/GitHub/thalassa/.vscode/mcp.json] command=analyze full_command=[/Users/Andreas/Library/Caches/Codacy/codacy-cli-v2/1.0.0-main.380.sha.27e119a/codacy-cli-v2 analyze /Users/Andreas/GitHub/thalassa/.vscode/mcp.json --format sarif]
2026/07/10 15:34:48 Running all configured tools...
2026/07/10 15:34:48 Skipping dartanalyzer as it doesn't support the specified file(s)
2026/07/10 15:34:48 Skipping eslint as it doesn't support the specified file(s)
2026/07/10 15:34:48 Skipping lizard as it doesn't support the specified file(s)
2026/07/10 15:34:48 Skipping opengrep as it doesn't support the specified file(s)
2026/07/10 15:34:48 Skipping pmd as it doesn't support the specified file(s)
2026/07/10 15:34:48 Skipping pylint as it doesn't support the specified file(s)
2026/07/10 15:34:48 Skipping revive as it doesn't support the specified file(s)
2026/07/10 15:34:48 Running tools for the specified file(s)...
2026/07/10 15:34:48 Running trivy...
2026-07-10T15:34:48+02:00 [INFO] (codacy-cli-v2/cmd/analyze.go:360) Config file found for tool tool=trivy toolConfigPath=.codacy/tools-configs/trivy.yaml
2026/07/10 15:34:49 Tool failed to run: failed to run Trivy: exit status 1
2026-07-10T15:37:26+02:00 [INFO] (codacy-cli-v2/cli-v2.go:27) Starting Codacy CLI version=1.0.0-main.380.sha.27e119a (27e119a) built at 2026-06-11T09:54:47Z
2026-07-10T15:37:26+02:00 [INFO] (codacy-cli-v2/cmd/root.go:34) Executing CLI command command=analyze full_command=[/Users/Andreas/Library/Caches/Codacy/codacy-cli-v2/1.0.0-main.380.sha.27e119a/codacy-cli-v2 analyze /Users/Andreas/Library/Application Support/Code/User/mcp.json --format sarif] args=[/Users/Andreas/Library/Application Support/Code/User/mcp.json]
2026/07/10 15:37:26 Running all configured tools...
2026/07/10 15:37:26 Skipping opengrep as it doesn't support the specified file(s)
2026/07/10 15:37:26 Skipping pmd as it doesn't support the specified file(s)
2026/07/10 15:37:26 Skipping pylint as it doesn't support the specified file(s)
2026/07/10 15:37:26 Skipping revive as it doesn't support the specified file(s)
2026/07/10 15:37:26 Skipping dartanalyzer as it doesn't support the specified file(s)
2026/07/10 15:37:26 Skipping eslint as it doesn't support the specified file(s)
2026/07/10 15:37:26 Skipping lizard as it doesn't support the specified file(s)
2026/07/10 15:37:26 Running tools for the specified file(s)...
2026/07/10 15:37:26 Running trivy...
2026-07-10T15:37:26+02:00 [INFO] (codacy-cli-v2/cmd/analyze.go:360) Config file found for tool tool=trivy toolConfigPath=.codacy/tools-configs/trivy.yaml
2026/07/10 15:37:27 Tool failed to run: failed to run Trivy: exit status 1
2026-07-10T15:37:29+02:00 [INFO] (codacy-cli-v2/cli-v2.go:27) Starting Codacy CLI version=1.0.0-main.380.sha.27e119a (27e119a) built at 2026-06-11T09:54:47Z
2026-07-10T15:37:29+02:00 [INFO] (codacy-cli-v2/cmd/root.go:34) Executing CLI command args=[/Users/Andreas/GitHub/hemera/.vscode/mcp.json] command=analyze full_command=[/Users/Andreas/Library/Caches/Codacy/codacy-cli-v2/1.0.0-main.380.sha.27e119a/codacy-cli-v2 analyze /Users/Andreas/GitHub/hemera/.vscode/mcp.json --format sarif]
2026/07/10 15:37:29 Running all configured tools...
2026/07/10 15:37:29 Skipping eslint as it doesn't support the specified file(s)
2026/07/10 15:37:29 Skipping lizard as it doesn't support the specified file(s)
2026/07/10 15:37:29 Skipping opengrep as it doesn't support the specified file(s)
2026/07/10 15:37:29 Skipping pmd as it doesn't support the specified file(s)
2026/07/10 15:37:29 Skipping pylint as it doesn't support the specified file(s)
2026/07/10 15:37:29 Skipping revive as it doesn't support the specified file(s)
2026/07/10 15:37:29 Skipping dartanalyzer as it doesn't support the specified file(s)
2026/07/10 15:37:29 Running tools for the specified file(s)...
2026/07/10 15:37:29 Running trivy...
2026-07-10T15:37:29+02:00 [INFO] (codacy-cli-v2/cmd/analyze.go:360) Config file found for tool toolConfigPath=.codacy/tools-configs/trivy.yaml tool=trivy
2026/07/10 15:37:30 Tool failed to run: failed to run Trivy: exit status 1
2026-07-10T15:37:38+02:00 [INFO] (codacy-cli-v2/cli-v2.go:27) Starting Codacy CLI version=1.0.0-main.380.sha.27e119a (27e119a) built at 2026-06-11T09:54:47Z
2026-07-10T15:37:38+02:00 [INFO] (codacy-cli-v2/cmd/root.go:34) Executing CLI command command=analyze full_command=[/Users/Andreas/Library/Caches/Codacy/codacy-cli-v2/1.0.0-main.380.sha.27e119a/codacy-cli-v2 analyze /Users/Andreas/GitHub/gaia/.vscode/mcp.json --format sarif] args=[/Users/Andreas/GitHub/gaia/.vscode/mcp.json]
2026/07/10 15:37:38 Running all configured tools...
2026/07/10 15:37:38 Skipping pylint as it doesn't support the specified file(s)
2026/07/10 15:37:38 Skipping revive as it doesn't support the specified file(s)
2026/07/10 15:37:38 Skipping dartanalyzer as it doesn't support the specified file(s)
2026/07/10 15:37:38 Skipping eslint as it doesn't support the specified file(s)
2026/07/10 15:37:38 Skipping lizard as it doesn't support the specified file(s)
2026/07/10 15:37:38 Skipping opengrep as it doesn't support the specified file(s)
2026/07/10 15:37:38 Skipping pmd as it doesn't support the specified file(s)
2026/07/10 15:37:38 Running tools for the specified file(s)...
2026/07/10 15:37:38 Running trivy...
2026-07-10T15:37:38+02:00 [INFO] (codacy-cli-v2/cmd/analyze.go:360) Config file found for tool tool=trivy toolConfigPath=.codacy/tools-configs/trivy.yaml
2026/07/10 15:37:38 Tool failed to run: failed to run Trivy: exit status 1
2026-07-10T15:37:49+02:00 [INFO] (codacy-cli-v2/cli-v2.go:27) Starting Codacy CLI version=1.0.0-main.380.sha.27e119a (27e119a) built at 2026-06-11T09:54:47Z
2026-07-10T15:37:49+02:00 [INFO] (codacy-cli-v2/cmd/root.go:34) Executing CLI command full_command=[/Users/Andreas/Library/Caches/Codacy/codacy-cli-v2/1.0.0-main.380.sha.27e119a/codacy-cli-v2 analyze /Users/Andreas/GitHub/thalassa/.vscode/mcp.json --format sarif] args=[/Users/Andreas/GitHub/thalassa/.vscode/mcp.json] command=analyze
2026/07/10 15:37:49 Running all configured tools...
2026/07/10 15:37:49 Skipping pmd as it doesn't support the specified file(s)
2026/07/10 15:37:49 Skipping pylint as it doesn't support the specified file(s)
2026/07/10 15:37:49 Skipping revive as it doesn't support the specified file(s)
2026/07/10 15:37:49 Skipping dartanalyzer as it doesn't support the specified file(s)
2026/07/10 15:37:49 Skipping eslint as it doesn't support the specified file(s)
2026/07/10 15:37:49 Skipping lizard as it doesn't support the specified file(s)
2026/07/10 15:37:49 Skipping opengrep as it doesn't support the specified file(s)
2026/07/10 15:37:49 Running tools for the specified file(s)...
2026/07/10 15:37:49 Running trivy...
2026-07-10T15:37:49+02:00 [INFO] (codacy-cli-v2/cmd/analyze.go:360) Config file found for tool tool=trivy toolConfigPath=.codacy/tools-configs/trivy.yaml
2026/07/10 15:37:50 Tool failed to run: failed to run Trivy: exit status 1
2026-07-10T15:41:11+02:00 [INFO] (codacy-cli-v2/cli-v2.go:27) Starting Codacy CLI version=1.0.0-main.380.sha.27e119a (27e119a) built at 2026-06-11T09:54:47Z
2026-07-10T15:41:11+02:00 [INFO] (codacy-cli-v2/cmd/root.go:34) Executing CLI command full_command=[/Users/Andreas/Library/Caches/Codacy/codacy-cli-v2/1.0.0-main.380.sha.27e119a/codacy-cli-v2 analyze /Users/Andreas/GitHub/gaia/.vscode/mcp.json --format sarif] args=[/Users/Andreas/GitHub/gaia/.vscode/mcp.json] command=analyze
2026/07/10 15:41:11 Running all configured tools...
2026/07/10 15:41:11 Skipping pmd as it doesn't support the specified file(s)
2026/07/10 15:41:11 Skipping pylint as it doesn't support the specified file(s)
2026/07/10 15:41:11 Skipping revive as it doesn't support the specified file(s)
2026/07/10 15:41:11 Skipping dartanalyzer as it doesn't support the specified file(s)
2026/07/10 15:41:11 Skipping eslint as it doesn't support the specified file(s)
2026/07/10 15:41:11 Skipping lizard as it doesn't support the specified file(s)
2026/07/10 15:41:11 Skipping opengrep as it doesn't support the specified file(s)
2026/07/10 15:41:11 Running tools for the specified file(s)...
2026/07/10 15:41:11 Running trivy...
2026-07-10T15:41:11+02:00 [INFO] (codacy-cli-v2/cmd/analyze.go:360) Config file found for tool tool=trivy toolConfigPath=.codacy/tools-configs/trivy.yaml
2026/07/10 15:41:12 Tool failed to run: failed to run Trivy: exit status 1
2026-07-10T15:45:12+02:00 [INFO] (codacy-cli-v2/cli-v2.go:27) Starting Codacy CLI version=1.0.0-main.380.sha.27e119a (27e119a) built at 2026-06-11T09:54:47Z
2026-07-10T15:45:12+02:00 [INFO] (codacy-cli-v2/cmd/root.go:34) Executing CLI command command=analyze full_command=[/Users/Andreas/Library/Caches/Codacy/codacy-cli-v2/1.0.0-main.380.sha.27e119a/codacy-cli-v2 analyze /Users/Andreas/GitHub/thalassa/.vscode/mcp.json --format sarif] args=[/Users/Andreas/GitHub/thalassa/.vscode/mcp.json]
2026/07/10 15:45:12 Running all configured tools...
2026/07/10 15:45:12 Skipping opengrep as it doesn't support the specified file(s)
2026/07/10 15:45:12 Skipping pmd as it doesn't support the specified file(s)
2026/07/10 15:45:12 Skipping pylint as it doesn't support the specified file(s)
2026/07/10 15:45:12 Skipping revive as it doesn't support the specified file(s)
2026/07/10 15:45:12 Skipping dartanalyzer as it doesn't support the specified file(s)
2026/07/10 15:45:12 Skipping eslint as it doesn't support the specified file(s)
2026/07/10 15:45:12 Skipping lizard as it doesn't support the specified file(s)
2026/07/10 15:45:12 Running tools for the specified file(s)...
2026/07/10 15:45:12 Running trivy...
2026-07-10T15:45:12+02:00 [INFO] (codacy-cli-v2/cmd/analyze.go:360) Config file found for tool tool=trivy toolConfigPath=.codacy/tools-configs/trivy.yaml
2026/07/10 15:45:13 Tool failed to run: failed to run Trivy: exit status 1
2026-07-10T15:49:13+02:00 [INFO] (codacy-cli-v2/cli-v2.go:27) Starting Codacy CLI version=1.0.0-main.380.sha.27e119a (27e119a) built at 2026-06-11T09:54:47Z
2026-07-10T15:49:13+02:00 [INFO] (codacy-cli-v2/cmd/root.go:34) Executing CLI command args=[/Users/Andreas/GitHub/gaia/.vscode/mcp.json] command=analyze full_command=[/Users/Andreas/Library/Caches/Codacy/codacy-cli-v2/1.0.0-main.380.sha.27e119a/codacy-cli-v2 analyze /Users/Andreas/GitHub/gaia/.vscode/mcp.json --format sarif]
2026/07/10 15:49:13 Running all configured tools...
2026/07/10 15:49:13 Skipping pmd as it doesn't support the specified file(s)
2026/07/10 15:49:13 Skipping pylint as it doesn't support the specified file(s)
2026/07/10 15:49:13 Skipping revive as it doesn't support the specified file(s)
2026/07/10 15:49:13 Skipping dartanalyzer as it doesn't support the specified file(s)
2026/07/10 15:49:13 Skipping eslint as it doesn't support the specified file(s)
2026/07/10 15:49:13 Skipping lizard as it doesn't support the specified file(s)
2026/07/10 15:49:13 Skipping opengrep as it doesn't support the specified file(s)
2026/07/10 15:49:13 Running tools for the specified file(s)...
2026/07/10 15:49:13 Running trivy...
2026-07-10T15:49:13+02:00 [INFO] (codacy-cli-v2/cmd/analyze.go:360) Config file found for tool tool=trivy toolConfigPath=.codacy/tools-configs/trivy.yaml
2026/07/10 15:49:13 Tool failed to run: failed to run Trivy: exit status 1
2026-07-10T15:53:12+02:00 [INFO] (codacy-cli-v2/cli-v2.go:27) Starting Codacy CLI version=1.0.0-main.380.sha.27e119a (27e119a) built at 2026-06-11T09:54:47Z
2026-07-10T15:53:12+02:00 [INFO] (codacy-cli-v2/cmd/root.go:34) Executing CLI command full_command=[/Users/Andreas/Library/Caches/Codacy/codacy-cli-v2/1.0.0-main.380.sha.27e119a/codacy-cli-v2 analyze /Users/Andreas/GitHub/hemera/.vscode/mcp.json --format sarif] args=[/Users/Andreas/GitHub/hemera/.vscode/mcp.json] command=analyze
2026/07/10 15:53:12 Running all configured tools...
2026/07/10 15:53:12 Skipping pylint as it doesn't support the specified file(s)
2026/07/10 15:53:12 Skipping revive as it doesn't support the specified file(s)
2026/07/10 15:53:12 Skipping dartanalyzer as it doesn't support the specified file(s)
2026/07/10 15:53:12 Skipping eslint as it doesn't support the specified file(s)
2026/07/10 15:53:12 Skipping lizard as it doesn't support the specified file(s)
2026/07/10 15:53:12 Skipping opengrep as it doesn't support the specified file(s)
2026/07/10 15:53:12 Skipping pmd as it doesn't support the specified file(s)
2026/07/10 15:53:12 Running tools for the specified file(s)...
2026/07/10 15:53:12 Running trivy...
2026-07-10T15:53:12+02:00 [INFO] (codacy-cli-v2/cmd/analyze.go:360) Config file found for tool toolConfigPath=.codacy/tools-configs/trivy.yaml tool=trivy
2026/07/10 15:53:12 Tool failed to run: failed to run Trivy: exit status 1
2026-07-10T15:57:12+02:00 [INFO] (codacy-cli-v2/cli-v2.go:27) Starting Codacy CLI version=1.0.0-main.380.sha.27e119a (27e119a) built at 2026-06-11T09:54:47Z
2026-07-10T15:57:12+02:00 [INFO] (codacy-cli-v2/cmd/root.go:34) Executing CLI command command=analyze full_command=[/Users/Andreas/Library/Caches/Codacy/codacy-cli-v2/1.0.0-main.380.sha.27e119a/codacy-cli-v2 analyze /Users/Andreas/GitHub/aither/.vscode/mcp.json --format sarif] args=[/Users/Andreas/GitHub/aither/.vscode/mcp.json]
2026/07/10 15:57:12 Running all configured tools...
2026/07/10 15:57:12 Skipping eslint as it doesn't support the specified file(s)
2026/07/10 15:57:12 Skipping lizard as it doesn't support the specified file(s)
2026/07/10 15:57:12 Skipping opengrep as it doesn't support the specified file(s)
2026/07/10 15:57:12 Skipping pmd as it doesn't support the specified file(s)
2026/07/10 15:57:12 Skipping pylint as it doesn't support the specified file(s)
2026/07/10 15:57:12 Skipping revive as it doesn't support the specified file(s)
2026/07/10 15:57:12 Skipping dartanalyzer as it doesn't support the specified file(s)
2026/07/10 15:57:12 Running tools for the specified file(s)...
2026/07/10 15:57:12 Running trivy...
2026-07-10T15:57:12+02:00 [INFO] (codacy-cli-v2/cmd/analyze.go:360) Config file found for tool tool=trivy toolConfigPath=.codacy/tools-configs/trivy.yaml
2026/07/10 15:57:12 Tool failed to run: failed to run Trivy: exit status 1
2026-07-10T16:01:12+02:00 [INFO] (codacy-cli-v2/cli-v2.go:27) Starting Codacy CLI version=1.0.0-main.380.sha.27e119a (27e119a) built at 2026-06-11T09:54:47Z
2026-07-10T16:01:13+02:00 [INFO] (codacy-cli-v2/cmd/root.go:34) Executing CLI command full_command=[/Users/Andreas/Library/Caches/Codacy/codacy-cli-v2/1.0.0-main.380.sha.27e119a/codacy-cli-v2 analyze /Users/Andreas/GitHub/thalassa/.vscode/mcp.json --format sarif] args=[/Users/Andreas/GitHub/thalassa/.vscode/mcp.json] command=analyze
2026/07/10 16:01:13 Running all configured tools...
2026/07/10 16:01:13 Skipping eslint as it doesn't support the specified file(s)
2026/07/10 16:01:13 Skipping lizard as it doesn't support the specified file(s)
2026/07/10 16:01:13 Skipping opengrep as it doesn't support the specified file(s)
2026/07/10 16:01:13 Skipping pmd as it doesn't support the specified file(s)
2026/07/10 16:01:13 Skipping pylint as it doesn't support the specified file(s)
2026/07/10 16:01:13 Skipping revive as it doesn't support the specified file(s)
2026/07/10 16:01:13 Skipping dartanalyzer as it doesn't support the specified file(s)
2026/07/10 16:01:13 Running tools for the specified file(s)...
2026/07/10 16:01:13 Running trivy...
2026-07-10T16:01:13+02:00 [INFO] (codacy-cli-v2/cmd/analyze.go:360) Config file found for tool tool=trivy toolConfigPath=.codacy/tools-configs/trivy.yaml
2026/07/10 16:01:13 Tool failed to run: failed to run Trivy: exit status 1
2026-07-10T16:27:53+02:00 [INFO] (codacy-cli-v2/cli-v2.go:27) Starting Codacy CLI version=1.0.0-main.380.sha.27e119a (27e119a) built at 2026-06-11T09:54:47Z
2026-07-10T16:27:53+02:00 [INFO] (codacy-cli-v2/cmd/root.go:34) Executing CLI command command=analyze full_command=[/Users/Andreas/Library/Caches/Codacy/codacy-cli-v2/1.0.0-main.380.sha.27e119a/codacy-cli-v2 analyze /Users/Andreas/GitHub/hemera/.vscode/mcp.json --format sarif] args=[/Users/Andreas/GitHub/hemera/.vscode/mcp.json]
2026/07/10 16:27:53 Running all configured tools...
2026/07/10 16:27:53 Skipping pylint as it doesn't support the specified file(s)
2026/07/10 16:27:53 Skipping revive as it doesn't support the specified file(s)
2026/07/10 16:27:53 Skipping dartanalyzer as it doesn't support the specified file(s)
2026/07/10 16:27:53 Skipping eslint as it doesn't support the specified file(s)
2026/07/10 16:27:53 Skipping lizard as it doesn't support the specified file(s)
2026/07/10 16:27:53 Skipping opengrep as it doesn't support the specified file(s)
2026/07/10 16:27:53 Skipping pmd as it doesn't support the specified file(s)
2026/07/10 16:27:53 Running tools for the specified file(s)...
2026/07/10 16:27:53 Running trivy...
2026-07-10T16:27:53+02:00 [INFO] (codacy-cli-v2/cmd/analyze.go:360) Config file found for tool tool=trivy toolConfigPath=.codacy/tools-configs/trivy.yaml
2026/07/10 16:27:53 Tool failed to run: failed to run Trivy: exit status 1
2026-07-10T16:28:18+02:00 [INFO] (codacy-cli-v2/cli-v2.go:27) Starting Codacy CLI version=1.0.0-main.380.sha.27e119a (27e119a) built at 2026-06-11T09:54:47Z
2026-07-10T16:28:18+02:00 [INFO] (codacy-cli-v2/cmd/root.go:34) Executing CLI command command=analyze full_command=[/Users/Andreas/Library/Caches/Codacy/codacy-cli-v2/1.0.0-main.380.sha.27e119a/codacy-cli-v2 analyze /Users/Andreas/GitHub/gaia/.vscode/mcp.json --format sarif] args=[/Users/Andreas/GitHub/gaia/.vscode/mcp.json]
2026/07/10 16:28:18 Running all configured tools...
2026/07/10 16:28:18 Skipping revive as it doesn't support the specified file(s)
2026/07/10 16:28:18 Skipping dartanalyzer as it doesn't support the specified file(s)
2026/07/10 16:28:18 Skipping eslint as it doesn't support the specified file(s)
2026/07/10 16:28:18 Skipping lizard as it doesn't support the specified file(s)
2026/07/10 16:28:18 Skipping opengrep as it doesn't support the specified file(s)
2026/07/10 16:28:18 Skipping pmd as it doesn't support the specified file(s)
2026/07/10 16:28:18 Skipping pylint as it doesn't support the specified file(s)
2026/07/10 16:28:18 Running tools for the specified file(s)...
2026/07/10 16:28:18 Running trivy...
2026-07-10T16:28:18+02:00 [INFO] (codacy-cli-v2/cmd/analyze.go:360) Config file found for tool tool=trivy toolConfigPath=.codacy/tools-configs/trivy.yaml
2026/07/10 16:28:19 Tool failed to run: failed to run Trivy: exit status 1
2026-07-10T16:31:54+02:00 [INFO] (codacy-cli-v2/cli-v2.go:27) Starting Codacy CLI version=1.0.0-main.380.sha.27e119a (27e119a) built at 2026-06-11T09:54:47Z
2026-07-10T16:31:54+02:00 [INFO] (codacy-cli-v2/cmd/root.go:34) Executing CLI command command=analyze full_command=[/Users/Andreas/Library/Caches/Codacy/codacy-cli-v2/1.0.0-main.380.sha.27e119a/codacy-cli-v2 analyze /Users/Andreas/GitHub/gaia/.vscode/mcp.json --format sarif] args=[/Users/Andreas/GitHub/gaia/.vscode/mcp.json]
2026/07/10 16:31:54 Running all configured tools...
2026/07/10 16:31:54 Skipping opengrep as it doesn't support the specified file(s)
2026/07/10 16:31:54 Skipping pmd as it doesn't support the specified file(s)
2026/07/10 16:31:54 Skipping pylint as it doesn't support the specified file(s)
2026/07/10 16:31:54 Skipping revive as it doesn't support the specified file(s)
2026/07/10 16:31:54 Skipping dartanalyzer as it doesn't support the specified file(s)
2026/07/10 16:31:54 Skipping eslint as it doesn't support the specified file(s)
2026/07/10 16:31:54 Skipping lizard as it doesn't support the specified file(s)
2026/07/10 16:31:54 Running tools for the specified file(s)...
2026/07/10 16:31:54 Running trivy...
2026-07-10T16:31:54+02:00 [INFO] (codacy-cli-v2/cmd/analyze.go:360) Config file found for tool tool=trivy toolConfigPath=.codacy/tools-configs/trivy.yaml
2026/07/10 16:31:55 Tool failed to run: failed to run Trivy: exit status 1
2026-07-10T16:35:55+02:00 [INFO] (codacy-cli-v2/cli-v2.go:27) Starting Codacy CLI version=1.0.0-main.380.sha.27e119a (27e119a) built at 2026-06-11T09:54:47Z
2026-07-10T16:35:55+02:00 [INFO] (codacy-cli-v2/cmd/root.go:34) Executing CLI command args=[/Users/Andreas/GitHub/thalassa/.vscode/mcp.json] command=analyze full_command=[/Users/Andreas/Library/Caches/Codacy/codacy-cli-v2/1.0.0-main.380.sha.27e119a/codacy-cli-v2 analyze /Users/Andreas/GitHub/thalassa/.vscode/mcp.json --format sarif]
2026/07/10 16:35:55 Running all configured tools...
2026/07/10 16:35:55 Skipping lizard as it doesn't support the specified file(s)
2026/07/10 16:35:55 Skipping opengrep as it doesn't support the specified file(s)
2026/07/10 16:35:55 Skipping pmd as it doesn't support the specified file(s)
2026/07/10 16:35:55 Skipping pylint as it doesn't support the specified file(s)
2026/07/10 16:35:55 Skipping revive as it doesn't support the specified file(s)
2026/07/10 16:35:55 Skipping dartanalyzer as it doesn't support the specified file(s)
2026/07/10 16:35:55 Skipping eslint as it doesn't support the specified file(s)
2026/07/10 16:35:55 Running tools for the specified file(s)...
2026/07/10 16:35:55 Running trivy...
2026-07-10T16:35:55+02:00 [INFO] (codacy-cli-v2/cmd/analyze.go:360) Config file found for tool tool=trivy toolConfigPath=.codacy/tools-configs/trivy.yaml
2026/07/10 16:35:56 Tool failed to run: failed to run Trivy: exit status 1
2026-07-10T16:39:53+02:00 [INFO] (codacy-cli-v2/cli-v2.go:27) Starting Codacy CLI version=1.0.0-main.380.sha.27e119a (27e119a) built at 2026-06-11T09:54:47Z
2026-07-10T16:39:53+02:00 [INFO] (codacy-cli-v2/cmd/root.go:34) Executing CLI command command=analyze full_command=[/Users/Andreas/Library/Caches/Codacy/codacy-cli-v2/1.0.0-main.380.sha.27e119a/codacy-cli-v2 analyze /Users/Andreas/GitHub/thalassa/.vscode/mcp.json --format sarif] args=[/Users/Andreas/GitHub/thalassa/.vscode/mcp.json]
2026/07/10 16:39:53 Running all configured tools...
2026/07/10 16:39:53 Skipping lizard as it doesn't support the specified file(s)
2026/07/10 16:39:53 Skipping opengrep as it doesn't support the specified file(s)
2026/07/10 16:39:53 Skipping pmd as it doesn't support the specified file(s)
2026/07/10 16:39:53 Skipping pylint as it doesn't support the specified file(s)
2026/07/10 16:39:53 Skipping revive as it doesn't support the specified file(s)
2026/07/10 16:39:53 Skipping dartanalyzer as it doesn't support the specified file(s)
2026/07/10 16:39:53 Skipping eslint as it doesn't support the specified file(s)
2026/07/10 16:39:53 Running tools for the specified file(s)...
2026/07/10 16:39:53 Running trivy...
2026-07-10T16:39:53+02:00 [INFO] (codacy-cli-v2/cmd/analyze.go:360) Config file found for tool toolConfigPath=.codacy/tools-configs/trivy.yaml tool=trivy
2026/07/10 16:39:54 Tool failed to run: failed to run Trivy: exit status 1
2026-07-10T16:43:53+02:00 [INFO] (codacy-cli-v2/cli-v2.go:27) Starting Codacy CLI version=1.0.0-main.380.sha.27e119a (27e119a) built at 2026-06-11T09:54:47Z
2026-07-10T16:43:53+02:00 [INFO] (codacy-cli-v2/cmd/root.go:34) Executing CLI command command=analyze full_command=[/Users/Andreas/Library/Caches/Codacy/codacy-cli-v2/1.0.0-main.380.sha.27e119a/codacy-cli-v2 analyze /Users/Andreas/GitHub/gaia/.vscode/mcp.json --format sarif] args=[/Users/Andreas/GitHub/gaia/.vscode/mcp.json]
2026/07/10 16:43:53 Running all configured tools...
2026/07/10 16:43:53 Skipping pylint as it doesn't support the specified file(s)
2026/07/10 16:43:53 Skipping revive as it doesn't support the specified file(s)
2026/07/10 16:43:53 Skipping dartanalyzer as it doesn't support the specified file(s)
2026/07/10 16:43:53 Skipping eslint as it doesn't support the specified file(s)
2026/07/10 16:43:53 Skipping lizard as it doesn't support the specified file(s)
2026/07/10 16:43:53 Skipping opengrep as it doesn't support the specified file(s)
2026/07/10 16:43:53 Skipping pmd as it doesn't support the specified file(s)
2026/07/10 16:43:53 Running tools for the specified file(s)...
2026/07/10 16:43:53 Running trivy...
2026-07-10T16:43:53+02:00 [INFO] (codacy-cli-v2/cmd/analyze.go:360) Config file found for tool tool=trivy toolConfigPath=.codacy/tools-configs/trivy.yaml
2026/07/10 16:43:54 Tool failed to run: failed to run Trivy: exit status 1
2026-07-10T16:48:54+02:00 [INFO] (codacy-cli-v2/cli-v2.go:27) Starting Codacy CLI version=1.0.0-main.380.sha.27e119a (27e119a) built at 2026-06-11T09:54:47Z
2026-07-10T16:48:54+02:00 [INFO] (codacy-cli-v2/cmd/root.go:34) Executing CLI command command=analyze full_command=[/Users/Andreas/Library/Caches/Codacy/codacy-cli-v2/1.0.0-main.380.sha.27e119a/codacy-cli-v2 analyze /Users/Andreas/GitHub/gaia/.vscode/mcp.json --format sarif] args=[/Users/Andreas/GitHub/gaia/.vscode/mcp.json]
2026/07/10 16:48:54 Running all configured tools...
2026/07/10 16:48:54 Skipping pylint as it doesn't support the specified file(s)
2026/07/10 16:48:54 Skipping revive as it doesn't support the specified file(s)
2026/07/10 16:48:54 Skipping dartanalyzer as it doesn't support the specified file(s)
2026/07/10 16:48:54 Skipping eslint as it doesn't support the specified file(s)
2026/07/10 16:48:54 Skipping lizard as it doesn't support the specified file(s)
2026/07/10 16:48:54 Skipping opengrep as it doesn't support the specified file(s)
2026/07/10 16:48:54 Skipping pmd as it doesn't support the specified file(s)
2026/07/10 16:48:54 Running tools for the specified file(s)...
2026/07/10 16:48:54 Running trivy...
2026-07-10T16:48:54+02:00 [INFO] (codacy-cli-v2/cmd/analyze.go:360) Config file found for tool tool=trivy toolConfigPath=.codacy/tools-configs/trivy.yaml
2026/07/10 16:48:55 Tool failed to run: failed to run Trivy: exit status 1
2026-07-10T16:52:54+02:00 [INFO] (codacy-cli-v2/cli-v2.go:27) Starting Codacy CLI version=1.0.0-main.380.sha.27e119a (27e119a) built at 2026-06-11T09:54:47Z
2026-07-10T16:52:54+02:00 [INFO] (codacy-cli-v2/cmd/root.go:34) Executing CLI command command=analyze full_command=[/Users/Andreas/Library/Caches/Codacy/codacy-cli-v2/1.0.0-main.380.sha.27e119a/codacy-cli-v2 analyze /Users/Andreas/GitHub/thalassa/.vscode/mcp.json --format sarif] args=[/Users/Andreas/GitHub/thalassa/.vscode/mcp.json]
2026/07/10 16:52:54 Running all configured tools...
2026/07/10 16:52:54 Skipping pylint as it doesn't support the specified file(s)
2026/07/10 16:52:54 Skipping revive as it doesn't support the specified file(s)
2026/07/10 16:52:54 Skipping dartanalyzer as it doesn't support the specified file(s)
2026/07/10 16:52:54 Skipping eslint as it doesn't support the specified file(s)
2026/07/10 16:52:54 Skipping lizard as it doesn't support the specified file(s)
2026/07/10 16:52:54 Skipping opengrep as it doesn't support the specified file(s)
2026/07/10 16:52:54 Skipping pmd as it doesn't support the specified file(s)
2026/07/10 16:52:54 Running tools for the specified file(s)...
2026/07/10 16:52:54 Running trivy...
2026-07-10T16:52:54+02:00 [INFO] (codacy-cli-v2/cmd/analyze.go:360) Config file found for tool tool=trivy toolConfigPath=.codacy/tools-configs/trivy.yaml
2026/07/10 16:52:55 Tool failed to run: failed to run Trivy: exit status 1
2026-07-10T16:56:53+02:00 [INFO] (codacy-cli-v2/cli-v2.go:27) Starting Codacy CLI version=1.0.0-main.380.sha.27e119a (27e119a) built at 2026-06-11T09:54:47Z
2026-07-10T16:56:53+02:00 [INFO] (codacy-cli-v2/cmd/root.go:34) Executing CLI command command=analyze full_command=[/Users/Andreas/Library/Caches/Codacy/codacy-cli-v2/1.0.0-main.380.sha.27e119a/codacy-cli-v2 analyze /Users/Andreas/GitHub/aither/.vscode/mcp.json --format sarif] args=[/Users/Andreas/GitHub/aither/.vscode/mcp.json]
2026/07/10 16:56:53 Running all configured tools...
2026/07/10 16:56:53 Skipping pylint as it doesn't support the specified file(s)
2026/07/10 16:56:53 Skipping revive as it doesn't support the specified file(s)
2026/07/10 16:56:53 Skipping dartanalyzer as it doesn't support the specified file(s)
2026/07/10 16:56:53 Skipping eslint as it doesn't support the specified file(s)
2026/07/10 16:56:53 Skipping lizard as it doesn't support the specified file(s)
2026/07/10 16:56:53 Skipping opengrep as it doesn't support the specified file(s)
2026/07/10 16:56:53 Skipping pmd as it doesn't support the specified file(s)
2026/07/10 16:56:53 Running tools for the specified file(s)...
2026/07/10 16:56:53 Running trivy...
2026-07-10T16:56:53+02:00 [INFO] (codacy-cli-v2/cmd/analyze.go:360) Config file found for tool tool=trivy toolConfigPath=.codacy/tools-configs/trivy.yaml
2026/07/10 16:56:54 Tool failed to run: failed to run Trivy: exit status 1
2026-07-10T17:00:53+02:00 [INFO] (codacy-cli-v2/cli-v2.go:27) Starting Codacy CLI version=1.0.0-main.380.sha.27e119a (27e119a) built at 2026-06-11T09:54:47Z
2026-07-10T17:00:53+02:00 [INFO] (codacy-cli-v2/cmd/root.go:34) Executing CLI command args=[/Users/Andreas/GitHub/hemera/.vscode/mcp.json] command=analyze full_command=[/Users/Andreas/Library/Caches/Codacy/codacy-cli-v2/1.0.0-main.380.sha.27e119a/codacy-cli-v2 analyze /Users/Andreas/GitHub/hemera/.vscode/mcp.json --format sarif]
2026/07/10 17:00:53 Running all configured tools...
2026/07/10 17:00:53 Skipping pmd as it doesn't support the specified file(s)
2026/07/10 17:00:53 Skipping pylint as it doesn't support the specified file(s)
2026/07/10 17:00:53 Skipping revive as it doesn't support the specified file(s)
2026/07/10 17:00:53 Skipping dartanalyzer as it doesn't support the specified file(s)
2026/07/10 17:00:53 Skipping eslint as it doesn't support the specified file(s)
2026/07/10 17:00:53 Skipping lizard as it doesn't support the specified file(s)
2026/07/10 17:00:53 Skipping opengrep as it doesn't support the specified file(s)
2026/07/10 17:00:53 Running tools for the specified file(s)...
2026/07/10 17:00:53 Running trivy...
2026-07-10T17:00:53+02:00 [INFO] (codacy-cli-v2/cmd/analyze.go:360) Config file found for tool tool=trivy toolConfigPath=.codacy/tools-configs/trivy.yaml
2026/07/10 17:00:54 Tool failed to run: failed to run Trivy: exit status 1
2026-07-10T17:00:55+02:00 [INFO] (codacy-cli-v2/cli-v2.go:27) Starting Codacy CLI version=1.0.0-main.380.sha.27e119a (27e119a) built at 2026-06-11T09:54:47Z
2026-07-10T17:00:55+02:00 [INFO] (codacy-cli-v2/cmd/root.go:34) Executing CLI command command=analyze full_command=[/Users/Andreas/Library/Caches/Codacy/codacy-cli-v2/1.0.0-main.380.sha.27e119a/codacy-cli-v2 analyze /Users/Andreas/GitHub/thalassa/.vscode/mcp.json --format sarif] args=[/Users/Andreas/GitHub/thalassa/.vscode/mcp.json]
2026/07/10 17:00:55 Running all configured tools...
2026/07/10 17:00:55 Skipping dartanalyzer as it doesn't support the specified file(s)
2026/07/10 17:00:55 Skipping eslint as it doesn't support the specified file(s)
2026/07/10 17:00:55 Skipping lizard as it doesn't support the specified file(s)
2026/07/10 17:00:55 Skipping opengrep as it doesn't support the specified file(s)
2026/07/10 17:00:55 Skipping pmd as it doesn't support the specified file(s)
2026/07/10 17:00:55 Skipping pylint as it doesn't support the specified file(s)
2026/07/10 17:00:55 Skipping revive as it doesn't support the specified file(s)
2026/07/10 17:00:55 Running tools for the specified file(s)...
2026/07/10 17:00:55 Running trivy...
2026-07-10T17:00:55+02:00 [INFO] (codacy-cli-v2/cmd/analyze.go:360) Config file found for tool tool=trivy toolConfigPath=.codacy/tools-configs/trivy.yaml
2026/07/10 17:00:55 Tool failed to run: failed to run Trivy: exit status 1
2026-07-10T17:04:53+02:00 [INFO] (codacy-cli-v2/cli-v2.go:27) Starting Codacy CLI version=1.0.0-main.380.sha.27e119a (27e119a) built at 2026-06-11T09:54:47Z
2026-07-10T17:04:53+02:00 [INFO] (codacy-cli-v2/cmd/root.go:34) Executing CLI command command=analyze full_command=[/Users/Andreas/Library/Caches/Codacy/codacy-cli-v2/1.0.0-main.380.sha.27e119a/codacy-cli-v2 analyze /Users/Andreas/GitHub/gaia/.vscode/mcp.json --format sarif] args=[/Users/Andreas/GitHub/gaia/.vscode/mcp.json]
2026/07/10 17:04:53 Running all configured tools...
2026/07/10 17:04:53 Skipping dartanalyzer as it doesn't support the specified file(s)
2026/07/10 17:04:53 Skipping eslint as it doesn't support the specified file(s)
2026/07/10 17:04:53 Skipping lizard as it doesn't support the specified file(s)
2026/07/10 17:04:53 Skipping opengrep as it doesn't support the specified file(s)
2026/07/10 17:04:53 Skipping pmd as it doesn't support the specified file(s)
2026/07/10 17:04:53 Skipping pylint as it doesn't support the specified file(s)
2026/07/10 17:04:53 Skipping revive as it doesn't support the specified file(s)
2026/07/10 17:04:53 Running tools for the specified file(s)...
2026/07/10 17:04:53 Running trivy...
2026-07-10T17:04:53+02:00 [INFO] (codacy-cli-v2/cmd/analyze.go:360) Config file found for tool tool=trivy toolConfigPath=.codacy/tools-configs/trivy.yaml
2026/07/10 17:04:54 Tool failed to run: failed to run Trivy: exit status 1
2026-07-10T17:08:54+02:00 [INFO] (codacy-cli-v2/cli-v2.go:27) Starting Codacy CLI version=1.0.0-main.380.sha.27e119a (27e119a) built at 2026-06-11T09:54:47Z
2026-07-10T17:08:54+02:00 [INFO] (codacy-cli-v2/cmd/root.go:34) Executing CLI command command=analyze full_command=[/Users/Andreas/Library/Caches/Codacy/codacy-cli-v2/1.0.0-main.380.sha.27e119a/codacy-cli-v2 analyze /Users/Andreas/GitHub/gaia/.vscode/mcp.json --format sarif] args=[/Users/Andreas/GitHub/gaia/.vscode/mcp.json]
2026/07/10 17:08:54 Running all configured tools...
2026/07/10 17:08:54 Skipping opengrep as it doesn't support the specified file(s)
2026/07/10 17:08:54 Skipping pmd as it doesn't support the specified file(s)
2026/07/10 17:08:54 Skipping pylint as it doesn't support the specified file(s)
2026/07/10 17:08:54 Skipping revive as it doesn't support the specified file(s)
2026/07/10 17:08:54 Skipping dartanalyzer as it doesn't support the specified file(s)
2026/07/10 17:08:54 Skipping eslint as it doesn't support the specified file(s)
2026/07/10 17:08:54 Skipping lizard as it doesn't support the specified file(s)
2026/07/10 17:08:54 Running tools for the specified file(s)...
2026/07/10 17:08:54 Running trivy...
2026-07-10T17:08:54+02:00 [INFO] (codacy-cli-v2/cmd/analyze.go:360) Config file found for tool tool=trivy toolConfigPath=.codacy/tools-configs/trivy.yaml
2026/07/10 17:08:55 Tool failed to run: failed to run Trivy: exit status 1
2026-07-10T17:09:10+02:00 [INFO] (codacy-cli-v2/cli-v2.go:27) Starting Codacy CLI version=1.0.0-main.380.sha.27e119a (27e119a) built at 2026-06-11T09:54:47Z
2026-07-10T17:09:10+02:00 [INFO] (codacy-cli-v2/cmd/root.go:34) Executing CLI command command=analyze full_command=[/Users/Andreas/Library/Caches/Codacy/codacy-cli-v2/1.0.0-main.380.sha.27e119a/codacy-cli-v2 analyze /Users/Andreas/GitHub/thalassa/.vscode/mcp.json --format sarif] args=[/Users/Andreas/GitHub/thalassa/.vscode/mcp.json]
2026/07/10 17:09:10 Running all configured tools...
2026/07/10 17:09:10 Skipping dartanalyzer as it doesn't support the specified file(s)
2026/07/10 17:09:10 Skipping eslint as it doesn't support the specified file(s)
2026/07/10 17:09:10 Skipping lizard as it doesn't support the specified file(s)
2026/07/10 17:09:10 Skipping opengrep as it doesn't support the specified file(s)
2026/07/10 17:09:10 Skipping pmd as it doesn't support the specified file(s)
2026/07/10 17:09:10 Skipping pylint as it doesn't support the specified file(s)
2026/07/10 17:09:10 Skipping revive as it doesn't support the specified file(s)
2026/07/10 17:09:10 Running tools for the specified file(s)...
2026/07/10 17:09:10 Running trivy...
2026-07-10T17:09:10+02:00 [INFO] (codacy-cli-v2/cmd/analyze.go:360) Config file found for tool tool=trivy toolConfigPath=.codacy/tools-configs/trivy.yaml
2026/07/10 17:09:10 Tool failed to run: failed to run Trivy: exit status 1
2026-07-10T17:12:53+02:00 [INFO] (codacy-cli-v2/cli-v2.go:27) Starting Codacy CLI version=1.0.0-main.380.sha.27e119a (27e119a) built at 2026-06-11T09:54:47Z
2026-07-10T17:12:53+02:00 [INFO] (codacy-cli-v2/cmd/root.go:34) Executing CLI command args=[/Users/Andreas/GitHub/hemera/.vscode/mcp.json] command=analyze full_command=[/Users/Andreas/Library/Caches/Codacy/codacy-cli-v2/1.0.0-main.380.sha.27e119a/codacy-cli-v2 analyze /Users/Andreas/GitHub/hemera/.vscode/mcp.json --format sarif]
2026/07/10 17:12:53 Running all configured tools...
2026/07/10 17:12:53 Skipping eslint as it doesn't support the specified file(s)
2026/07/10 17:12:53 Skipping lizard as it doesn't support the specified file(s)
2026/07/10 17:12:53 Skipping opengrep as it doesn't support the specified file(s)
2026/07/10 17:12:53 Skipping pmd as it doesn't support the specified file(s)
2026/07/10 17:12:53 Skipping pylint as it doesn't support the specified file(s)
2026/07/10 17:12:53 Skipping revive as it doesn't support the specified file(s)
2026/07/10 17:12:53 Skipping dartanalyzer as it doesn't support the specified file(s)
2026/07/10 17:12:53 Running tools for the specified file(s)...
2026/07/10 17:12:53 Running trivy...
2026-07-10T17:12:53+02:00 [INFO] (codacy-cli-v2/cmd/analyze.go:360) Config file found for tool tool=trivy toolConfigPath=.codacy/tools-configs/trivy.yaml
2026/07/10 17:12:54 Tool failed to run: failed to run Trivy: exit status 1
2026-07-10T17:16:53+02:00 [INFO] (codacy-cli-v2/cli-v2.go:27) Starting Codacy CLI version=1.0.0-main.380.sha.27e119a (27e119a) built at 2026-06-11T09:54:47Z
2026-07-10T17:16:53+02:00 [INFO] (codacy-cli-v2/cmd/root.go:34) Executing CLI command command=analyze full_command=[/Users/Andreas/Library/Caches/Codacy/codacy-cli-v2/1.0.0-main.380.sha.27e119a/codacy-cli-v2 analyze /Users/Andreas/GitHub/aither/.vscode/mcp.json --format sarif] args=[/Users/Andreas/GitHub/aither/.vscode/mcp.json]
2026/07/10 17:16:53 Running all configured tools...
2026/07/10 17:16:53 Skipping opengrep as it doesn't support the specified file(s)
2026/07/10 17:16:53 Skipping pmd as it doesn't support the specified file(s)
2026/07/10 17:16:53 Skipping pylint as it doesn't support the specified file(s)
2026/07/10 17:16:53 Skipping revive as it doesn't support the specified file(s)
2026/07/10 17:16:53 Skipping dartanalyzer as it doesn't support the specified file(s)
2026/07/10 17:16:53 Skipping eslint as it doesn't support the specified file(s)
2026/07/10 17:16:53 Skipping lizard as it doesn't support the specified file(s)
2026/07/10 17:16:53 Running tools for the specified file(s)...
2026/07/10 17:16:53 Running trivy...
2026-07-10T17:16:53+02:00 [INFO] (codacy-cli-v2/cmd/analyze.go:360) Config file found for tool tool=trivy toolConfigPath=.codacy/tools-configs/trivy.yaml
2026/07/10 17:16:54 Tool failed to run: failed to run Trivy: exit status 1
2026-07-10T17:20:53+02:00 [INFO] (codacy-cli-v2/cli-v2.go:27) Starting Codacy CLI version=1.0.0-main.380.sha.27e119a (27e119a) built at 2026-06-11T09:54:47Z
2026-07-10T17:20:53+02:00 [INFO] (codacy-cli-v2/cmd/root.go:34) Executing CLI command args=[/Users/Andreas/GitHub/hemera/.vscode/mcp.json] command=analyze full_command=[/Users/Andreas/Library/Caches/Codacy/codacy-cli-v2/1.0.0-main.380.sha.27e119a/codacy-cli-v2 analyze /Users/Andreas/GitHub/hemera/.vscode/mcp.json --format sarif]
2026/07/10 17:20:53 Running all configured tools...
2026/07/10 17:20:53 Skipping pylint as it doesn't support the specified file(s)
2026/07/10 17:20:53 Skipping revive as it doesn't support the specified file(s)
2026/07/10 17:20:53 Skipping dartanalyzer as it doesn't support the specified file(s)
2026/07/10 17:20:53 Skipping eslint as it doesn't support the specified file(s)
2026/07/10 17:20:53 Skipping lizard as it doesn't support the specified file(s)
2026/07/10 17:20:53 Skipping opengrep as it doesn't support the specified file(s)
2026/07/10 17:20:53 Skipping pmd as it doesn't support the specified file(s)
2026/07/10 17:20:53 Running tools for the specified file(s)...
2026/07/10 17:20:53 Running trivy...
2026-07-10T17:20:53+02:00 [INFO] (codacy-cli-v2/cmd/analyze.go:360) Config file found for tool tool=trivy toolConfigPath=.codacy/tools-configs/trivy.yaml
2026/07/10 17:20:54 Tool failed to run: failed to run Trivy: exit status 1
2026-07-10T17:20:55+02:00 [INFO] (codacy-cli-v2/cli-v2.go:27) Starting Codacy CLI version=1.0.0-main.380.sha.27e119a (27e119a) built at 2026-06-11T09:54:47Z
2026-07-10T17:20:55+02:00 [INFO] (codacy-cli-v2/cmd/root.go:34) Executing CLI command args=[/Users/Andreas/GitHub/thalassa/.vscode/mcp.json] command=analyze full_command=[/Users/Andreas/Library/Caches/Codacy/codacy-cli-v2/1.0.0-main.380.sha.27e119a/codacy-cli-v2 analyze /Users/Andreas/GitHub/thalassa/.vscode/mcp.json --format sarif]
2026/07/10 17:20:55 Running all configured tools...
2026/07/10 17:20:55 Skipping eslint as it doesn't support the specified file(s)
2026/07/10 17:20:55 Skipping lizard as it doesn't support the specified file(s)
2026/07/10 17:20:55 Skipping opengrep as it doesn't support the specified file(s)
2026/07/10 17:20:55 Skipping pmd as it doesn't support the specified file(s)
2026/07/10 17:20:55 Skipping pylint as it doesn't support the specified file(s)
2026/07/10 17:20:55 Skipping revive as it doesn't support the specified file(s)
2026/07/10 17:20:55 Skipping dartanalyzer as it doesn't support the specified file(s)
2026/07/10 17:20:55 Running tools for the specified file(s)...
2026/07/10 17:20:55 Running trivy...
2026-07-10T17:20:55+02:00 [INFO] (codacy-cli-v2/cmd/analyze.go:360) Config file found for tool toolConfigPath=.codacy/tools-configs/trivy.yaml tool=trivy
2026/07/10 17:20:55 Tool failed to run: failed to run Trivy: exit status 1
2026-07-10T17:24:53+02:00 [INFO] (codacy-cli-v2/cli-v2.go:27) Starting Codacy CLI version=1.0.0-main.380.sha.27e119a (27e119a) built at 2026-06-11T09:54:47Z
2026-07-10T17:24:53+02:00 [INFO] (codacy-cli-v2/cmd/root.go:34) Executing CLI command command=analyze full_command=[/Users/Andreas/Library/Caches/Codacy/codacy-cli-v2/1.0.0-main.380.sha.27e119a/codacy-cli-v2 analyze /Users/Andreas/GitHub/gaia/.vscode/mcp.json --format sarif] args=[/Users/Andreas/GitHub/gaia/.vscode/mcp.json]
2026/07/10 17:24:53 Running all configured tools...
2026/07/10 17:24:53 Skipping eslint as it doesn't support the specified file(s)
2026/07/10 17:24:53 Skipping lizard as it doesn't support the specified file(s)
2026/07/10 17:24:53 Skipping opengrep as it doesn't support the specified file(s)
2026/07/10 17:24:53 Skipping pmd as it doesn't support the specified file(s)
2026/07/10 17:24:53 Skipping pylint as it doesn't support the specified file(s)
2026/07/10 17:24:53 Skipping revive as it doesn't support the specified file(s)
2026/07/10 17:24:53 Skipping dartanalyzer as it doesn't support the specified file(s)
2026/07/10 17:24:53 Running tools for the specified file(s)...
2026/07/10 17:24:53 Running trivy...
2026-07-10T17:24:53+02:00 [INFO] (codacy-cli-v2/cmd/analyze.go:360) Config file found for tool tool=trivy toolConfigPath=.codacy/tools-configs/trivy.yaml
2026/07/10 17:24:54 Tool failed to run: failed to run Trivy: exit status 1
2026-07-10T17:28:55+02:00 [INFO] (codacy-cli-v2/cli-v2.go:27) Starting Codacy CLI version=1.0.0-main.380.sha.27e119a (27e119a) built at 2026-06-11T09:54:47Z
2026-07-10T17:28:55+02:00 [INFO] (codacy-cli-v2/cmd/root.go:34) Executing CLI command command=analyze full_command=[/Users/Andreas/Library/Caches/Codacy/codacy-cli-v2/1.0.0-main.380.sha.27e119a/codacy-cli-v2 analyze /Users/Andreas/GitHub/thalassa/.vscode/mcp.json --format sarif] args=[/Users/Andreas/GitHub/thalassa/.vscode/mcp.json]
2026/07/10 17:28:55 Running all configured tools...
2026/07/10 17:28:55 Skipping dartanalyzer as it doesn't support the specified file(s)
2026/07/10 17:28:55 Skipping eslint as it doesn't support the specified file(s)
2026/07/10 17:28:55 Skipping lizard as it doesn't support the specified file(s)
2026/07/10 17:28:55 Skipping opengrep as it doesn't support the specified file(s)
2026/07/10 17:28:55 Skipping pmd as it doesn't support the specified file(s)
2026/07/10 17:28:55 Skipping pylint as it doesn't support the specified file(s)
2026/07/10 17:28:55 Skipping revive as it doesn't support the specified file(s)
2026/07/10 17:28:55 Running tools for the specified file(s)...
2026/07/10 17:28:55 Running trivy...
2026-07-10T17:28:55+02:00 [INFO] (codacy-cli-v2/cmd/analyze.go:360) Config file found for tool tool=trivy toolConfigPath=.codacy/tools-configs/trivy.yaml
2026/07/10 17:28:56 Tool failed to run: failed to run Trivy: exit status 1
2026-07-10T17:32:54+02:00 [INFO] (codacy-cli-v2/cli-v2.go:27) Starting Codacy CLI version=1.0.0-main.380.sha.27e119a (27e119a) built at 2026-06-11T09:54:47Z
2026-07-10T17:32:54+02:00 [INFO] (codacy-cli-v2/cmd/root.go:34) Executing CLI command full_command=[/Users/Andreas/Library/Caches/Codacy/codacy-cli-v2/1.0.0-main.380.sha.27e119a/codacy-cli-v2 analyze /Users/Andreas/GitHub/gaia/.vscode/mcp.json --format sarif] args=[/Users/Andreas/GitHub/gaia/.vscode/mcp.json] command=analyze
2026/07/10 17:32:54 Running all configured tools...
2026/07/10 17:32:54 Skipping pylint as it doesn't support the specified file(s)
2026/07/10 17:32:54 Skipping revive as it doesn't support the specified file(s)
2026/07/10 17:32:54 Skipping dartanalyzer as it doesn't support the specified file(s)
2026/07/10 17:32:54 Skipping eslint as it doesn't support the specified file(s)
2026/07/10 17:32:54 Skipping lizard as it doesn't support the specified file(s)
2026/07/10 17:32:54 Skipping opengrep as it doesn't support the specified file(s)
2026/07/10 17:32:54 Skipping pmd as it doesn't support the specified file(s)
2026/07/10 17:32:54 Running tools for the specified file(s)...
2026/07/10 17:32:54 Running trivy...
2026-07-10T17:32:54+02:00 [INFO] (codacy-cli-v2/cmd/analyze.go:360) Config file found for tool tool=trivy toolConfigPath=.codacy/tools-configs/trivy.yaml
2026/07/10 17:32:55 Tool failed to run: failed to run Trivy: exit status 1
2026-07-10T17:36:52+02:00 [INFO] (codacy-cli-v2/cli-v2.go:27) Starting Codacy CLI version=1.0.0-main.380.sha.27e119a (27e119a) built at 2026-06-11T09:54:47Z
2026-07-10T17:36:52+02:00 [INFO] (codacy-cli-v2/cmd/root.go:34) Executing CLI command args=[/Users/Andreas/GitHub/hemera/.vscode/mcp.json] command=analyze full_command=[/Users/Andreas/Library/Caches/Codacy/codacy-cli-v2/1.0.0-main.380.sha.27e119a/codacy-cli-v2 analyze /Users/Andreas/GitHub/hemera/.vscode/mcp.json --format sarif]
2026/07/10 17:36:52 Running all configured tools...
2026/07/10 17:36:52 Skipping revive as it doesn't support the specified file(s)
2026/07/10 17:36:52 Skipping dartanalyzer as it doesn't support the specified file(s)
2026/07/10 17:36:52 Skipping eslint as it doesn't support the specified file(s)
2026/07/10 17:36:52 Skipping lizard as it doesn't support the specified file(s)
2026/07/10 17:36:52 Skipping opengrep as it doesn't support the specified file(s)
2026/07/10 17:36:52 Skipping pmd as it doesn't support the specified file(s)
2026/07/10 17:36:52 Skipping pylint as it doesn't support the specified file(s)
2026/07/10 17:36:52 Running tools for the specified file(s)...
2026/07/10 17:36:52 Running trivy...
2026-07-10T17:36:52+02:00 [INFO] (codacy-cli-v2/cmd/analyze.go:360) Config file found for tool toolConfigPath=.codacy/tools-configs/trivy.yaml tool=trivy
2026/07/10 17:36:53 Tool failed to run: failed to run Trivy: exit status 1
2026-07-10T17:37:07+02:00 [INFO] (codacy-cli-v2/cli-v2.go:27) Starting Codacy CLI version=1.0.0-main.380.sha.27e119a (27e119a) built at 2026-06-11T09:54:47Z
2026-07-10T17:37:07+02:00 [INFO] (codacy-cli-v2/cmd/root.go:34) Executing CLI command args=[/Users/Andreas/GitHub/aither/.vscode/mcp.json] command=analyze full_command=[/Users/Andreas/Library/Caches/Codacy/codacy-cli-v2/1.0.0-main.380.sha.27e119a/codacy-cli-v2 analyze /Users/Andreas/GitHub/aither/.vscode/mcp.json --format sarif]
2026/07/10 17:37:07 Running all configured tools...
2026/07/10 17:37:07 Skipping revive as it doesn't support the specified file(s)
2026/07/10 17:37:07 Skipping dartanalyzer as it doesn't support the specified file(s)
2026/07/10 17:37:07 Skipping eslint as it doesn't support the specified file(s)
2026/07/10 17:37:07 Skipping lizard as it doesn't support the specified file(s)
2026/07/10 17:37:07 Skipping opengrep as it doesn't support the specified file(s)
2026/07/10 17:37:07 Skipping pmd as it doesn't support the specified file(s)
2026/07/10 17:37:07 Skipping pylint as it doesn't support the specified file(s)
2026/07/10 17:37:07 Running tools for the specified file(s)...
2026/07/10 17:37:07 Running trivy...
2026-07-10T17:37:07+02:00 [INFO] (codacy-cli-v2/cmd/analyze.go:360) Config file found for tool tool=trivy toolConfigPath=.codacy/tools-configs/trivy.yaml
2026/07/10 17:37:07 Tool failed to run: failed to run Trivy: exit status 1
2026-07-10T17:37:22+02:00 [INFO] (codacy-cli-v2/cli-v2.go:27) Starting Codacy CLI version=1.0.0-main.380.sha.27e119a (27e119a) built at 2026-06-11T09:54:47Z
2026-07-10T17:37:22+02:00 [INFO] (codacy-cli-v2/cmd/root.go:34) Executing CLI command full_command=[/Users/Andreas/Library/Caches/Codacy/codacy-cli-v2/1.0.0-main.380.sha.27e119a/codacy-cli-v2 analyze /Users/Andreas/GitHub/thalassa/.vscode/mcp.json --format sarif] args=[/Users/Andreas/GitHub/thalassa/.vscode/mcp.json] command=analyze
2026/07/10 17:37:22 Running all configured tools...
2026/07/10 17:37:22 Skipping opengrep as it doesn't support the specified file(s)
2026/07/10 17:37:22 Skipping pmd as it doesn't support the specified file(s)
2026/07/10 17:37:22 Skipping pylint as it doesn't support the specified file(s)
2026/07/10 17:37:22 Skipping revive as it doesn't support the specified file(s)
2026/07/10 17:37:22 Skipping dartanalyzer as it doesn't support the specified file(s)
2026/07/10 17:37:22 Skipping eslint as it doesn't support the specified file(s)
2026/07/10 17:37:22 Skipping lizard as it doesn't support the specified file(s)
2026/07/10 17:37:22 Running tools for the specified file(s)...
2026/07/10 17:37:22 Running trivy...
2026-07-10T17:37:22+02:00 [INFO] (codacy-cli-v2/cmd/analyze.go:360) Config file found for tool tool=trivy toolConfigPath=.codacy/tools-configs/trivy.yaml
2026/07/10 17:37:22 Tool failed to run: failed to run Trivy: exit status 1
2026-07-10T17:41:53+02:00 [INFO] (codacy-cli-v2/cli-v2.go:27) Starting Codacy CLI version=1.0.0-main.380.sha.27e119a (27e119a) built at 2026-06-11T09:54:47Z
2026-07-10T17:41:53+02:00 [INFO] (codacy-cli-v2/cmd/root.go:34) Executing CLI command command=analyze full_command=[/Users/Andreas/Library/Caches/Codacy/codacy-cli-v2/1.0.0-main.380.sha.27e119a/codacy-cli-v2 analyze /Users/Andreas/GitHub/thalassa/.vscode/mcp.json --format sarif] args=[/Users/Andreas/GitHub/thalassa/.vscode/mcp.json]
2026/07/10 17:41:53 Running all configured tools...
2026/07/10 17:41:53 Skipping revive as it doesn't support the specified file(s)
2026/07/10 17:41:53 Skipping dartanalyzer as it doesn't support the specified file(s)
2026/07/10 17:41:53 Skipping eslint as it doesn't support the specified file(s)
2026/07/10 17:41:53 Skipping lizard as it doesn't support the specified file(s)
2026/07/10 17:41:53 Skipping opengrep as it doesn't support the specified file(s)
2026/07/10 17:41:53 Skipping pmd as it doesn't support the specified file(s)
2026/07/10 17:41:53 Skipping pylint as it doesn't support the specified file(s)
2026/07/10 17:41:53 Running tools for the specified file(s)...
2026/07/10 17:41:53 Running trivy...
2026-07-10T17:41:53+02:00 [INFO] (codacy-cli-v2/cmd/analyze.go:360) Config file found for tool tool=trivy toolConfigPath=.codacy/tools-configs/trivy.yaml
2026/07/10 17:41:54 Tool failed to run: failed to run Trivy: exit status 1
2026-07-10T17:45:54+02:00 [INFO] (codacy-cli-v2/cli-v2.go:27) Starting Codacy CLI version=1.0.0-main.380.sha.27e119a (27e119a) built at 2026-06-11T09:54:47Z
2026-07-10T17:45:54+02:00 [INFO] (codacy-cli-v2/cmd/root.go:34) Executing CLI command args=[/Users/Andreas/GitHub/gaia/.vscode/mcp.json] command=analyze full_command=[/Users/Andreas/Library/Caches/Codacy/codacy-cli-v2/1.0.0-main.380.sha.27e119a/codacy-cli-v2 analyze /Users/Andreas/GitHub/gaia/.vscode/mcp.json --format sarif]
2026/07/10 17:45:54 Running all configured tools...
2026/07/10 17:45:54 Skipping revive as it doesn't support the specified file(s)
2026/07/10 17:45:54 Skipping dartanalyzer as it doesn't support the specified file(s)
2026/07/10 17:45:54 Skipping eslint as it doesn't support the specified file(s)
2026/07/10 17:45:54 Skipping lizard as it doesn't support the specified file(s)
2026/07/10 17:45:54 Skipping opengrep as it doesn't support the specified file(s)
2026/07/10 17:45:54 Skipping pmd as it doesn't support the specified file(s)
2026/07/10 17:45:54 Skipping pylint as it doesn't support the specified file(s)
2026/07/10 17:45:54 Running tools for the specified file(s)...
2026/07/10 17:45:54 Running trivy...
2026-07-10T17:45:54+02:00 [INFO] (codacy-cli-v2/cmd/analyze.go:360) Config file found for tool tool=trivy toolConfigPath=.codacy/tools-configs/trivy.yaml
2026/07/10 17:45:54 Tool failed to run: failed to run Trivy: exit status 1
2026-07-10T17:49:54+02:00 [INFO] (codacy-cli-v2/cli-v2.go:27) Starting Codacy CLI version=1.0.0-main.380.sha.27e119a (27e119a) built at 2026-06-11T09:54:47Z
2026-07-10T17:49:54+02:00 [INFO] (codacy-cli-v2/cmd/root.go:34) Executing CLI command command=analyze full_command=[/Users/Andreas/Library/Caches/Codacy/codacy-cli-v2/1.0.0-main.380.sha.27e119a/codacy-cli-v2 analyze /Users/Andreas/GitHub/thalassa/.vscode/mcp.json --format sarif] args=[/Users/Andreas/GitHub/thalassa/.vscode/mcp.json]
2026/07/10 17:49:54 Running all configured tools...
2026/07/10 17:49:54 Skipping eslint as it doesn't support the specified file(s)
2026/07/10 17:49:54 Skipping lizard as it doesn't support the specified file(s)
2026/07/10 17:49:54 Skipping opengrep as it doesn't support the specified file(s)
2026/07/10 17:49:54 Skipping pmd as it doesn't support the specified file(s)
2026/07/10 17:49:54 Skipping pylint as it doesn't support the specified file(s)
2026/07/10 17:49:54 Skipping revive as it doesn't support the specified file(s)
2026/07/10 17:49:54 Skipping dartanalyzer as it doesn't support the specified file(s)
2026/07/10 17:49:54 Running tools for the specified file(s)...
2026/07/10 17:49:54 Running trivy...
2026-07-10T17:49:54+02:00 [INFO] (codacy-cli-v2/cmd/analyze.go:360) Config file found for tool tool=trivy toolConfigPath=.codacy/tools-configs/trivy.yaml
2026/07/10 17:49:55 Tool failed to run: failed to run Trivy: exit status 1
2026-07-10T17:53:54+02:00 [INFO] (codacy-cli-v2/cli-v2.go:27) Starting Codacy CLI version=1.0.0-main.380.sha.27e119a (27e119a) built at 2026-06-11T09:54:47Z
2026-07-10T17:53:54+02:00 [INFO] (codacy-cli-v2/cmd/root.go:34) Executing CLI command command=analyze full_command=[/Users/Andreas/Library/Caches/Codacy/codacy-cli-v2/1.0.0-main.380.sha.27e119a/codacy-cli-v2 analyze /Users/Andreas/GitHub/gaia/.vscode/mcp.json --format sarif] args=[/Users/Andreas/GitHub/gaia/.vscode/mcp.json]
2026/07/10 17:53:54 Running all configured tools...
2026/07/10 17:53:54 Skipping pmd as it doesn't support the specified file(s)
2026/07/10 17:53:54 Skipping pylint as it doesn't support the specified file(s)
2026/07/10 17:53:54 Skipping revive as it doesn't support the specified file(s)
2026/07/10 17:53:54 Skipping dartanalyzer as it doesn't support the specified file(s)
2026/07/10 17:53:54 Skipping eslint as it doesn't support the specified file(s)
2026/07/10 17:53:54 Skipping lizard as it doesn't support the specified file(s)
2026/07/10 17:53:54 Skipping opengrep as it doesn't support the specified file(s)
2026/07/10 17:53:54 Running tools for the specified file(s)...
2026/07/10 17:53:54 Running trivy...
2026-07-10T17:53:54+02:00 [INFO] (codacy-cli-v2/cmd/analyze.go:360) Config file found for tool tool=trivy toolConfigPath=.codacy/tools-configs/trivy.yaml
2026/07/10 17:53:55 Tool failed to run: failed to run Trivy: exit status 1
2026-07-10T17:57:55+02:00 [INFO] (codacy-cli-v2/cli-v2.go:27) Starting Codacy CLI version=1.0.0-main.380.sha.27e119a (27e119a) built at 2026-06-11T09:54:47Z
2026-07-10T17:57:55+02:00 [INFO] (codacy-cli-v2/cmd/root.go:34) Executing CLI command command=analyze full_command=[/Users/Andreas/Library/Caches/Codacy/codacy-cli-v2/1.0.0-main.380.sha.27e119a/codacy-cli-v2 analyze /Users/Andreas/GitHub/thalassa/.vscode/mcp.json --format sarif] args=[/Users/Andreas/GitHub/thalassa/.vscode/mcp.json]
2026/07/10 17:57:55 Running all configured tools...
2026/07/10 17:57:55 Skipping pylint as it doesn't support the specified file(s)
2026/07/10 17:57:55 Skipping revive as it doesn't support the specified file(s)
2026/07/10 17:57:55 Skipping dartanalyzer as it doesn't support the specified file(s)
2026/07/10 17:57:55 Skipping eslint as it doesn't support the specified file(s)
2026/07/10 17:57:55 Skipping lizard as it doesn't support the specified file(s)
2026/07/10 17:57:55 Skipping opengrep as it doesn't support the specified file(s)
2026/07/10 17:57:55 Skipping pmd as it doesn't support the specified file(s)
2026/07/10 17:57:55 Running tools for the specified file(s)...
2026/07/10 17:57:55 Running trivy...
2026-07-10T17:57:55+02:00 [INFO] (codacy-cli-v2/cmd/analyze.go:360) Config file found for tool tool=trivy toolConfigPath=.codacy/tools-configs/trivy.yaml
2026/07/10 17:57:56 Tool failed to run: failed to run Trivy: exit status 1
2026-07-10T18:01:53+02:00 [INFO] (codacy-cli-v2/cli-v2.go:27) Starting Codacy CLI version=1.0.0-main.380.sha.27e119a (27e119a) built at 2026-06-11T09:54:47Z
2026-07-10T18:01:53+02:00 [INFO] (codacy-cli-v2/cmd/root.go:34) Executing CLI command full_command=[/Users/Andreas/Library/Caches/Codacy/codacy-cli-v2/1.0.0-main.380.sha.27e119a/codacy-cli-v2 analyze /Users/Andreas/GitHub/aither/.vscode/mcp.json --format sarif] args=[/Users/Andreas/GitHub/aither/.vscode/mcp.json] command=analyze
2026/07/10 18:01:53 Running all configured tools...
2026/07/10 18:01:53 Skipping revive as it doesn't support the specified file(s)
2026/07/10 18:01:53 Skipping dartanalyzer as it doesn't support the specified file(s)
2026/07/10 18:01:53 Skipping eslint as it doesn't support the specified file(s)
2026/07/10 18:01:53 Skipping lizard as it doesn't support the specified file(s)
2026/07/10 18:01:53 Skipping opengrep as it doesn't support the specified file(s)
2026/07/10 18:01:53 Skipping pmd as it doesn't support the specified file(s)
2026/07/10 18:01:53 Skipping pylint as it doesn't support the specified file(s)
2026/07/10 18:01:53 Running tools for the specified file(s)...
2026/07/10 18:01:53 Running trivy...
2026-07-10T18:01:53+02:00 [INFO] (codacy-cli-v2/cmd/analyze.go:360) Config file found for tool tool=trivy toolConfigPath=.codacy/tools-configs/trivy.yaml
2026/07/10 18:01:54 Tool failed to run: failed to run Trivy: exit status 1
2026-07-10T18:05:54+02:00 [INFO] (codacy-cli-v2/cli-v2.go:27) Starting Codacy CLI version=1.0.0-main.380.sha.27e119a (27e119a) built at 2026-06-11T09:54:47Z
2026-07-10T18:05:54+02:00 [INFO] (codacy-cli-v2/cmd/root.go:34) Executing CLI command full_command=[/Users/Andreas/Library/Caches/Codacy/codacy-cli-v2/1.0.0-main.380.sha.27e119a/codacy-cli-v2 analyze /Users/Andreas/GitHub/thalassa/.vscode/mcp.json --format sarif] args=[/Users/Andreas/GitHub/thalassa/.vscode/mcp.json] command=analyze
2026/07/10 18:05:54 Running all configured tools...
2026/07/10 18:05:54 Skipping lizard as it doesn't support the specified file(s)
2026/07/10 18:05:54 Skipping opengrep as it doesn't support the specified file(s)
2026/07/10 18:05:54 Skipping pmd as it doesn't support the specified file(s)
2026/07/10 18:05:54 Skipping pylint as it doesn't support the specified file(s)
2026/07/10 18:05:54 Skipping revive as it doesn't support the specified file(s)
2026/07/10 18:05:54 Skipping dartanalyzer as it doesn't support the specified file(s)
2026/07/10 18:05:54 Skipping eslint as it doesn't support the specified file(s)
2026/07/10 18:05:54 Running tools for the specified file(s)...
2026/07/10 18:05:54 Running trivy...
2026-07-10T18:05:54+02:00 [INFO] (codacy-cli-v2/cmd/analyze.go:360) Config file found for tool tool=trivy toolConfigPath=.codacy/tools-configs/trivy.yaml
2026/07/10 18:05:55 Tool failed to run: failed to run Trivy: exit status 1
2026-07-10T18:09:52+02:00 [INFO] (codacy-cli-v2/cli-v2.go:27) Starting Codacy CLI version=1.0.0-main.380.sha.27e119a (27e119a) built at 2026-06-11T09:54:47Z
2026-07-10T18:09:52+02:00 [INFO] (codacy-cli-v2/cmd/root.go:34) Executing CLI command command=analyze full_command=[/Users/Andreas/Library/Caches/Codacy/codacy-cli-v2/1.0.0-main.380.sha.27e119a/codacy-cli-v2 analyze /Users/Andreas/GitHub/hemera/.vscode/mcp.json --format sarif] args=[/Users/Andreas/GitHub/hemera/.vscode/mcp.json]
2026/07/10 18:09:52 Running all configured tools...
2026/07/10 18:09:52 Skipping eslint as it doesn't support the specified file(s)
2026/07/10 18:09:52 Skipping lizard as it doesn't support the specified file(s)
2026/07/10 18:09:52 Skipping opengrep as it doesn't support the specified file(s)
2026/07/10 18:09:52 Skipping pmd as it doesn't support the specified file(s)
2026/07/10 18:09:52 Skipping pylint as it doesn't support the specified file(s)
2026/07/10 18:09:52 Skipping revive as it doesn't support the specified file(s)
2026/07/10 18:09:52 Skipping dartanalyzer as it doesn't support the specified file(s)
2026/07/10 18:09:52 Running tools for the specified file(s)...
2026/07/10 18:09:52 Running trivy...
2026-07-10T18:09:52+02:00 [INFO] (codacy-cli-v2/cmd/analyze.go:360) Config file found for tool tool=trivy toolConfigPath=.codacy/tools-configs/trivy.yaml
2026/07/10 18:09:53 Tool failed to run: failed to run Trivy: exit status 1
2026-07-10T18:10:24+02:00 [INFO] (codacy-cli-v2/cli-v2.go:27) Starting Codacy CLI version=1.0.0-main.380.sha.27e119a (27e119a) built at 2026-06-11T09:54:47Z
2026-07-10T18:10:24+02:00 [INFO] (codacy-cli-v2/cmd/root.go:34) Executing CLI command command=analyze full_command=[/Users/Andreas/Library/Caches/Codacy/codacy-cli-v2/1.0.0-main.380.sha.27e119a/codacy-cli-v2 analyze /Users/Andreas/GitHub/gaia/.vscode/mcp.json --format sarif] args=[/Users/Andreas/GitHub/gaia/.vscode/mcp.json]
2026/07/10 18:10:24 Running all configured tools...
2026/07/10 18:10:24 Skipping opengrep as it doesn't support the specified file(s)
2026/07/10 18:10:24 Skipping pmd as it doesn't support the specified file(s)
2026/07/10 18:10:24 Skipping pylint as it doesn't support the specified file(s)
2026/07/10 18:10:24 Skipping revive as it doesn't support the specified file(s)
2026/07/10 18:10:24 Skipping dartanalyzer as it doesn't support the specified file(s)
2026/07/10 18:10:24 Skipping eslint as it doesn't support the specified file(s)
2026/07/10 18:10:24 Skipping lizard as it doesn't support the specified file(s)
2026/07/10 18:10:24 Running tools for the specified file(s)...
2026/07/10 18:10:24 Running trivy...
2026-07-10T18:10:24+02:00 [INFO] (codacy-cli-v2/cmd/analyze.go:360) Config file found for tool tool=trivy toolConfigPath=.codacy/tools-configs/trivy.yaml
2026/07/10 18:10:24 Tool failed to run: failed to run Trivy: exit status 1
2026-07-10T18:13:52+02:00 [INFO] (codacy-cli-v2/cli-v2.go:27) Starting Codacy CLI version=1.0.0-main.380.sha.27e119a (27e119a) built at 2026-06-11T09:54:47Z
2026-07-10T18:13:52+02:00 [INFO] (codacy-cli-v2/cmd/root.go:34) Executing CLI command command=analyze full_command=[/Users/Andreas/Library/Caches/Codacy/codacy-cli-v2/1.0.0-main.380.sha.27e119a/codacy-cli-v2 analyze /Users/Andreas/GitHub/hemera/.vscode/mcp.json --format sarif] args=[/Users/Andreas/GitHub/hemera/.vscode/mcp.json]
2026/07/10 18:13:52 Running all configured tools...
2026/07/10 18:13:52 Skipping lizard as it doesn't support the specified file(s)
2026/07/10 18:13:52 Skipping opengrep as it doesn't support the specified file(s)
2026/07/10 18:13:52 Skipping pmd as it doesn't support the specified file(s)
2026/07/10 18:13:52 Skipping pylint as it doesn't support the specified file(s)
2026/07/10 18:13:52 Skipping revive as it doesn't support the specified file(s)
2026/07/10 18:13:52 Skipping dartanalyzer as it doesn't support the specified file(s)
2026/07/10 18:13:52 Skipping eslint as it doesn't support the specified file(s)
2026/07/10 18:13:52 Running tools for the specified file(s)...
2026/07/10 18:13:52 Running trivy...
2026-07-10T18:13:52+02:00 [INFO] (codacy-cli-v2/cmd/analyze.go:360) Config file found for tool tool=trivy toolConfigPath=.codacy/tools-configs/trivy.yaml
2026/07/10 18:13:53 Tool failed to run: failed to run Trivy: exit status 1
2026-07-10T18:14:09+02:00 [INFO] (codacy-cli-v2/cli-v2.go:27) Starting Codacy CLI version=1.0.0-main.380.sha.27e119a (27e119a) built at 2026-06-11T09:54:47Z
2026-07-10T18:14:09+02:00 [INFO] (codacy-cli-v2/cmd/root.go:34) Executing CLI command full_command=[/Users/Andreas/Library/Caches/Codacy/codacy-cli-v2/1.0.0-main.380.sha.27e119a/codacy-cli-v2 analyze /Users/Andreas/GitHub/gaia/.vscode/mcp.json --format sarif] args=[/Users/Andreas/GitHub/gaia/.vscode/mcp.json] command=analyze
2026/07/10 18:14:09 Running all configured tools...
2026/07/10 18:14:09 Skipping dartanalyzer as it doesn't support the specified file(s)
2026/07/10 18:14:09 Skipping eslint as it doesn't support the specified file(s)
2026/07/10 18:14:09 Skipping lizard as it doesn't support the specified file(s)
2026/07/10 18:14:09 Skipping opengrep as it doesn't support the specified file(s)
2026/07/10 18:14:09 Skipping pmd as it doesn't support the specified file(s)
2026/07/10 18:14:09 Skipping pylint as it doesn't support the specified file(s)
2026/07/10 18:14:09 Skipping revive as it doesn't support the specified file(s)
2026/07/10 18:14:09 Running tools for the specified file(s)...
2026/07/10 18:14:09 Running trivy...
2026-07-10T18:14:09+02:00 [INFO] (codacy-cli-v2/cmd/analyze.go:360) Config file found for tool tool=trivy toolConfigPath=.codacy/tools-configs/trivy.yaml
2026/07/10 18:14:10 Tool failed to run: failed to run Trivy: exit status 1
2026-07-10T18:14:42+02:00 [INFO] (codacy-cli-v2/cli-v2.go:27) Starting Codacy CLI version=1.0.0-main.380.sha.27e119a (27e119a) built at 2026-06-11T09:54:47Z
2026-07-10T18:14:42+02:00 [INFO] (codacy-cli-v2/cmd/root.go:34) Executing CLI command args=[/Users/Andreas/GitHub/thalassa/.vscode/mcp.json] command=analyze full_command=[/Users/Andreas/Library/Caches/Codacy/codacy-cli-v2/1.0.0-main.380.sha.27e119a/codacy-cli-v2 analyze /Users/Andreas/GitHub/thalassa/.vscode/mcp.json --format sarif]
2026/07/10 18:14:42 Running all configured tools...
2026/07/10 18:14:42 Skipping opengrep as it doesn't support the specified file(s)
2026/07/10 18:14:42 Skipping pmd as it doesn't support the specified file(s)
2026/07/10 18:14:42 Skipping pylint as it doesn't support the specified file(s)
2026/07/10 18:14:42 Skipping revive as it doesn't support the specified file(s)
2026/07/10 18:14:42 Skipping dartanalyzer as it doesn't support the specified file(s)
2026/07/10 18:14:42 Skipping eslint as it doesn't support the specified file(s)
2026/07/10 18:14:42 Skipping lizard as it doesn't support the specified file(s)
2026/07/10 18:14:42 Running tools for the specified file(s)...
2026/07/10 18:14:42 Running trivy...
2026-07-10T18:14:42+02:00 [INFO] (codacy-cli-v2/cmd/analyze.go:360) Config file found for tool tool=trivy toolConfigPath=.codacy/tools-configs/trivy.yaml
2026/07/10 18:14:43 Tool failed to run: failed to run Trivy: exit status 1
2026-07-10T18:17:36+02:00 [INFO] (codacy-cli-v2/cli-v2.go:27) Starting Codacy CLI version=1.0.0-main.380.sha.27e119a (27e119a) built at 2026-06-11T09:54:47Z
2026-07-10T18:17:36+02:00 [INFO] (codacy-cli-v2/cmd/root.go:34) Executing CLI command command=analyze full_command=[/Users/Andreas/Library/Caches/Codacy/codacy-cli-v2/1.0.0-main.380.sha.27e119a/codacy-cli-v2 analyze /Users/Andreas/GitHub/hemera/.vscode/mcp.json --format sarif] args=[/Users/Andreas/GitHub/hemera/.vscode/mcp.json]
2026/07/10 18:17:36 Running all configured tools...
2026/07/10 18:17:36 Skipping pylint as it doesn't support the specified file(s)
2026/07/10 18:17:36 Skipping revive as it doesn't support the specified file(s)
2026/07/10 18:17:36 Skipping dartanalyzer as it doesn't support the specified file(s)
2026/07/10 18:17:36 Skipping eslint as it doesn't support the specified file(s)
2026/07/10 18:17:36 Skipping lizard as it doesn't support the specified file(s)
2026/07/10 18:17:36 Skipping opengrep as it doesn't support the specified file(s)
2026/07/10 18:17:36 Skipping pmd as it doesn't support the specified file(s)
2026/07/10 18:17:36 Running tools for the specified file(s)...
2026/07/10 18:17:36 Running trivy...
2026-07-10T18:17:36+02:00 [INFO] (codacy-cli-v2/cmd/analyze.go:360) Config file found for tool tool=trivy toolConfigPath=.codacy/tools-configs/trivy.yaml
2026/07/10 18:17:37 Tool failed to run: failed to run Trivy: exit status 1
2026-07-10T18:17:55+02:00 [INFO] (codacy-cli-v2/cli-v2.go:27) Starting Codacy CLI version=1.0.0-main.380.sha.27e119a (27e119a) built at 2026-06-11T09:54:47Z
2026-07-10T18:17:55+02:00 [INFO] (codacy-cli-v2/cmd/root.go:34) Executing CLI command full_command=[/Users/Andreas/Library/Caches/Codacy/codacy-cli-v2/1.0.0-main.380.sha.27e119a/codacy-cli-v2 analyze /Users/Andreas/GitHub/aither/.vscode/mcp.json --format sarif] args=[/Users/Andreas/GitHub/aither/.vscode/mcp.json] command=analyze
2026/07/10 18:17:55 Running all configured tools...
2026/07/10 18:17:55 Skipping opengrep as it doesn't support the specified file(s)
2026/07/10 18:17:55 Skipping pmd as it doesn't support the specified file(s)
2026/07/10 18:17:55 Skipping pylint as it doesn't support the specified file(s)
2026/07/10 18:17:55 Skipping revive as it doesn't support the specified file(s)
2026/07/10 18:17:55 Skipping dartanalyzer as it doesn't support the specified file(s)
2026/07/10 18:17:55 Skipping eslint as it doesn't support the specified file(s)
2026/07/10 18:17:55 Skipping lizard as it doesn't support the specified file(s)
2026/07/10 18:17:55 Running tools for the specified file(s)...
2026/07/10 18:17:55 Running trivy...
2026-07-10T18:17:55+02:00 [INFO] (codacy-cli-v2/cmd/analyze.go:360) Config file found for tool toolConfigPath=.codacy/tools-configs/trivy.yaml tool=trivy
2026/07/10 18:17:56 Tool failed to run: failed to run Trivy: exit status 1
2026-07-10T18:18:05+02:00 [INFO] (codacy-cli-v2/cli-v2.go:27) Starting Codacy CLI version=1.0.0-main.380.sha.27e119a (27e119a) built at 2026-06-11T09:54:47Z
2026-07-10T18:18:05+02:00 [INFO] (codacy-cli-v2/cmd/root.go:34) Executing CLI command args=[/Users/Andreas/GitHub/thalassa/.vscode/mcp.json] command=analyze full_command=[/Users/Andreas/Library/Caches/Codacy/codacy-cli-v2/1.0.0-main.380.sha.27e119a/codacy-cli-v2 analyze /Users/Andreas/GitHub/thalassa/.vscode/mcp.json --format sarif]
2026/07/10 18:18:05 Running all configured tools...
2026/07/10 18:18:05 Skipping eslint as it doesn't support the specified file(s)
2026/07/10 18:18:05 Skipping lizard as it doesn't support the specified file(s)
2026/07/10 18:18:05 Skipping opengrep as it doesn't support the specified file(s)
2026/07/10 18:18:05 Skipping pmd as it doesn't support the specified file(s)
2026/07/10 18:18:05 Skipping pylint as it doesn't support the specified file(s)
2026/07/10 18:18:05 Skipping revive as it doesn't support the specified file(s)
2026/07/10 18:18:05 Skipping dartanalyzer as it doesn't support the specified file(s)
2026/07/10 18:18:05 Running tools for the specified file(s)...
2026/07/10 18:18:05 Running trivy...
2026-07-10T18:18:05+02:00 [INFO] (codacy-cli-v2/cmd/analyze.go:360) Config file found for tool tool=trivy toolConfigPath=.codacy/tools-configs/trivy.yaml
2026/07/10 18:18:05 Tool failed to run: failed to run Trivy: exit status 1
2026-07-10T18:21:53+02:00 [INFO] (codacy-cli-v2/cli-v2.go:27) Starting Codacy CLI version=1.0.0-main.380.sha.27e119a (27e119a) built at 2026-06-11T09:54:47Z
2026-07-10T18:21:53+02:00 [INFO] (codacy-cli-v2/cmd/root.go:34) Executing CLI command command=analyze full_command=[/Users/Andreas/Library/Caches/Codacy/codacy-cli-v2/1.0.0-main.380.sha.27e119a/codacy-cli-v2 analyze /Users/Andreas/GitHub/thalassa/.vscode/mcp.json --format sarif] args=[/Users/Andreas/GitHub/thalassa/.vscode/mcp.json]
2026/07/10 18:21:53 Running all configured tools...
2026/07/10 18:21:53 Skipping eslint as it doesn't support the specified file(s)
2026/07/10 18:21:53 Skipping lizard as it doesn't support the specified file(s)
2026/07/10 18:21:53 Skipping opengrep as it doesn't support the specified file(s)
2026/07/10 18:21:53 Skipping pmd as it doesn't support the specified file(s)
2026/07/10 18:21:53 Skipping pylint as it doesn't support the specified file(s)
2026/07/10 18:21:53 Skipping revive as it doesn't support the specified file(s)
2026/07/10 18:21:53 Skipping dartanalyzer as it doesn't support the specified file(s)
2026/07/10 18:21:53 Running tools for the specified file(s)...
2026/07/10 18:21:53 Running trivy...
2026-07-10T18:21:53+02:00 [INFO] (codacy-cli-v2/cmd/analyze.go:360) Config file found for tool tool=trivy toolConfigPath=.codacy/tools-configs/trivy.yaml
2026/07/10 18:21:54 Tool failed to run: failed to run Trivy: exit status 1
2026-07-10T18:25:53+02:00 [INFO] (codacy-cli-v2/cli-v2.go:27) Starting Codacy CLI version=1.0.0-main.380.sha.27e119a (27e119a) built at 2026-06-11T09:54:47Z
2026-07-10T18:25:53+02:00 [INFO] (codacy-cli-v2/cmd/root.go:34) Executing CLI command command=analyze full_command=[/Users/Andreas/Library/Caches/Codacy/codacy-cli-v2/1.0.0-main.380.sha.27e119a/codacy-cli-v2 analyze /Users/Andreas/GitHub/hemera/.vscode/mcp.json --format sarif] args=[/Users/Andreas/GitHub/hemera/.vscode/mcp.json]
2026/07/10 18:25:53 Running all configured tools...
2026/07/10 18:25:53 Skipping revive as it doesn't support the specified file(s)
2026/07/10 18:25:53 Skipping dartanalyzer as it doesn't support the specified file(s)
2026/07/10 18:25:53 Skipping eslint as it doesn't support the specified file(s)
2026/07/10 18:25:53 Skipping lizard as it doesn't support the specified file(s)
2026/07/10 18:25:53 Skipping opengrep as it doesn't support the specified file(s)
2026/07/10 18:25:53 Skipping pmd as it doesn't support the specified file(s)
2026/07/10 18:25:53 Skipping pylint as it doesn't support the specified file(s)
2026/07/10 18:25:53 Running tools for the specified file(s)...
2026/07/10 18:25:53 Running trivy...
2026-07-10T18:25:53+02:00 [INFO] (codacy-cli-v2/cmd/analyze.go:360) Config file found for tool tool=trivy toolConfigPath=.codacy/tools-configs/trivy.yaml
2026/07/10 18:25:54 Tool failed to run: failed to run Trivy: exit status 1
2026-07-10T18:29:54+02:00 [INFO] (codacy-cli-v2/cli-v2.go:27) Starting Codacy CLI version=1.0.0-main.380.sha.27e119a (27e119a) built at 2026-06-11T09:54:47Z
2026-07-10T18:29:54+02:00 [INFO] (codacy-cli-v2/cmd/root.go:34) Executing CLI command command=analyze full_command=[/Users/Andreas/Library/Caches/Codacy/codacy-cli-v2/1.0.0-main.380.sha.27e119a/codacy-cli-v2 analyze /Users/Andreas/GitHub/gaia/.vscode/mcp.json --format sarif] args=[/Users/Andreas/GitHub/gaia/.vscode/mcp.json]
2026/07/10 18:29:54 Running all configured tools...
2026/07/10 18:29:54 Skipping lizard as it doesn't support the specified file(s)
2026/07/10 18:29:54 Skipping opengrep as it doesn't support the specified file(s)
2026/07/10 18:29:54 Skipping pmd as it doesn't support the specified file(s)
2026/07/10 18:29:54 Skipping pylint as it doesn't support the specified file(s)
2026/07/10 18:29:54 Skipping revive as it doesn't support the specified file(s)
2026/07/10 18:29:54 Skipping dartanalyzer as it doesn't support the specified file(s)
2026/07/10 18:29:54 Skipping eslint as it doesn't support the specified file(s)
2026/07/10 18:29:54 Running tools for the specified file(s)...
2026/07/10 18:29:54 Running trivy...
2026-07-10T18:29:54+02:00 [INFO] (codacy-cli-v2/cmd/analyze.go:360) Config file found for tool tool=trivy toolConfigPath=.codacy/tools-configs/trivy.yaml
2026/07/10 18:29:55 Tool failed to run: failed to run Trivy: exit status 1
2026-07-10T18:33:53+02:00 [INFO] (codacy-cli-v2/cli-v2.go:27) Starting Codacy CLI version=1.0.0-main.380.sha.27e119a (27e119a) built at 2026-06-11T09:54:47Z
2026-07-10T18:33:53+02:00 [INFO] (codacy-cli-v2/cmd/root.go:34) Executing CLI command full_command=[/Users/Andreas/Library/Caches/Codacy/codacy-cli-v2/1.0.0-main.380.sha.27e119a/codacy-cli-v2 analyze /Users/Andreas/GitHub/hemera/.vscode/mcp.json --format sarif] args=[/Users/Andreas/GitHub/hemera/.vscode/mcp.json] command=analyze
2026/07/10 18:33:53 Running all configured tools...
2026/07/10 18:33:53 Skipping pmd as it doesn't support the specified file(s)
2026/07/10 18:33:53 Skipping pylint as it doesn't support the specified file(s)
2026/07/10 18:33:53 Skipping revive as it doesn't support the specified file(s)
2026/07/10 18:33:53 Skipping dartanalyzer as it doesn't support the specified file(s)
2026/07/10 18:33:53 Skipping eslint as it doesn't support the specified file(s)
2026/07/10 18:33:53 Skipping lizard as it doesn't support the specified file(s)
2026/07/10 18:33:53 Skipping opengrep as it doesn't support the specified file(s)
2026/07/10 18:33:53 Running tools for the specified file(s)...
2026/07/10 18:33:53 Running trivy...
2026-07-10T18:33:53+02:00 [INFO] (codacy-cli-v2/cmd/analyze.go:360) Config file found for tool tool=trivy toolConfigPath=.codacy/tools-configs/trivy.yaml
2026/07/10 18:33:54 Tool failed to run: failed to run Trivy: exit status 1
2026-07-10T18:37:53+02:00 [INFO] (codacy-cli-v2/cli-v2.go:27) Starting Codacy CLI version=1.0.0-main.380.sha.27e119a (27e119a) built at 2026-06-11T09:54:47Z
2026-07-10T18:37:53+02:00 [INFO] (codacy-cli-v2/cmd/root.go:34) Executing CLI command full_command=[/Users/Andreas/Library/Caches/Codacy/codacy-cli-v2/1.0.0-main.380.sha.27e119a/codacy-cli-v2 analyze /Users/Andreas/GitHub/aither/.vscode/mcp.json --format sarif] args=[/Users/Andreas/GitHub/aither/.vscode/mcp.json] command=analyze
2026/07/10 18:37:53 Running all configured tools...
2026/07/10 18:37:53 Skipping pylint as it doesn't support the specified file(s)
2026/07/10 18:37:53 Skipping revive as it doesn't support the specified file(s)
2026/07/10 18:37:53 Skipping dartanalyzer as it doesn't support the specified file(s)
2026/07/10 18:37:53 Skipping eslint as it doesn't support the specified file(s)
2026/07/10 18:37:53 Skipping lizard as it doesn't support the specified file(s)
2026/07/10 18:37:53 Skipping opengrep as it doesn't support the specified file(s)
2026/07/10 18:37:53 Skipping pmd as it doesn't support the specified file(s)
2026/07/10 18:37:53 Running tools for the specified file(s)...
2026/07/10 18:37:53 Running trivy...
2026-07-10T18:37:53+02:00 [INFO] (codacy-cli-v2/cmd/analyze.go:360) Config file found for tool tool=trivy toolConfigPath=.codacy/tools-configs/trivy.yaml
2026/07/10 18:37:54 Tool failed to run: failed to run Trivy: exit status 1
2026-07-10T18:41:54+02:00 [INFO] (codacy-cli-v2/cli-v2.go:27) Starting Codacy CLI version=1.0.0-main.380.sha.27e119a (27e119a) built at 2026-06-11T09:54:47Z
2026-07-10T18:41:54+02:00 [INFO] (codacy-cli-v2/cmd/root.go:34) Executing CLI command command=analyze full_command=[/Users/Andreas/Library/Caches/Codacy/codacy-cli-v2/1.0.0-main.380.sha.27e119a/codacy-cli-v2 analyze /Users/Andreas/GitHub/thalassa/.vscode/mcp.json --format sarif] args=[/Users/Andreas/GitHub/thalassa/.vscode/mcp.json]
2026/07/10 18:41:54 Running all configured tools...
2026/07/10 18:41:54 Skipping opengrep as it doesn't support the specified file(s)
2026/07/10 18:41:54 Skipping pmd as it doesn't support the specified file(s)
2026/07/10 18:41:54 Skipping pylint as it doesn't support the specified file(s)
2026/07/10 18:41:54 Skipping revive as it doesn't support the specified file(s)
2026/07/10 18:41:54 Skipping dartanalyzer as it doesn't support the specified file(s)
2026/07/10 18:41:54 Skipping eslint as it doesn't support the specified file(s)
2026/07/10 18:41:54 Skipping lizard as it doesn't support the specified file(s)
2026/07/10 18:41:54 Running tools for the specified file(s)...
2026/07/10 18:41:54 Running trivy...
2026-07-10T18:41:54+02:00 [INFO] (codacy-cli-v2/cmd/analyze.go:360) Config file found for tool tool=trivy toolConfigPath=.codacy/tools-configs/trivy.yaml
2026/07/10 18:41:55 Tool failed to run: failed to run Trivy: exit status 1
2026-07-10T18:45:54+02:00 [INFO] (codacy-cli-v2/cli-v2.go:27) Starting Codacy CLI version=1.0.0-main.380.sha.27e119a (27e119a) built at 2026-06-11T09:54:47Z
2026-07-10T18:45:54+02:00 [INFO] (codacy-cli-v2/cmd/root.go:34) Executing CLI command args=[/Users/Andreas/GitHub/gaia/.vscode/mcp.json] command=analyze full_command=[/Users/Andreas/Library/Caches/Codacy/codacy-cli-v2/1.0.0-main.380.sha.27e119a/codacy-cli-v2 analyze /Users/Andreas/GitHub/gaia/.vscode/mcp.json --format sarif]
2026/07/10 18:45:54 Running all configured tools...
2026/07/10 18:45:54 Skipping lizard as it doesn't support the specified file(s)
2026/07/10 18:45:54 Skipping opengrep as it doesn't support the specified file(s)
2026/07/10 18:45:54 Skipping pmd as it doesn't support the specified file(s)
2026/07/10 18:45:54 Skipping pylint as it doesn't support the specified file(s)
2026/07/10 18:45:54 Skipping revive as it doesn't support the specified file(s)
2026/07/10 18:45:54 Skipping dartanalyzer as it doesn't support the specified file(s)
2026/07/10 18:45:54 Skipping eslint as it doesn't support the specified file(s)
2026/07/10 18:45:54 Running tools for the specified file(s)...
2026/07/10 18:45:54 Running trivy...
2026-07-10T18:45:54+02:00 [INFO] (codacy-cli-v2/cmd/analyze.go:360) Config file found for tool tool=trivy toolConfigPath=.codacy/tools-configs/trivy.yaml
2026/07/10 18:45:54 Tool failed to run: failed to run Trivy: exit status 1
2026-07-10T18:48:55+02:00 [INFO] (codacy-cli-v2/cli-v2.go:27) Starting Codacy CLI version=1.0.0-main.380.sha.27e119a (27e119a) built at 2026-06-11T09:54:47Z
2026-07-10T18:48:55+02:00 [INFO] (codacy-cli-v2/cmd/root.go:34) Executing CLI command args=[/Users/Andreas/GitHub/aither/.vscode/mcp.json] command=analyze full_command=[/Users/Andreas/Library/Caches/Codacy/codacy-cli-v2/1.0.0-main.380.sha.27e119a/codacy-cli-v2 analyze /Users/Andreas/GitHub/aither/.vscode/mcp.json --format sarif]
2026/07/10 18:48:55 Running all configured tools...
2026/07/10 18:48:55 Skipping revive as it doesn't support the specified file(s)
2026/07/10 18:48:55 Skipping dartanalyzer as it doesn't support the specified file(s)
2026/07/10 18:48:55 Skipping eslint as it doesn't support the specified file(s)
2026/07/10 18:48:55 Skipping lizard as it doesn't support the specified file(s)
2026/07/10 18:48:55 Skipping opengrep as it doesn't support the specified file(s)
2026/07/10 18:48:55 Skipping pmd as it doesn't support the specified file(s)
2026/07/10 18:48:55 Skipping pylint as it doesn't support the specified file(s)
2026/07/10 18:48:55 Running tools for the specified file(s)...
2026/07/10 18:48:55 Running trivy...
2026-07-10T18:48:55+02:00 [INFO] (codacy-cli-v2/cmd/analyze.go:360) Config file found for tool toolConfigPath=.codacy/tools-configs/trivy.yaml tool=trivy
2026/07/10 18:48:56 Tool failed to run: failed to run Trivy: exit status 1
2026-07-10T18:51:55+02:00 [INFO] (codacy-cli-v2/cli-v2.go:27) Starting Codacy CLI version=1.0.0-main.380.sha.27e119a (27e119a) built at 2026-06-11T09:54:47Z
2026-07-10T18:51:55+02:00 [INFO] (codacy-cli-v2/cmd/root.go:34) Executing CLI command command=analyze full_command=[/Users/Andreas/Library/Caches/Codacy/codacy-cli-v2/1.0.0-main.380.sha.27e119a/codacy-cli-v2 analyze /Users/Andreas/GitHub/aither/.vscode/mcp.json --format sarif] args=[/Users/Andreas/GitHub/aither/.vscode/mcp.json]
2026/07/10 18:51:55 Running all configured tools...
2026/07/10 18:51:55 Skipping opengrep as it doesn't support the specified file(s)
2026/07/10 18:51:55 Skipping pmd as it doesn't support the specified file(s)
2026/07/10 18:51:55 Skipping pylint as it doesn't support the specified file(s)
2026/07/10 18:51:55 Skipping revive as it doesn't support the specified file(s)
2026/07/10 18:51:55 Skipping dartanalyzer as it doesn't support the specified file(s)
2026/07/10 18:51:55 Skipping eslint as it doesn't support the specified file(s)
2026/07/10 18:51:55 Skipping lizard as it doesn't support the specified file(s)
2026/07/10 18:51:55 Running tools for the specified file(s)...
2026/07/10 18:51:55 Running trivy...
2026-07-10T18:51:55+02:00 [INFO] (codacy-cli-v2/cmd/analyze.go:360) Config file found for tool tool=trivy toolConfigPath=.codacy/tools-configs/trivy.yaml
2026/07/10 18:51:56 Tool failed to run: failed to run Trivy: exit status 1
2026-07-10T18:54:58+02:00 [INFO] (codacy-cli-v2/cli-v2.go:27) Starting Codacy CLI version=1.0.0-main.380.sha.27e119a (27e119a) built at 2026-06-11T09:54:47Z
2026-07-10T18:54:58+02:00 [INFO] (codacy-cli-v2/cmd/root.go:34) Executing CLI command command=analyze full_command=[/Users/Andreas/Library/Caches/Codacy/codacy-cli-v2/1.0.0-main.380.sha.27e119a/codacy-cli-v2 analyze /Users/Andreas/GitHub/thalassa/.vscode/mcp.json --format sarif] args=[/Users/Andreas/GitHub/thalassa/.vscode/mcp.json]
2026/07/10 18:54:58 Running all configured tools...
2026/07/10 18:54:58 Skipping pylint as it doesn't support the specified file(s)
2026/07/10 18:54:58 Skipping revive as it doesn't support the specified file(s)
2026/07/10 18:54:58 Skipping dartanalyzer as it doesn't support the specified file(s)
2026/07/10 18:54:58 Skipping eslint as it doesn't support the specified file(s)
2026/07/10 18:54:58 Skipping lizard as it doesn't support the specified file(s)
2026/07/10 18:54:58 Skipping opengrep as it doesn't support the specified file(s)
2026/07/10 18:54:58 Skipping pmd as it doesn't support the specified file(s)
2026/07/10 18:54:58 Running tools for the specified file(s)...
2026/07/10 18:54:58 Running trivy...
2026-07-10T18:54:58+02:00 [INFO] (codacy-cli-v2/cmd/analyze.go:360) Config file found for tool tool=trivy toolConfigPath=.codacy/tools-configs/trivy.yaml
2026/07/10 18:54:58 Tool failed to run: failed to run Trivy: exit status 1
2026-07-10T18:57:58+02:00 [INFO] (codacy-cli-v2/cli-v2.go:27) Starting Codacy CLI version=1.0.0-main.380.sha.27e119a (27e119a) built at 2026-06-11T09:54:47Z
2026-07-10T18:57:59+02:00 [INFO] (codacy-cli-v2/cmd/root.go:34) Executing CLI command command=analyze full_command=[/Users/Andreas/Library/Caches/Codacy/codacy-cli-v2/1.0.0-main.380.sha.27e119a/codacy-cli-v2 analyze /Users/Andreas/GitHub/thalassa/.vscode/mcp.json --format sarif] args=[/Users/Andreas/GitHub/thalassa/.vscode/mcp.json]
2026/07/10 18:57:59 Running all configured tools...
2026/07/10 18:57:59 Skipping lizard as it doesn't support the specified file(s)
2026/07/10 18:57:59 Skipping opengrep as it doesn't support the specified file(s)
2026/07/10 18:57:59 Skipping pmd as it doesn't support the specified file(s)
2026/07/10 18:57:59 Skipping pylint as it doesn't support the specified file(s)
2026/07/10 18:57:59 Skipping revive as it doesn't support the specified file(s)
2026/07/10 18:57:59 Skipping dartanalyzer as it doesn't support the specified file(s)
2026/07/10 18:57:59 Skipping eslint as it doesn't support the specified file(s)
2026/07/10 18:57:59 Running tools for the specified file(s)...
2026/07/10 18:57:59 Running trivy...
2026-07-10T18:57:59+02:00 [INFO] (codacy-cli-v2/cmd/analyze.go:360) Config file found for tool tool=trivy toolConfigPath=.codacy/tools-configs/trivy.yaml
2026/07/10 18:57:59 Tool failed to run: failed to run Trivy: exit status 1
2026-07-10T18:58:58+02:00 [INFO] (codacy-cli-v2/cli-v2.go:27) Starting Codacy CLI version=1.0.0-main.380.sha.27e119a (27e119a) built at 2026-06-11T09:54:47Z
2026-07-10T18:58:58+02:00 [INFO] (codacy-cli-v2/cmd/root.go:34) Executing CLI command args=[/Users/Andreas/Library/Application Support/Code/User/prompts/push.prompt.md] command=analyze full_command=[/Users/Andreas/Library/Caches/Codacy/codacy-cli-v2/1.0.0-main.380.sha.27e119a/codacy-cli-v2 analyze /Users/Andreas/Library/Application Support/Code/User/prompts/push.prompt.md --format sarif]
2026/07/10 18:58:58 Running all configured tools...
2026/07/10 18:58:58 Skipping revive as it doesn't support the specified file(s)
2026/07/10 18:58:58 Skipping trivy as it doesn't support the specified file(s)
2026/07/10 18:58:58 Skipping dartanalyzer as it doesn't support the specified file(s)
2026/07/10 18:58:58 Skipping eslint as it doesn't support the specified file(s)
2026/07/10 18:58:58 Skipping lizard as it doesn't support the specified file(s)
2026/07/10 18:58:58 Skipping opengrep as it doesn't support the specified file(s)
2026/07/10 18:58:58 Skipping pmd as it doesn't support the specified file(s)
2026/07/10 18:58:58 Skipping pylint as it doesn't support the specified file(s)
2026/07/10 18:58:58 No tools support the specified file(s). Skipping analysis.
2026-07-10T18:59:05+02:00 [INFO] (codacy-cli-v2/cli-v2.go:27) Starting Codacy CLI version=1.0.0-main.380.sha.27e119a (27e119a) built at 2026-06-11T09:54:47Z
2026-07-10T18:59:05+02:00 [INFO] (codacy-cli-v2/cmd/root.go:34) Executing CLI command args=[/Users/Andreas/Library/Application Support/Code/User/prompts/push.prompt.md] command=analyze full_command=[/Users/Andreas/Library/Caches/Codacy/codacy-cli-v2/1.0.0-main.380.sha.27e119a/codacy-cli-v2 analyze /Users/Andreas/Library/Application Support/Code/User/prompts/push.prompt.md --format sarif]
2026/07/10 18:59:05 Running all configured tools...
2026/07/10 18:59:05 Skipping trivy as it doesn't support the specified file(s)
2026/07/10 18:59:05 Skipping dartanalyzer as it doesn't support the specified file(s)
2026/07/10 18:59:05 Skipping eslint as it doesn't support the specified file(s)
2026/07/10 18:59:05 Skipping lizard as it doesn't support the specified file(s)
2026/07/10 18:59:05 Skipping opengrep as it doesn't support the specified file(s)
2026/07/10 18:59:05 Skipping pmd as it doesn't support the specified file(s)
2026/07/10 18:59:05 Skipping pylint as it doesn't support the specified file(s)
2026/07/10 18:59:05 Skipping revive as it doesn't support the specified file(s)
2026/07/10 18:59:05 No tools support the specified file(s). Skipping analysis.
2026-07-10T18:59:14+02:00 [INFO] (codacy-cli-v2/cli-v2.go:27) Starting Codacy CLI version=1.0.0-main.380.sha.27e119a (27e119a) built at 2026-06-11T09:54:47Z
2026-07-10T18:59:14+02:00 [INFO] (codacy-cli-v2/cmd/root.go:34) Executing CLI command command=analyze full_command=[/Users/Andreas/Library/Caches/Codacy/codacy-cli-v2/1.0.0-main.380.sha.27e119a/codacy-cli-v2 analyze /Users/Andreas/Library/Application Support/Code/User/settings.json --format sarif] args=[/Users/Andreas/Library/Application Support/Code/User/settings.json]
2026/07/10 18:59:14 Running all configured tools...
2026/07/10 18:59:14 Skipping dartanalyzer as it doesn't support the specified file(s)
2026/07/10 18:59:14 Skipping eslint as it doesn't support the specified file(s)
2026/07/10 18:59:14 Skipping lizard as it doesn't support the specified file(s)
2026/07/10 18:59:14 Skipping opengrep as it doesn't support the specified file(s)
2026/07/10 18:59:14 Skipping pmd as it doesn't support the specified file(s)
2026/07/10 18:59:14 Skipping pylint as it doesn't support the specified file(s)
2026/07/10 18:59:14 Skipping revive as it doesn't support the specified file(s)
2026/07/10 18:59:14 Running tools for the specified file(s)...
2026/07/10 18:59:14 Running trivy...
2026-07-10T18:59:14+02:00 [INFO] (codacy-cli-v2/cmd/analyze.go:360) Config file found for tool tool=trivy toolConfigPath=.codacy/tools-configs/trivy.yaml
2026/07/10 18:59:15 Tool failed to run: failed to run Trivy: exit status 1
2026-07-10T18:59:42+02:00 [INFO] (codacy-cli-v2/cli-v2.go:27) Starting Codacy CLI version=1.0.0-main.380.sha.27e119a (27e119a) built at 2026-06-11T09:54:47Z
2026-07-10T18:59:42+02:00 [INFO] (codacy-cli-v2/cmd/root.go:34) Executing CLI command command=analyze full_command=[/Users/Andreas/Library/Caches/Codacy/codacy-cli-v2/1.0.0-main.380.sha.27e119a/codacy-cli-v2 analyze /Users/Andreas/Library/Application Support/Code/User/prompts/push.prompt.md --format sarif] args=[/Users/Andreas/Library/Application Support/Code/User/prompts/push.prompt.md]
2026/07/10 18:59:42 Running all configured tools...
2026/07/10 18:59:42 Skipping opengrep as it doesn't support the specified file(s)
2026/07/10 18:59:42 Skipping pmd as it doesn't support the specified file(s)
2026/07/10 18:59:42 Skipping pylint as it doesn't support the specified file(s)
2026/07/10 18:59:42 Skipping revive as it doesn't support the specified file(s)
2026/07/10 18:59:42 Skipping trivy as it doesn't support the specified file(s)
2026/07/10 18:59:42 Skipping dartanalyzer as it doesn't support the specified file(s)
2026/07/10 18:59:42 Skipping eslint as it doesn't support the specified file(s)
2026/07/10 18:59:42 Skipping lizard as it doesn't support the specified file(s)
2026/07/10 18:59:42 No tools support the specified file(s). Skipping analysis.
2026-07-10T18:59:55+02:00 [INFO] (codacy-cli-v2/cli-v2.go:27) Starting Codacy CLI version=1.0.0-main.380.sha.27e119a (27e119a) built at 2026-06-11T09:54:47Z
2026-07-10T18:59:55+02:00 [INFO] (codacy-cli-v2/cmd/root.go:34) Executing CLI command full_command=[/Users/Andreas/Library/Caches/Codacy/codacy-cli-v2/1.0.0-main.380.sha.27e119a/codacy-cli-v2 analyze /Users/Andreas/Library/Application Support/Code/User/prompts/push.prompt.md --format sarif] args=[/Users/Andreas/Library/Application Support/Code/User/prompts/push.prompt.md] command=analyze
2026/07/10 18:59:55 Running all configured tools...
2026/07/10 18:59:55 Skipping pylint as it doesn't support the specified file(s)
2026/07/10 18:59:55 Skipping revive as it doesn't support the specified file(s)
2026/07/10 18:59:55 Skipping trivy as it doesn't support the specified file(s)
2026/07/10 18:59:55 Skipping dartanalyzer as it doesn't support the specified file(s)
2026/07/10 18:59:55 Skipping eslint as it doesn't support the specified file(s)
2026/07/10 18:59:55 Skipping lizard as it doesn't support the specified file(s)
2026/07/10 18:59:55 Skipping opengrep as it doesn't support the specified file(s)
2026/07/10 18:59:55 Skipping pmd as it doesn't support the specified file(s)
2026/07/10 18:59:55 No tools support the specified file(s). Skipping analysis.
2026-07-10T19:00:59+02:00 [INFO] (codacy-cli-v2/cli-v2.go:27) Starting Codacy CLI version=1.0.0-main.380.sha.27e119a (27e119a) built at 2026-06-11T09:54:47Z
2026-07-10T19:00:59+02:00 [INFO] (codacy-cli-v2/cmd/root.go:34) Executing CLI command args=[/Users/Andreas/GitHub/thalassa/.vscode/mcp.json] command=analyze full_command=[/Users/Andreas/Library/Caches/Codacy/codacy-cli-v2/1.0.0-main.380.sha.27e119a/codacy-cli-v2 analyze /Users/Andreas/GitHub/thalassa/.vscode/mcp.json --format sarif]
2026/07/10 19:00:59 Running all configured tools...
2026/07/10 19:00:59 Skipping pylint as it doesn't support the specified file(s)
2026/07/10 19:00:59 Skipping revive as it doesn't support the specified file(s)
2026/07/10 19:00:59 Skipping dartanalyzer as it doesn't support the specified file(s)
2026/07/10 19:00:59 Skipping eslint as it doesn't support the specified file(s)
2026/07/10 19:00:59 Skipping lizard as it doesn't support the specified file(s)
2026/07/10 19:00:59 Skipping opengrep as it doesn't support the specified file(s)
2026/07/10 19:00:59 Skipping pmd as it doesn't support the specified file(s)
2026/07/10 19:00:59 Running tools for the specified file(s)...
2026/07/10 19:00:59 Running trivy...
2026-07-10T19:00:59+02:00 [INFO] (codacy-cli-v2/cmd/analyze.go:360) Config file found for tool tool=trivy toolConfigPath=.codacy/tools-configs/trivy.yaml
2026/07/10 19:01:00 Tool failed to run: failed to run Trivy: exit status 1
2026-07-10T19:01:16+02:00 [INFO] (codacy-cli-v2/cli-v2.go:27) Starting Codacy CLI version=1.0.0-main.380.sha.27e119a (27e119a) built at 2026-06-11T09:54:47Z
2026-07-10T19:01:16+02:00 [INFO] (codacy-cli-v2/cmd/root.go:34) Executing CLI command args=[/Users/Andreas/GitHub/aither/.github/prompts/push.prompt.md] command=analyze full_command=[/Users/Andreas/Library/Caches/Codacy/codacy-cli-v2/1.0.0-main.380.sha.27e119a/codacy-cli-v2 analyze /Users/Andreas/GitHub/aither/.github/prompts/push.prompt.md --format sarif]
2026/07/10 19:01:16 Running all configured tools...
2026/07/10 19:01:16 Skipping lizard as it doesn't support the specified file(s)
2026/07/10 19:01:16 Skipping opengrep as it doesn't support the specified file(s)
2026/07/10 19:01:16 Skipping pmd as it doesn't support the specified file(s)
2026/07/10 19:01:16 Skipping pylint as it doesn't support the specified file(s)
2026/07/10 19:01:16 Skipping revive as it doesn't support the specified file(s)
2026/07/10 19:01:16 Skipping trivy as it doesn't support the specified file(s)
2026/07/10 19:01:16 Skipping dartanalyzer as it doesn't support the specified file(s)
2026/07/10 19:01:16 Skipping eslint as it doesn't support the specified file(s)
2026/07/10 19:01:16 No tools support the specified file(s). Skipping analysis.
2026-07-10T19:01:34+02:00 [INFO] (codacy-cli-v2/cli-v2.go:27) Starting Codacy CLI version=1.0.0-main.380.sha.27e119a (27e119a) built at 2026-06-11T09:54:47Z
2026-07-10T19:01:34+02:00 [INFO] (codacy-cli-v2/cmd/root.go:34) Executing CLI command args=[/Users/Andreas/Library/Application Support/Code/User/prompts/push.prompt.md] command=analyze full_command=[/Users/Andreas/Library/Caches/Codacy/codacy-cli-v2/1.0.0-main.380.sha.27e119a/codacy-cli-v2 analyze /Users/Andreas/Library/Application Support/Code/User/prompts/push.prompt.md --format sarif]
2026/07/10 19:01:34 Running all configured tools...
2026/07/10 19:01:34 Skipping dartanalyzer as it doesn't support the specified file(s)
2026/07/10 19:01:34 Skipping eslint as it doesn't support the specified file(s)
2026/07/10 19:01:34 Skipping lizard as it doesn't support the specified file(s)
2026/07/10 19:01:34 Skipping opengrep as it doesn't support the specified file(s)
2026/07/10 19:01:34 Skipping pmd as it doesn't support the specified file(s)
2026/07/10 19:01:34 Skipping pylint as it doesn't support the specified file(s)
2026/07/10 19:01:34 Skipping revive as it doesn't support the specified file(s)
2026/07/10 19:01:34 Skipping trivy as it doesn't support the specified file(s)
2026/07/10 19:01:34 No tools support the specified file(s). Skipping analysis.
2026-07-10T19:02:02+02:00 [INFO] (codacy-cli-v2/cli-v2.go:27) Starting Codacy CLI version=1.0.0-main.380.sha.27e119a (27e119a) built at 2026-06-11T09:54:47Z
2026-07-10T19:02:02+02:00 [INFO] (codacy-cli-v2/cmd/root.go:34) Executing CLI command args=[/Users/Andreas/GitHub/hemera/package.json] command=analyze full_command=[/Users/Andreas/Library/Caches/Codacy/codacy-cli-v2/1.0.0-main.380.sha.27e119a/codacy-cli-v2 analyze /Users/Andreas/GitHub/hemera/package.json --format sarif]
2026/07/10 19:02:02 Running all configured tools...
2026/07/10 19:02:02 Skipping dartanalyzer as it doesn't support the specified file(s)
2026/07/10 19:02:02 Skipping eslint as it doesn't support the specified file(s)
2026/07/10 19:02:02 Skipping lizard as it doesn't support the specified file(s)
2026/07/10 19:02:02 Skipping opengrep as it doesn't support the specified file(s)
2026/07/10 19:02:02 Skipping pmd as it doesn't support the specified file(s)
2026/07/10 19:02:02 Skipping pylint as it doesn't support the specified file(s)
2026/07/10 19:02:02 Skipping revive as it doesn't support the specified file(s)
2026/07/10 19:02:02 Running tools for the specified file(s)...
2026/07/10 19:02:02 Running trivy...
2026-07-10T19:02:02+02:00 [INFO] (codacy-cli-v2/cmd/analyze.go:360) Config file found for tool tool=trivy toolConfigPath=.codacy/tools-configs/trivy.yaml
2026/07/10 19:02:03 Tool failed to run: failed to run Trivy: exit status 1
2026-07-10T19:03:43+02:00 [INFO] (codacy-cli-v2/cli-v2.go:27) Starting Codacy CLI version=1.0.0-main.380.sha.27e119a (27e119a) built at 2026-06-11T09:54:47Z
2026-07-10T19:03:43+02:00 [INFO] (codacy-cli-v2/cmd/root.go:34) Executing CLI command command=analyze full_command=[/Users/Andreas/Library/Caches/Codacy/codacy-cli-v2/1.0.0-main.380.sha.27e119a/codacy-cli-v2 analyze /Users/Andreas/GitHub/thalassa/.github/prompts/push.prompt.md --format sarif] args=[/Users/Andreas/GitHub/thalassa/.github/prompts/push.prompt.md]
2026/07/10 19:03:43 Running all configured tools...
2026/07/10 19:03:43 Skipping pmd as it doesn't support the specified file(s)
2026/07/10 19:03:43 Skipping pylint as it doesn't support the specified file(s)
2026/07/10 19:03:43 Skipping revive as it doesn't support the specified file(s)
2026/07/10 19:03:43 Skipping trivy as it doesn't support the specified file(s)
2026/07/10 19:03:43 Skipping dartanalyzer as it doesn't support the specified file(s)
2026/07/10 19:03:43 Skipping eslint as it doesn't support the specified file(s)
2026/07/10 19:03:43 Skipping lizard as it doesn't support the specified file(s)
2026/07/10 19:03:43 Skipping opengrep as it doesn't support the specified file(s)
2026/07/10 19:03:43 No tools support the specified file(s). Skipping analysis.
2026-07-10T19:03:58+02:00 [INFO] (codacy-cli-v2/cli-v2.go:27) Starting Codacy CLI version=1.0.0-main.380.sha.27e119a (27e119a) built at 2026-06-11T09:54:47Z
2026-07-10T19:03:58+02:00 [INFO] (codacy-cli-v2/cmd/root.go:34) Executing CLI command command=analyze full_command=[/Users/Andreas/Library/Caches/Codacy/codacy-cli-v2/1.0.0-main.380.sha.27e119a/codacy-cli-v2 analyze /Users/Andreas/GitHub/gaia/.vscode/mcp.json --format sarif] args=[/Users/Andreas/GitHub/gaia/.vscode/mcp.json]
2026/07/10 19:03:58 Running all configured tools...
2026/07/10 19:03:58 Skipping lizard as it doesn't support the specified file(s)
2026/07/10 19:03:58 Skipping opengrep as it doesn't support the specified file(s)
2026/07/10 19:03:58 Skipping pmd as it doesn't support the specified file(s)
2026/07/10 19:03:58 Skipping pylint as it doesn't support the specified file(s)
2026/07/10 19:03:58 Skipping revive as it doesn't support the specified file(s)
2026/07/10 19:03:58 Skipping dartanalyzer as it doesn't support the specified file(s)
2026/07/10 19:03:58 Skipping eslint as it doesn't support the specified file(s)
2026/07/10 19:03:58 Running tools for the specified file(s)...
2026/07/10 19:03:58 Running trivy...
2026-07-10T19:03:58+02:00 [INFO] (codacy-cli-v2/cmd/analyze.go:360) Config file found for tool tool=trivy toolConfigPath=.codacy/tools-configs/trivy.yaml
2026/07/10 19:03:59 Tool failed to run: failed to run Trivy: exit status 1
2026-07-10T19:04:01+02:00 [INFO] (codacy-cli-v2/cli-v2.go:27) Starting Codacy CLI version=1.0.0-main.380.sha.27e119a (27e119a) built at 2026-06-11T09:54:47Z
2026-07-10T19:04:01+02:00 [INFO] (codacy-cli-v2/cmd/root.go:34) Executing CLI command full_command=[/Users/Andreas/Library/Caches/Codacy/codacy-cli-v2/1.0.0-main.380.sha.27e119a/codacy-cli-v2 analyze /Users/Andreas/GitHub/thalassa/.vscode/mcp.json --format sarif] args=[/Users/Andreas/GitHub/thalassa/.vscode/mcp.json] command=analyze
2026/07/10 19:04:01 Running all configured tools...
2026/07/10 19:04:01 Skipping pylint as it doesn't support the specified file(s)
2026/07/10 19:04:01 Skipping revive as it doesn't support the specified file(s)
2026/07/10 19:04:01 Skipping dartanalyzer as it doesn't support the specified file(s)
2026/07/10 19:04:01 Skipping eslint as it doesn't support the specified file(s)
2026/07/10 19:04:01 Skipping lizard as it doesn't support the specified file(s)
2026/07/10 19:04:01 Skipping opengrep as it doesn't support the specified file(s)
2026/07/10 19:04:01 Skipping pmd as it doesn't support the specified file(s)
2026/07/10 19:04:01 Running tools for the specified file(s)...
2026/07/10 19:04:01 Running trivy...
2026-07-10T19:04:01+02:00 [INFO] (codacy-cli-v2/cmd/analyze.go:360) Config file found for tool tool=trivy toolConfigPath=.codacy/tools-configs/trivy.yaml
2026/07/10 19:04:01 Tool failed to run: failed to run Trivy: exit status 1
2026-07-10T19:06:58+02:00 [INFO] (codacy-cli-v2/cli-v2.go:27) Starting Codacy CLI version=1.0.0-main.380.sha.27e119a (27e119a) built at 2026-06-11T09:54:47Z
2026-07-10T19:06:58+02:00 [INFO] (codacy-cli-v2/cmd/root.go:34) Executing CLI command command=analyze full_command=[/Users/Andreas/Library/Caches/Codacy/codacy-cli-v2/1.0.0-main.380.sha.27e119a/codacy-cli-v2 analyze /Users/Andreas/GitHub/gaia/.vscode/mcp.json --format sarif] args=[/Users/Andreas/GitHub/gaia/.vscode/mcp.json]
2026/07/10 19:06:58 Running all configured tools...
2026/07/10 19:06:58 Skipping opengrep as it doesn't support the specified file(s)
2026/07/10 19:06:58 Skipping pmd as it doesn't support the specified file(s)
2026/07/10 19:06:58 Skipping pylint as it doesn't support the specified file(s)
2026/07/10 19:06:58 Skipping revive as it doesn't support the specified file(s)
2026/07/10 19:06:58 Skipping dartanalyzer as it doesn't support the specified file(s)
2026/07/10 19:06:58 Skipping eslint as it doesn't support the specified file(s)
2026/07/10 19:06:58 Skipping lizard as it doesn't support the specified file(s)
2026/07/10 19:06:58 Running tools for the specified file(s)...
2026/07/10 19:06:58 Running trivy...
2026-07-10T19:06:58+02:00 [INFO] (codacy-cli-v2/cmd/analyze.go:360) Config file found for tool toolConfigPath=.codacy/tools-configs/trivy.yaml tool=trivy
2026/07/10 19:06:59 Tool failed to run: failed to run Trivy: exit status 1
2026-07-10T19:07:01+02:00 [INFO] (codacy-cli-v2/cli-v2.go:27) Starting Codacy CLI version=1.0.0-main.380.sha.27e119a (27e119a) built at 2026-06-11T09:54:47Z
2026-07-10T19:07:01+02:00 [INFO] (codacy-cli-v2/cmd/root.go:34) Executing CLI command command=analyze full_command=[/Users/Andreas/Library/Caches/Codacy/codacy-cli-v2/1.0.0-main.380.sha.27e119a/codacy-cli-v2 analyze /Users/Andreas/GitHub/thalassa/.vscode/mcp.json --format sarif] args=[/Users/Andreas/GitHub/thalassa/.vscode/mcp.json]
2026/07/10 19:07:01 Running all configured tools...
2026/07/10 19:07:01 Skipping revive as it doesn't support the specified file(s)
2026/07/10 19:07:01 Skipping dartanalyzer as it doesn't support the specified file(s)
2026/07/10 19:07:01 Skipping eslint as it doesn't support the specified file(s)
2026/07/10 19:07:01 Skipping lizard as it doesn't support the specified file(s)
2026/07/10 19:07:01 Skipping opengrep as it doesn't support the specified file(s)
2026/07/10 19:07:01 Skipping pmd as it doesn't support the specified file(s)
2026/07/10 19:07:01 Skipping pylint as it doesn't support the specified file(s)
2026/07/10 19:07:01 Running tools for the specified file(s)...
2026/07/10 19:07:01 Running trivy...
2026-07-10T19:07:01+02:00 [INFO] (codacy-cli-v2/cmd/analyze.go:360) Config file found for tool tool=trivy toolConfigPath=.codacy/tools-configs/trivy.yaml
2026/07/10 19:07:02 Tool failed to run: failed to run Trivy: exit status 1
2026-07-10T19:07:31+02:00 [INFO] (codacy-cli-v2/cli-v2.go:27) Starting Codacy CLI version=1.0.0-main.380.sha.27e119a (27e119a) built at 2026-06-11T09:54:47Z
2026-07-10T19:07:31+02:00 [INFO] (codacy-cli-v2/cmd/root.go:34) Executing CLI command command=analyze full_command=[/Users/Andreas/Library/Caches/Codacy/codacy-cli-v2/1.0.0-main.380.sha.27e119a/codacy-cli-v2 analyze /Users/Andreas/Library/Application Support/Code/User/prompts/push.prompt.md --format sarif] args=[/Users/Andreas/Library/Application Support/Code/User/prompts/push.prompt.md]
2026/07/10 19:07:31 Running all configured tools...
2026/07/10 19:07:31 Skipping opengrep as it doesn't support the specified file(s)
2026/07/10 19:07:31 Skipping pmd as it doesn't support the specified file(s)
2026/07/10 19:07:31 Skipping pylint as it doesn't support the specified file(s)
2026/07/10 19:07:31 Skipping revive as it doesn't support the specified file(s)
2026/07/10 19:07:31 Skipping trivy as it doesn't support the specified file(s)
2026/07/10 19:07:31 Skipping dartanalyzer as it doesn't support the specified file(s)
2026/07/10 19:07:31 Skipping eslint as it doesn't support the specified file(s)
2026/07/10 19:07:31 Skipping lizard as it doesn't support the specified file(s)
2026/07/10 19:07:31 No tools support the specified file(s). Skipping analysis.
2026-07-10T19:09:23+02:00 [INFO] (codacy-cli-v2/cli-v2.go:27) Starting Codacy CLI version=1.0.0-main.380.sha.27e119a (27e119a) built at 2026-06-11T09:54:47Z
2026-07-10T19:09:23+02:00 [INFO] (codacy-cli-v2/cmd/root.go:34) Executing CLI command command=analyze full_command=[/Users/Andreas/Library/Caches/Codacy/codacy-cli-v2/1.0.0-main.380.sha.27e119a/codacy-cli-v2 analyze /Users/Andreas/GitHub/gaia/.github/prompts/push.prompt.md --format sarif] args=[/Users/Andreas/GitHub/gaia/.github/prompts/push.prompt.md]
2026/07/10 19:09:23 Running all configured tools...
2026/07/10 19:09:23 Skipping lizard as it doesn't support the specified file(s)
2026/07/10 19:09:23 Skipping opengrep as it doesn't support the specified file(s)
2026/07/10 19:09:23 Skipping pmd as it doesn't support the specified file(s)
2026/07/10 19:09:23 Skipping pylint as it doesn't support the specified file(s)
2026/07/10 19:09:23 Skipping revive as it doesn't support the specified file(s)
2026/07/10 19:09:23 Skipping trivy as it doesn't support the specified file(s)
2026/07/10 19:09:23 Skipping dartanalyzer as it doesn't support the specified file(s)
2026/07/10 19:09:23 Skipping eslint as it doesn't support the specified file(s)
2026/07/10 19:09:23 No tools support the specified file(s). Skipping analysis.
2026-07-10T19:09:59+02:00 [INFO] (codacy-cli-v2/cli-v2.go:27) Starting Codacy CLI version=1.0.0-main.380.sha.27e119a (27e119a) built at 2026-06-11T09:54:47Z
2026-07-10T19:09:59+02:00 [INFO] (codacy-cli-v2/cmd/root.go:34) Executing CLI command args=[/Users/Andreas/GitHub/gaia/.vscode/mcp.json] command=analyze full_command=[/Users/Andreas/Library/Caches/Codacy/codacy-cli-v2/1.0.0-main.380.sha.27e119a/codacy-cli-v2 analyze /Users/Andreas/GitHub/gaia/.vscode/mcp.json --format sarif]
2026/07/10 19:09:59 Running all configured tools...
2026/07/10 19:09:59 Skipping dartanalyzer as it doesn't support the specified file(s)
2026/07/10 19:09:59 Skipping eslint as it doesn't support the specified file(s)
2026/07/10 19:09:59 Skipping lizard as it doesn't support the specified file(s)
2026/07/10 19:09:59 Skipping opengrep as it doesn't support the specified file(s)
2026/07/10 19:09:59 Skipping pmd as it doesn't support the specified file(s)
2026/07/10 19:09:59 Skipping pylint as it doesn't support the specified file(s)
2026/07/10 19:09:59 Skipping revive as it doesn't support the specified file(s)
2026/07/10 19:09:59 Running tools for the specified file(s)...
2026/07/10 19:09:59 Running trivy...
2026-07-10T19:09:59+02:00 [INFO] (codacy-cli-v2/cmd/analyze.go:360) Config file found for tool tool=trivy toolConfigPath=.codacy/tools-configs/trivy.yaml
2026/07/10 19:10:00 Tool failed to run: failed to run Trivy: exit status 1
2026-07-10T19:10:04+02:00 [INFO] (codacy-cli-v2/cli-v2.go:27) Starting Codacy CLI version=1.0.0-main.380.sha.27e119a (27e119a) built at 2026-06-11T09:54:47Z
2026-07-10T19:10:04+02:00 [INFO] (codacy-cli-v2/cmd/root.go:34) Executing CLI command command=analyze full_command=[/Users/Andreas/Library/Caches/Codacy/codacy-cli-v2/1.0.0-main.380.sha.27e119a/codacy-cli-v2 analyze /Users/Andreas/GitHub/thalassa/.vscode/mcp.json --format sarif] args=[/Users/Andreas/GitHub/thalassa/.vscode/mcp.json]
2026/07/10 19:10:04 Running all configured tools...
2026/07/10 19:10:04 Skipping revive as it doesn't support the specified file(s)
2026/07/10 19:10:04 Skipping dartanalyzer as it doesn't support the specified file(s)
2026/07/10 19:10:04 Skipping eslint as it doesn't support the specified file(s)
2026/07/10 19:10:04 Skipping lizard as it doesn't support the specified file(s)
2026/07/10 19:10:04 Skipping opengrep as it doesn't support the specified file(s)
2026/07/10 19:10:04 Skipping pmd as it doesn't support the specified file(s)
2026/07/10 19:10:04 Skipping pylint as it doesn't support the specified file(s)
2026/07/10 19:10:04 Running tools for the specified file(s)...
2026/07/10 19:10:04 Running trivy...
2026-07-10T19:10:04+02:00 [INFO] (codacy-cli-v2/cmd/analyze.go:360) Config file found for tool tool=trivy toolConfigPath=.codacy/tools-configs/trivy.yaml
2026/07/10 19:10:04 Tool failed to run: failed to run Trivy: exit status 1
2026-07-10T19:13:00+02:00 [INFO] (codacy-cli-v2/cli-v2.go:27) Starting Codacy CLI version=1.0.0-main.380.sha.27e119a (27e119a) built at 2026-06-11T09:54:47Z
2026-07-10T19:13:00+02:00 [INFO] (codacy-cli-v2/cmd/root.go:34) Executing CLI command command=analyze full_command=[/Users/Andreas/Library/Caches/Codacy/codacy-cli-v2/1.0.0-main.380.sha.27e119a/codacy-cli-v2 analyze /Users/Andreas/GitHub/aither/.vscode/mcp.json --format sarif] args=[/Users/Andreas/GitHub/aither/.vscode/mcp.json]
2026/07/10 19:13:00 Running all configured tools...
2026/07/10 19:13:00 Skipping eslint as it doesn't support the specified file(s)
2026/07/10 19:13:00 Skipping lizard as it doesn't support the specified file(s)
2026/07/10 19:13:00 Skipping opengrep as it doesn't support the specified file(s)
2026/07/10 19:13:00 Skipping pmd as it doesn't support the specified file(s)
2026/07/10 19:13:00 Skipping pylint as it doesn't support the specified file(s)
2026/07/10 19:13:00 Skipping revive as it doesn't support the specified file(s)
2026/07/10 19:13:00 Skipping dartanalyzer as it doesn't support the specified file(s)
2026/07/10 19:13:00 Running tools for the specified file(s)...
2026/07/10 19:13:00 Running trivy...
2026-07-10T19:13:00+02:00 [INFO] (codacy-cli-v2/cmd/analyze.go:360) Config file found for tool toolConfigPath=.codacy/tools-configs/trivy.yaml tool=trivy
2026/07/10 19:13:01 Tool failed to run: failed to run Trivy: exit status 1
2026-07-10T19:13:06+02:00 [INFO] (codacy-cli-v2/cli-v2.go:27) Starting Codacy CLI version=1.0.0-main.380.sha.27e119a (27e119a) built at 2026-06-11T09:54:47Z
2026-07-10T19:13:06+02:00 [INFO] (codacy-cli-v2/cmd/root.go:34) Executing CLI command command=analyze full_command=[/Users/Andreas/Library/Caches/Codacy/codacy-cli-v2/1.0.0-main.380.sha.27e119a/codacy-cli-v2 analyze /Users/Andreas/GitHub/thalassa/.vscode/mcp.json --format sarif] args=[/Users/Andreas/GitHub/thalassa/.vscode/mcp.json]
2026/07/10 19:13:06 Running all configured tools...
2026/07/10 19:13:06 Skipping dartanalyzer as it doesn't support the specified file(s)
2026/07/10 19:13:06 Skipping eslint as it doesn't support the specified file(s)
2026/07/10 19:13:06 Skipping lizard as it doesn't support the specified file(s)
2026/07/10 19:13:06 Skipping opengrep as it doesn't support the specified file(s)
2026/07/10 19:13:06 Skipping pmd as it doesn't support the specified file(s)
2026/07/10 19:13:06 Skipping pylint as it doesn't support the specified file(s)
2026/07/10 19:13:06 Skipping revive as it doesn't support the specified file(s)
2026/07/10 19:13:06 Running tools for the specified file(s)...
2026/07/10 19:13:06 Running trivy...
2026-07-10T19:13:06+02:00 [INFO] (codacy-cli-v2/cmd/analyze.go:360) Config file found for tool tool=trivy toolConfigPath=.codacy/tools-configs/trivy.yaml
2026/07/10 19:13:06 Tool failed to run: failed to run Trivy: exit status 1
2026-07-10T19:16:01+02:00 [INFO] (codacy-cli-v2/cli-v2.go:27) Starting Codacy CLI version=1.0.0-main.380.sha.27e119a (27e119a) built at 2026-06-11T09:54:47Z
2026-07-10T19:16:01+02:00 [INFO] (codacy-cli-v2/cmd/root.go:34) Executing CLI command full_command=[/Users/Andreas/Library/Caches/Codacy/codacy-cli-v2/1.0.0-main.380.sha.27e119a/codacy-cli-v2 analyze /Users/Andreas/GitHub/gaia/.vscode/mcp.json --format sarif] args=[/Users/Andreas/GitHub/gaia/.vscode/mcp.json] command=analyze
2026/07/10 19:16:01 Running all configured tools...
2026/07/10 19:16:01 Skipping eslint as it doesn't support the specified file(s)
2026/07/10 19:16:01 Skipping lizard as it doesn't support the specified file(s)
2026/07/10 19:16:01 Skipping opengrep as it doesn't support the specified file(s)
2026/07/10 19:16:01 Skipping pmd as it doesn't support the specified file(s)
2026/07/10 19:16:01 Skipping pylint as it doesn't support the specified file(s)
2026/07/10 19:16:01 Skipping revive as it doesn't support the specified file(s)
2026/07/10 19:16:01 Skipping dartanalyzer as it doesn't support the specified file(s)
2026/07/10 19:16:01 Running tools for the specified file(s)...
2026/07/10 19:16:01 Running trivy...
2026-07-10T19:16:01+02:00 [INFO] (codacy-cli-v2/cmd/analyze.go:360) Config file found for tool tool=trivy toolConfigPath=.codacy/tools-configs/trivy.yaml
2026/07/10 19:16:02 Tool failed to run: failed to run Trivy: exit status 1
2026-07-10T19:16:08+02:00 [INFO] (codacy-cli-v2/cli-v2.go:27) Starting Codacy CLI version=1.0.0-main.380.sha.27e119a (27e119a) built at 2026-06-11T09:54:47Z
2026-07-10T19:16:08+02:00 [INFO] (codacy-cli-v2/cmd/root.go:34) Executing CLI command command=analyze full_command=[/Users/Andreas/Library/Caches/Codacy/codacy-cli-v2/1.0.0-main.380.sha.27e119a/codacy-cli-v2 analyze /Users/Andreas/GitHub/thalassa/.vscode/mcp.json --format sarif] args=[/Users/Andreas/GitHub/thalassa/.vscode/mcp.json]
2026/07/10 19:16:08 Running all configured tools...
2026/07/10 19:16:08 Skipping eslint as it doesn't support the specified file(s)
2026/07/10 19:16:08 Skipping lizard as it doesn't support the specified file(s)
2026/07/10 19:16:08 Skipping opengrep as it doesn't support the specified file(s)
2026/07/10 19:16:08 Skipping pmd as it doesn't support the specified file(s)
2026/07/10 19:16:08 Skipping pylint as it doesn't support the specified file(s)
2026/07/10 19:16:08 Skipping revive as it doesn't support the specified file(s)
2026/07/10 19:16:08 Skipping dartanalyzer as it doesn't support the specified file(s)
2026/07/10 19:16:08 Running tools for the specified file(s)...
2026/07/10 19:16:08 Running trivy...
2026-07-10T19:16:08+02:00 [INFO] (codacy-cli-v2/cmd/analyze.go:360) Config file found for tool toolConfigPath=.codacy/tools-configs/trivy.yaml tool=trivy
2026/07/10 19:16:08 Tool failed to run: failed to run Trivy: exit status 1
2026-07-10T19:18:59+02:00 [INFO] (codacy-cli-v2/cli-v2.go:27) Starting Codacy CLI version=1.0.0-main.380.sha.27e119a (27e119a) built at 2026-06-11T09:54:47Z
2026-07-10T19:18:59+02:00 [INFO] (codacy-cli-v2/cmd/root.go:34) Executing CLI command command=analyze full_command=[/Users/Andreas/Library/Caches/Codacy/codacy-cli-v2/1.0.0-main.380.sha.27e119a/codacy-cli-v2 analyze /Users/Andreas/Library/Application Support/Code/User/mcp.json --format sarif] args=[/Users/Andreas/Library/Application Support/Code/User/mcp.json]
2026/07/10 19:18:59 Running all configured tools...
2026/07/10 19:18:59 Skipping pmd as it doesn't support the specified file(s)
2026/07/10 19:18:59 Skipping pylint as it doesn't support the specified file(s)
2026/07/10 19:18:59 Skipping revive as it doesn't support the specified file(s)
2026/07/10 19:18:59 Skipping dartanalyzer as it doesn't support the specified file(s)
2026/07/10 19:18:59 Skipping eslint as it doesn't support the specified file(s)
2026/07/10 19:18:59 Skipping lizard as it doesn't support the specified file(s)
2026/07/10 19:18:59 Skipping opengrep as it doesn't support the specified file(s)
2026/07/10 19:18:59 Running tools for the specified file(s)...
2026/07/10 19:18:59 Running trivy...
2026-07-10T19:18:59+02:00 [INFO] (codacy-cli-v2/cmd/analyze.go:360) Config file found for tool toolConfigPath=.codacy/tools-configs/trivy.yaml tool=trivy
2026/07/10 19:19:00 Tool failed to run: failed to run Trivy: exit status 1
2026-07-10T19:19:02+02:00 [INFO] (codacy-cli-v2/cli-v2.go:27) Starting Codacy CLI version=1.0.0-main.380.sha.27e119a (27e119a) built at 2026-06-11T09:54:47Z
2026-07-10T19:19:02+02:00 [INFO] (codacy-cli-v2/cmd/root.go:34) Executing CLI command args=[/Users/Andreas/GitHub/gaia/.vscode/mcp.json] command=analyze full_command=[/Users/Andreas/Library/Caches/Codacy/codacy-cli-v2/1.0.0-main.380.sha.27e119a/codacy-cli-v2 analyze /Users/Andreas/GitHub/gaia/.vscode/mcp.json --format sarif]
2026/07/10 19:19:02 Running all configured tools...
2026/07/10 19:19:02 Skipping revive as it doesn't support the specified file(s)
2026/07/10 19:19:02 Skipping dartanalyzer as it doesn't support the specified file(s)
2026/07/10 19:19:02 Skipping eslint as it doesn't support the specified file(s)
2026/07/10 19:19:02 Skipping lizard as it doesn't support the specified file(s)
2026/07/10 19:19:02 Skipping opengrep as it doesn't support the specified file(s)
2026/07/10 19:19:02 Skipping pmd as it doesn't support the specified file(s)
2026/07/10 19:19:02 Skipping pylint as it doesn't support the specified file(s)
2026/07/10 19:19:02 Running tools for the specified file(s)...
2026/07/10 19:19:02 Running trivy...
2026-07-10T19:19:02+02:00 [INFO] (codacy-cli-v2/cmd/analyze.go:360) Config file found for tool tool=trivy toolConfigPath=.codacy/tools-configs/trivy.yaml
2026/07/10 19:19:02 Tool failed to run: failed to run Trivy: exit status 1
2026-07-10T19:19:09+02:00 [INFO] (codacy-cli-v2/cli-v2.go:27) Starting Codacy CLI version=1.0.0-main.380.sha.27e119a (27e119a) built at 2026-06-11T09:54:47Z
2026-07-10T19:19:09+02:00 [INFO] (codacy-cli-v2/cmd/root.go:34) Executing CLI command command=analyze full_command=[/Users/Andreas/Library/Caches/Codacy/codacy-cli-v2/1.0.0-main.380.sha.27e119a/codacy-cli-v2 analyze /Users/Andreas/GitHub/thalassa/.vscode/mcp.json --format sarif] args=[/Users/Andreas/GitHub/thalassa/.vscode/mcp.json]
2026/07/10 19:19:09 Running all configured tools...
2026/07/10 19:19:09 Skipping dartanalyzer as it doesn't support the specified file(s)
2026/07/10 19:19:09 Skipping eslint as it doesn't support the specified file(s)
2026/07/10 19:19:09 Skipping lizard as it doesn't support the specified file(s)
2026/07/10 19:19:09 Skipping opengrep as it doesn't support the specified file(s)
2026/07/10 19:19:09 Skipping pmd as it doesn't support the specified file(s)
2026/07/10 19:19:09 Skipping pylint as it doesn't support the specified file(s)
2026/07/10 19:19:09 Skipping revive as it doesn't support the specified file(s)
2026/07/10 19:19:09 Running tools for the specified file(s)...
2026/07/10 19:19:09 Running trivy...
2026-07-10T19:19:09+02:00 [INFO] (codacy-cli-v2/cmd/analyze.go:360) Config file found for tool tool=trivy toolConfigPath=.codacy/tools-configs/trivy.yaml
2026/07/10 19:19:10 Tool failed to run: failed to run Trivy: exit status 1
2026-07-10T19:21:59+02:00 [INFO] (codacy-cli-v2/cli-v2.go:27) Starting Codacy CLI version=1.0.0-main.380.sha.27e119a (27e119a) built at 2026-06-11T09:54:47Z
2026-07-10T19:21:59+02:00 [INFO] (codacy-cli-v2/cmd/root.go:34) Executing CLI command command=analyze full_command=[/Users/Andreas/Library/Caches/Codacy/codacy-cli-v2/1.0.0-main.380.sha.27e119a/codacy-cli-v2 analyze /Users/Andreas/Library/Application Support/Code/User/mcp.json --format sarif] args=[/Users/Andreas/Library/Application Support/Code/User/mcp.json]
2026/07/10 19:21:59 Running all configured tools...
2026/07/10 19:21:59 Skipping eslint as it doesn't support the specified file(s)
2026/07/10 19:21:59 Skipping lizard as it doesn't support the specified file(s)
2026/07/10 19:21:59 Skipping opengrep as it doesn't support the specified file(s)
2026/07/10 19:21:59 Skipping pmd as it doesn't support the specified file(s)
2026/07/10 19:21:59 Skipping pylint as it doesn't support the specified file(s)
2026/07/10 19:21:59 Skipping revive as it doesn't support the specified file(s)
2026/07/10 19:21:59 Skipping dartanalyzer as it doesn't support the specified file(s)
2026/07/10 19:21:59 Running tools for the specified file(s)...
2026/07/10 19:21:59 Running trivy...
2026-07-10T19:21:59+02:00 [INFO] (codacy-cli-v2/cmd/analyze.go:360) Config file found for tool tool=trivy toolConfigPath=.codacy/tools-configs/trivy.yaml
2026/07/10 19:22:00 Tool failed to run: failed to run Trivy: exit status 1
2026-07-10T19:22:03+02:00 [INFO] (codacy-cli-v2/cli-v2.go:27) Starting Codacy CLI version=1.0.0-main.380.sha.27e119a (27e119a) built at 2026-06-11T09:54:47Z
2026-07-10T19:22:03+02:00 [INFO] (codacy-cli-v2/cmd/root.go:34) Executing CLI command command=analyze full_command=[/Users/Andreas/Library/Caches/Codacy/codacy-cli-v2/1.0.0-main.380.sha.27e119a/codacy-cli-v2 analyze /Users/Andreas/GitHub/gaia/.vscode/mcp.json --format sarif] args=[/Users/Andreas/GitHub/gaia/.vscode/mcp.json]
2026/07/10 19:22:03 Running all configured tools...
2026/07/10 19:22:03 Skipping dartanalyzer as it doesn't support the specified file(s)
2026/07/10 19:22:03 Skipping eslint as it doesn't support the specified file(s)
2026/07/10 19:22:03 Skipping lizard as it doesn't support the specified file(s)
2026/07/10 19:22:03 Skipping opengrep as it doesn't support the specified file(s)
2026/07/10 19:22:03 Skipping pmd as it doesn't support the specified file(s)
2026/07/10 19:22:03 Skipping pylint as it doesn't support the specified file(s)
2026/07/10 19:22:03 Skipping revive as it doesn't support the specified file(s)
2026/07/10 19:22:03 Running tools for the specified file(s)...
2026/07/10 19:22:03 Running trivy...
2026-07-10T19:22:03+02:00 [INFO] (codacy-cli-v2/cmd/analyze.go:360) Config file found for tool tool=trivy toolConfigPath=.codacy/tools-configs/trivy.yaml
2026/07/10 19:22:04 Tool failed to run: failed to run Trivy: exit status 1
2026-07-10T19:22:12+02:00 [INFO] (codacy-cli-v2/cli-v2.go:27) Starting Codacy CLI version=1.0.0-main.380.sha.27e119a (27e119a) built at 2026-06-11T09:54:47Z
2026-07-10T19:22:12+02:00 [INFO] (codacy-cli-v2/cmd/root.go:34) Executing CLI command full_command=[/Users/Andreas/Library/Caches/Codacy/codacy-cli-v2/1.0.0-main.380.sha.27e119a/codacy-cli-v2 analyze /Users/Andreas/GitHub/thalassa/.vscode/mcp.json --format sarif] args=[/Users/Andreas/GitHub/thalassa/.vscode/mcp.json] command=analyze
2026/07/10 19:22:12 Running all configured tools...
2026/07/10 19:22:12 Skipping opengrep as it doesn't support the specified file(s)
2026/07/10 19:22:12 Skipping pmd as it doesn't support the specified file(s)
2026/07/10 19:22:12 Skipping pylint as it doesn't support the specified file(s)
2026/07/10 19:22:12 Skipping revive as it doesn't support the specified file(s)
2026/07/10 19:22:12 Skipping dartanalyzer as it doesn't support the specified file(s)
2026/07/10 19:22:12 Skipping eslint as it doesn't support the specified file(s)
2026/07/10 19:22:12 Skipping lizard as it doesn't support the specified file(s)
2026/07/10 19:22:12 Running tools for the specified file(s)...
2026/07/10 19:22:12 Running trivy...
2026-07-10T19:22:12+02:00 [INFO] (codacy-cli-v2/cmd/analyze.go:360) Config file found for tool tool=trivy toolConfigPath=.codacy/tools-configs/trivy.yaml
2026/07/10 19:22:12 Tool failed to run: failed to run Trivy: exit status 1
2026-07-10T19:25:00+02:00 [INFO] (codacy-cli-v2/cli-v2.go:27) Starting Codacy CLI version=1.0.0-main.380.sha.27e119a (27e119a) built at 2026-06-11T09:54:47Z
2026-07-10T19:25:00+02:00 [INFO] (codacy-cli-v2/cmd/root.go:34) Executing CLI command command=analyze full_command=[/Users/Andreas/Library/Caches/Codacy/codacy-cli-v2/1.0.0-main.380.sha.27e119a/codacy-cli-v2 analyze /Users/Andreas/Library/Application Support/Code/User/mcp.json --format sarif] args=[/Users/Andreas/Library/Application Support/Code/User/mcp.json]
2026/07/10 19:25:00 Running all configured tools...
2026/07/10 19:25:00 Skipping opengrep as it doesn't support the specified file(s)
2026/07/10 19:25:00 Skipping pmd as it doesn't support the specified file(s)
2026/07/10 19:25:00 Skipping pylint as it doesn't support the specified file(s)
2026/07/10 19:25:00 Skipping revive as it doesn't support the specified file(s)
2026/07/10 19:25:00 Skipping dartanalyzer as it doesn't support the specified file(s)
2026/07/10 19:25:00 Skipping eslint as it doesn't support the specified file(s)
2026/07/10 19:25:00 Skipping lizard as it doesn't support the specified file(s)
2026/07/10 19:25:00 Running tools for the specified file(s)...
2026/07/10 19:25:00 Running trivy...
2026-07-10T19:25:00+02:00 [INFO] (codacy-cli-v2/cmd/analyze.go:360) Config file found for tool toolConfigPath=.codacy/tools-configs/trivy.yaml tool=trivy
2026/07/10 19:25:01 Tool failed to run: failed to run Trivy: exit status 1
2026-07-10T19:25:04+02:00 [INFO] (codacy-cli-v2/cli-v2.go:27) Starting Codacy CLI version=1.0.0-main.380.sha.27e119a (27e119a) built at 2026-06-11T09:54:47Z
2026-07-10T19:25:04+02:00 [INFO] (codacy-cli-v2/cmd/root.go:34) Executing CLI command command=analyze full_command=[/Users/Andreas/Library/Caches/Codacy/codacy-cli-v2/1.0.0-main.380.sha.27e119a/codacy-cli-v2 analyze /Users/Andreas/GitHub/gaia/.vscode/mcp.json --format sarif] args=[/Users/Andreas/GitHub/gaia/.vscode/mcp.json]
2026/07/10 19:25:04 Running all configured tools...
2026/07/10 19:25:04 Skipping opengrep as it doesn't support the specified file(s)
2026/07/10 19:25:04 Skipping pmd as it doesn't support the specified file(s)
2026/07/10 19:25:04 Skipping pylint as it doesn't support the specified file(s)
2026/07/10 19:25:04 Skipping revive as it doesn't support the specified file(s)
2026/07/10 19:25:04 Skipping dartanalyzer as it doesn't support the specified file(s)
2026/07/10 19:25:04 Skipping eslint as it doesn't support the specified file(s)
2026/07/10 19:25:04 Skipping lizard as it doesn't support the specified file(s)
2026/07/10 19:25:04 Running tools for the specified file(s)...
2026/07/10 19:25:04 Running trivy...
2026-07-10T19:25:04+02:00 [INFO] (codacy-cli-v2/cmd/analyze.go:360) Config file found for tool tool=trivy toolConfigPath=.codacy/tools-configs/trivy.yaml
2026/07/10 19:25:04 Tool failed to run: failed to run Trivy: exit status 1
2026-07-10T19:25:12+02:00 [INFO] (codacy-cli-v2/cli-v2.go:27) Starting Codacy CLI version=1.0.0-main.380.sha.27e119a (27e119a) built at 2026-06-11T09:54:47Z
2026-07-10T19:25:12+02:00 [INFO] (codacy-cli-v2/cmd/root.go:34) Executing CLI command command=analyze full_command=[/Users/Andreas/Library/Caches/Codacy/codacy-cli-v2/1.0.0-main.380.sha.27e119a/codacy-cli-v2 analyze /Users/Andreas/GitHub/thalassa/.vscode/mcp.json --format sarif] args=[/Users/Andreas/GitHub/thalassa/.vscode/mcp.json]
2026/07/10 19:25:12 Running all configured tools...
2026/07/10 19:25:12 Skipping pylint as it doesn't support the specified file(s)
2026/07/10 19:25:12 Skipping revive as it doesn't support the specified file(s)
2026/07/10 19:25:12 Skipping dartanalyzer as it doesn't support the specified file(s)
2026/07/10 19:25:12 Skipping eslint as it doesn't support the specified file(s)
2026/07/10 19:25:12 Skipping lizard as it doesn't support the specified file(s)
2026/07/10 19:25:12 Skipping opengrep as it doesn't support the specified file(s)
2026/07/10 19:25:12 Skipping pmd as it doesn't support the specified file(s)
2026/07/10 19:25:12 Running tools for the specified file(s)...
2026/07/10 19:25:12 Running trivy...
2026-07-10T19:25:12+02:00 [INFO] (codacy-cli-v2/cmd/analyze.go:360) Config file found for tool toolConfigPath=.codacy/tools-configs/trivy.yaml tool=trivy
2026/07/10 19:25:13 Tool failed to run: failed to run Trivy: exit status 1
2026-07-10T19:28:01+02:00 [INFO] (codacy-cli-v2/cli-v2.go:27) Starting Codacy CLI version=1.0.0-main.380.sha.27e119a (27e119a) built at 2026-06-11T09:54:47Z
2026-07-10T19:28:01+02:00 [INFO] (codacy-cli-v2/cmd/root.go:34) Executing CLI command full_command=[/Users/Andreas/Library/Caches/Codacy/codacy-cli-v2/1.0.0-main.380.sha.27e119a/codacy-cli-v2 analyze /Users/Andreas/Library/Application Support/Code/User/mcp.json --format sarif] args=[/Users/Andreas/Library/Application Support/Code/User/mcp.json] command=analyze
2026/07/10 19:28:01 Running all configured tools...
2026/07/10 19:28:01 Skipping pmd as it doesn't support the specified file(s)
2026/07/10 19:28:01 Skipping pylint as it doesn't support the specified file(s)
2026/07/10 19:28:01 Skipping revive as it doesn't support the specified file(s)
2026/07/10 19:28:01 Skipping dartanalyzer as it doesn't support the specified file(s)
2026/07/10 19:28:01 Skipping eslint as it doesn't support the specified file(s)
2026/07/10 19:28:01 Skipping lizard as it doesn't support the specified file(s)
2026/07/10 19:28:01 Skipping opengrep as it doesn't support the specified file(s)
2026/07/10 19:28:01 Running tools for the specified file(s)...
2026/07/10 19:28:01 Running trivy...
2026-07-10T19:28:01+02:00 [INFO] (codacy-cli-v2/cmd/analyze.go:360) Config file found for tool tool=trivy toolConfigPath=.codacy/tools-configs/trivy.yaml
2026/07/10 19:28:02 Tool failed to run: failed to run Trivy: exit status 1
2026-07-10T19:28:05+02:00 [INFO] (codacy-cli-v2/cli-v2.go:27) Starting Codacy CLI version=1.0.0-main.380.sha.27e119a (27e119a) built at 2026-06-11T09:54:47Z
2026-07-10T19:28:05+02:00 [INFO] (codacy-cli-v2/cmd/root.go:34) Executing CLI command command=analyze full_command=[/Users/Andreas/Library/Caches/Codacy/codacy-cli-v2/1.0.0-main.380.sha.27e119a/codacy-cli-v2 analyze /Users/Andreas/GitHub/gaia/.vscode/mcp.json --format sarif] args=[/Users/Andreas/GitHub/gaia/.vscode/mcp.json]
2026/07/10 19:28:05 Running all configured tools...
2026/07/10 19:28:05 Skipping pylint as it doesn't support the specified file(s)
2026/07/10 19:28:05 Skipping revive as it doesn't support the specified file(s)
2026/07/10 19:28:05 Skipping dartanalyzer as it doesn't support the specified file(s)
2026/07/10 19:28:05 Skipping eslint as it doesn't support the specified file(s)
2026/07/10 19:28:05 Skipping lizard as it doesn't support the specified file(s)
2026/07/10 19:28:05 Skipping opengrep as it doesn't support the specified file(s)
2026/07/10 19:28:05 Skipping pmd as it doesn't support the specified file(s)
2026/07/10 19:28:05 Running tools for the specified file(s)...
2026/07/10 19:28:05 Running trivy...
2026-07-10T19:28:05+02:00 [INFO] (codacy-cli-v2/cmd/analyze.go:360) Config file found for tool tool=trivy toolConfigPath=.codacy/tools-configs/trivy.yaml
2026/07/10 19:28:06 Tool failed to run: failed to run Trivy: exit status 1
2026-07-10T19:28:14+02:00 [INFO] (codacy-cli-v2/cli-v2.go:27) Starting Codacy CLI version=1.0.0-main.380.sha.27e119a (27e119a) built at 2026-06-11T09:54:47Z
2026-07-10T19:28:14+02:00 [INFO] (codacy-cli-v2/cmd/root.go:34) Executing CLI command command=analyze full_command=[/Users/Andreas/Library/Caches/Codacy/codacy-cli-v2/1.0.0-main.380.sha.27e119a/codacy-cli-v2 analyze /Users/Andreas/GitHub/thalassa/.vscode/mcp.json --format sarif] args=[/Users/Andreas/GitHub/thalassa/.vscode/mcp.json]
2026/07/10 19:28:14 Running all configured tools...
2026/07/10 19:28:14 Skipping opengrep as it doesn't support the specified file(s)
2026/07/10 19:28:14 Skipping pmd as it doesn't support the specified file(s)
2026/07/10 19:28:14 Skipping pylint as it doesn't support the specified file(s)
2026/07/10 19:28:14 Skipping revive as it doesn't support the specified file(s)
2026/07/10 19:28:14 Skipping dartanalyzer as it doesn't support the specified file(s)
2026/07/10 19:28:14 Skipping eslint as it doesn't support the specified file(s)
2026/07/10 19:28:14 Skipping lizard as it doesn't support the specified file(s)
2026/07/10 19:28:14 Running tools for the specified file(s)...
2026/07/10 19:28:14 Running trivy...
2026-07-10T19:28:14+02:00 [INFO] (codacy-cli-v2/cmd/analyze.go:360) Config file found for tool tool=trivy toolConfigPath=.codacy/tools-configs/trivy.yaml
2026/07/10 19:28:14 Tool failed to run: failed to run Trivy: exit status 1
2026-07-10T19:29:17+02:00 [INFO] (codacy-cli-v2/cli-v2.go:27) Starting Codacy CLI version=1.0.0-main.380.sha.27e119a (27e119a) built at 2026-06-11T09:54:47Z
2026-07-10T19:29:17+02:00 [INFO] (codacy-cli-v2/cmd/root.go:34) Executing CLI command args=[/Users/Andreas/Library/Application Support/Code/User/prompts/push.prompt.md] command=analyze full_command=[/Users/Andreas/Library/Caches/Codacy/codacy-cli-v2/1.0.0-main.380.sha.27e119a/codacy-cli-v2 analyze /Users/Andreas/Library/Application Support/Code/User/prompts/push.prompt.md --format sarif]
2026/07/10 19:29:17 Running all configured tools...
2026/07/10 19:29:17 Skipping eslint as it doesn't support the specified file(s)
2026/07/10 19:29:17 Skipping lizard as it doesn't support the specified file(s)
2026/07/10 19:29:17 Skipping opengrep as it doesn't support the specified file(s)
2026/07/10 19:29:17 Skipping pmd as it doesn't support the specified file(s)
2026/07/10 19:29:17 Skipping pylint as it doesn't support the specified file(s)
2026/07/10 19:29:17 Skipping revive as it doesn't support the specified file(s)
2026/07/10 19:29:17 Skipping trivy as it doesn't support the specified file(s)
2026/07/10 19:29:17 Skipping dartanalyzer as it doesn't support the specified file(s)
2026/07/10 19:29:17 No tools support the specified file(s). Skipping analysis.
2026-07-10T19:31:01+02:00 [INFO] (codacy-cli-v2/cli-v2.go:27) Starting Codacy CLI version=1.0.0-main.380.sha.27e119a (27e119a) built at 2026-06-11T09:54:47Z
2026-07-10T19:31:01+02:00 [INFO] (codacy-cli-v2/cmd/root.go:34) Executing CLI command command=analyze full_command=[/Users/Andreas/Library/Caches/Codacy/codacy-cli-v2/1.0.0-main.380.sha.27e119a/codacy-cli-v2 analyze /Users/Andreas/Library/Application Support/Code/User/mcp.json --format sarif] args=[/Users/Andreas/Library/Application Support/Code/User/mcp.json]
2026/07/10 19:31:01 Running all configured tools...
2026/07/10 19:31:01 Skipping dartanalyzer as it doesn't support the specified file(s)
2026/07/10 19:31:01 Skipping eslint as it doesn't support the specified file(s)
2026/07/10 19:31:01 Skipping lizard as it doesn't support the specified file(s)
2026/07/10 19:31:01 Skipping opengrep as it doesn't support the specified file(s)
2026/07/10 19:31:01 Skipping pmd as it doesn't support the specified file(s)
2026/07/10 19:31:01 Skipping pylint as it doesn't support the specified file(s)
2026/07/10 19:31:01 Skipping revive as it doesn't support the specified file(s)
2026/07/10 19:31:01 Running tools for the specified file(s)...
2026/07/10 19:31:01 Running trivy...
2026-07-10T19:31:01+02:00 [INFO] (codacy-cli-v2/cmd/analyze.go:360) Config file found for tool tool=trivy toolConfigPath=.codacy/tools-configs/trivy.yaml
2026/07/10 19:31:02 Tool failed to run: failed to run Trivy: exit status 1
2026-07-10T19:31:06+02:00 [INFO] (codacy-cli-v2/cli-v2.go:27) Starting Codacy CLI version=1.0.0-main.380.sha.27e119a (27e119a) built at 2026-06-11T09:54:47Z
2026-07-10T19:31:06+02:00 [INFO] (codacy-cli-v2/cmd/root.go:34) Executing CLI command args=[/Users/Andreas/GitHub/gaia/.vscode/mcp.json] command=analyze full_command=[/Users/Andreas/Library/Caches/Codacy/codacy-cli-v2/1.0.0-main.380.sha.27e119a/codacy-cli-v2 analyze /Users/Andreas/GitHub/gaia/.vscode/mcp.json --format sarif]
2026/07/10 19:31:06 Running all configured tools...
2026/07/10 19:31:06 Skipping dartanalyzer as it doesn't support the specified file(s)
2026/07/10 19:31:06 Skipping eslint as it doesn't support the specified file(s)
2026/07/10 19:31:06 Skipping lizard as it doesn't support the specified file(s)
2026/07/10 19:31:06 Skipping opengrep as it doesn't support the specified file(s)
2026/07/10 19:31:06 Skipping pmd as it doesn't support the specified file(s)
2026/07/10 19:31:06 Skipping pylint as it doesn't support the specified file(s)
2026/07/10 19:31:06 Skipping revive as it doesn't support the specified file(s)
2026/07/10 19:31:06 Running tools for the specified file(s)...
2026/07/10 19:31:06 Running trivy...
2026-07-10T19:31:06+02:00 [INFO] (codacy-cli-v2/cmd/analyze.go:360) Config file found for tool tool=trivy toolConfigPath=.codacy/tools-configs/trivy.yaml
2026/07/10 19:31:06 Tool failed to run: failed to run Trivy: exit status 1
2026-07-10T19:31:14+02:00 [INFO] (codacy-cli-v2/cli-v2.go:27) Starting Codacy CLI version=1.0.0-main.380.sha.27e119a (27e119a) built at 2026-06-11T09:54:47Z
2026-07-10T19:31:14+02:00 [INFO] (codacy-cli-v2/cmd/root.go:34) Executing CLI command command=analyze full_command=[/Users/Andreas/Library/Caches/Codacy/codacy-cli-v2/1.0.0-main.380.sha.27e119a/codacy-cli-v2 analyze /Users/Andreas/GitHub/thalassa/.vscode/mcp.json --format sarif] args=[/Users/Andreas/GitHub/thalassa/.vscode/mcp.json]
2026/07/10 19:31:14 Running all configured tools...
2026/07/10 19:31:14 Skipping revive as it doesn't support the specified file(s)
2026/07/10 19:31:14 Skipping dartanalyzer as it doesn't support the specified file(s)
2026/07/10 19:31:14 Skipping eslint as it doesn't support the specified file(s)
2026/07/10 19:31:14 Skipping lizard as it doesn't support the specified file(s)
2026/07/10 19:31:14 Skipping opengrep as it doesn't support the specified file(s)
2026/07/10 19:31:14 Skipping pmd as it doesn't support the specified file(s)
2026/07/10 19:31:14 Skipping pylint as it doesn't support the specified file(s)
2026/07/10 19:31:14 Running tools for the specified file(s)...
2026/07/10 19:31:14 Running trivy...
2026-07-10T19:31:14+02:00 [INFO] (codacy-cli-v2/cmd/analyze.go:360) Config file found for tool tool=trivy toolConfigPath=.codacy/tools-configs/trivy.yaml
2026/07/10 19:31:15 Tool failed to run: failed to run Trivy: exit status 1
2026-07-10T19:34:01+02:00 [INFO] (codacy-cli-v2/cli-v2.go:27) Starting Codacy CLI version=1.0.0-main.380.sha.27e119a (27e119a) built at 2026-06-11T09:54:47Z
2026-07-10T19:34:01+02:00 [INFO] (codacy-cli-v2/cmd/root.go:34) Executing CLI command command=analyze full_command=[/Users/Andreas/Library/Caches/Codacy/codacy-cli-v2/1.0.0-main.380.sha.27e119a/codacy-cli-v2 analyze /Users/Andreas/Library/Application Support/Code/User/mcp.json --format sarif] args=[/Users/Andreas/Library/Application Support/Code/User/mcp.json]
2026/07/10 19:34:01 Running all configured tools...
2026/07/10 19:34:01 Skipping revive as it doesn't support the specified file(s)
2026/07/10 19:34:01 Skipping dartanalyzer as it doesn't support the specified file(s)
2026/07/10 19:34:01 Skipping eslint as it doesn't support the specified file(s)
2026/07/10 19:34:01 Skipping lizard as it doesn't support the specified file(s)
2026/07/10 19:34:01 Skipping opengrep as it doesn't support the specified file(s)
2026/07/10 19:34:01 Skipping pmd as it doesn't support the specified file(s)
2026/07/10 19:34:01 Skipping pylint as it doesn't support the specified file(s)
2026/07/10 19:34:01 Running tools for the specified file(s)...
2026/07/10 19:34:01 Running trivy...
2026-07-10T19:34:01+02:00 [INFO] (codacy-cli-v2/cmd/analyze.go:360) Config file found for tool tool=trivy toolConfigPath=.codacy/tools-configs/trivy.yaml
2026/07/10 19:34:02 Tool failed to run: failed to run Trivy: exit status 1
2026-07-10T19:34:06+02:00 [INFO] (codacy-cli-v2/cli-v2.go:27) Starting Codacy CLI version=1.0.0-main.380.sha.27e119a (27e119a) built at 2026-06-11T09:54:47Z
2026-07-10T19:34:06+02:00 [INFO] (codacy-cli-v2/cmd/root.go:34) Executing CLI command command=analyze full_command=[/Users/Andreas/Library/Caches/Codacy/codacy-cli-v2/1.0.0-main.380.sha.27e119a/codacy-cli-v2 analyze /Users/Andreas/GitHub/gaia/.vscode/mcp.json --format sarif] args=[/Users/Andreas/GitHub/gaia/.vscode/mcp.json]
2026/07/10 19:34:06 Running all configured tools...
2026/07/10 19:34:06 Skipping dartanalyzer as it doesn't support the specified file(s)
2026/07/10 19:34:06 Skipping eslint as it doesn't support the specified file(s)
2026/07/10 19:34:06 Skipping lizard as it doesn't support the specified file(s)
2026/07/10 19:34:06 Skipping opengrep as it doesn't support the specified file(s)
2026/07/10 19:34:06 Skipping pmd as it doesn't support the specified file(s)
2026/07/10 19:34:06 Skipping pylint as it doesn't support the specified file(s)
2026/07/10 19:34:06 Skipping revive as it doesn't support the specified file(s)
2026/07/10 19:34:06 Running tools for the specified file(s)...
2026/07/10 19:34:06 Running trivy...
2026-07-10T19:34:06+02:00 [INFO] (codacy-cli-v2/cmd/analyze.go:360) Config file found for tool tool=trivy toolConfigPath=.codacy/tools-configs/trivy.yaml
2026/07/10 19:34:06 Tool failed to run: failed to run Trivy: exit status 1
2026-07-10T19:34:16+02:00 [INFO] (codacy-cli-v2/cli-v2.go:27) Starting Codacy CLI version=1.0.0-main.380.sha.27e119a (27e119a) built at 2026-06-11T09:54:47Z
2026-07-10T19:34:16+02:00 [INFO] (codacy-cli-v2/cmd/root.go:34) Executing CLI command command=analyze full_command=[/Users/Andreas/Library/Caches/Codacy/codacy-cli-v2/1.0.0-main.380.sha.27e119a/codacy-cli-v2 analyze /Users/Andreas/GitHub/thalassa/.vscode/mcp.json --format sarif] args=[/Users/Andreas/GitHub/thalassa/.vscode/mcp.json]
2026/07/10 19:34:16 Running all configured tools...
2026/07/10 19:34:16 Skipping lizard as it doesn't support the specified file(s)
2026/07/10 19:34:16 Skipping opengrep as it doesn't support the specified file(s)
2026/07/10 19:34:16 Skipping pmd as it doesn't support the specified file(s)
2026/07/10 19:34:16 Skipping pylint as it doesn't support the specified file(s)
2026/07/10 19:34:16 Skipping revive as it doesn't support the specified file(s)
2026/07/10 19:34:16 Skipping dartanalyzer as it doesn't support the specified file(s)
2026/07/10 19:34:16 Skipping eslint as it doesn't support the specified file(s)
2026/07/10 19:34:16 Running tools for the specified file(s)...
2026/07/10 19:34:16 Running trivy...
2026-07-10T19:34:16+02:00 [INFO] (codacy-cli-v2/cmd/analyze.go:360) Config file found for tool tool=trivy toolConfigPath=.codacy/tools-configs/trivy.yaml
2026/07/10 19:34:16 Tool failed to run: failed to run Trivy: exit status 1
2026-07-10T19:37:02+02:00 [INFO] (codacy-cli-v2/cli-v2.go:27) Starting Codacy CLI version=1.0.0-main.380.sha.27e119a (27e119a) built at 2026-06-11T09:54:47Z
2026-07-10T19:37:02+02:00 [INFO] (codacy-cli-v2/cmd/root.go:34) Executing CLI command args=[/Users/Andreas/Library/Application Support/Code/User/mcp.json] command=analyze full_command=[/Users/Andreas/Library/Caches/Codacy/codacy-cli-v2/1.0.0-main.380.sha.27e119a/codacy-cli-v2 analyze /Users/Andreas/Library/Application Support/Code/User/mcp.json --format sarif]
2026/07/10 19:37:02 Running all configured tools...
2026/07/10 19:37:02 Skipping opengrep as it doesn't support the specified file(s)
2026/07/10 19:37:02 Skipping pmd as it doesn't support the specified file(s)
2026/07/10 19:37:02 Skipping pylint as it doesn't support the specified file(s)
2026/07/10 19:37:02 Skipping revive as it doesn't support the specified file(s)
2026/07/10 19:37:02 Skipping dartanalyzer as it doesn't support the specified file(s)
2026/07/10 19:37:02 Skipping eslint as it doesn't support the specified file(s)
2026/07/10 19:37:02 Skipping lizard as it doesn't support the specified file(s)
2026/07/10 19:37:02 Running tools for the specified file(s)...
2026/07/10 19:37:02 Running trivy...
2026-07-10T19:37:02+02:00 [INFO] (codacy-cli-v2/cmd/analyze.go:360) Config file found for tool tool=trivy toolConfigPath=.codacy/tools-configs/trivy.yaml
2026/07/10 19:37:03 Tool failed to run: failed to run Trivy: exit status 1
2026-07-10T19:37:07+02:00 [INFO] (codacy-cli-v2/cli-v2.go:27) Starting Codacy CLI version=1.0.0-main.380.sha.27e119a (27e119a) built at 2026-06-11T09:54:47Z
2026-07-10T19:37:07+02:00 [INFO] (codacy-cli-v2/cmd/root.go:34) Executing CLI command command=analyze full_command=[/Users/Andreas/Library/Caches/Codacy/codacy-cli-v2/1.0.0-main.380.sha.27e119a/codacy-cli-v2 analyze /Users/Andreas/GitHub/hemera/.vscode/mcp.json --format sarif] args=[/Users/Andreas/GitHub/hemera/.vscode/mcp.json]
2026/07/10 19:37:07 Running all configured tools...
2026/07/10 19:37:07 Skipping opengrep as it doesn't support the specified file(s)
2026/07/10 19:37:07 Skipping pmd as it doesn't support the specified file(s)
2026/07/10 19:37:07 Skipping pylint as it doesn't support the specified file(s)
2026/07/10 19:37:07 Skipping revive as it doesn't support the specified file(s)
2026/07/10 19:37:07 Skipping dartanalyzer as it doesn't support the specified file(s)
2026/07/10 19:37:07 Skipping eslint as it doesn't support the specified file(s)
2026/07/10 19:37:07 Skipping lizard as it doesn't support the specified file(s)
2026/07/10 19:37:07 Running tools for the specified file(s)...
2026/07/10 19:37:07 Running trivy...
2026-07-10T19:37:07+02:00 [INFO] (codacy-cli-v2/cmd/analyze.go:360) Config file found for tool toolConfigPath=.codacy/tools-configs/trivy.yaml tool=trivy
2026/07/10 19:37:07 Tool failed to run: failed to run Trivy: exit status 1
2026-07-10T19:37:19+02:00 [INFO] (codacy-cli-v2/cli-v2.go:27) Starting Codacy CLI version=1.0.0-main.380.sha.27e119a (27e119a) built at 2026-06-11T09:54:47Z
2026-07-10T19:37:19+02:00 [INFO] (codacy-cli-v2/cmd/root.go:34) Executing CLI command full_command=[/Users/Andreas/Library/Caches/Codacy/codacy-cli-v2/1.0.0-main.380.sha.27e119a/codacy-cli-v2 analyze /Users/Andreas/GitHub/thalassa/.vscode/mcp.json --format sarif] args=[/Users/Andreas/GitHub/thalassa/.vscode/mcp.json] command=analyze
2026/07/10 19:37:19 Running all configured tools...
2026/07/10 19:37:19 Skipping pylint as it doesn't support the specified file(s)
2026/07/10 19:37:19 Skipping revive as it doesn't support the specified file(s)
2026/07/10 19:37:19 Skipping dartanalyzer as it doesn't support the specified file(s)
2026/07/10 19:37:19 Skipping eslint as it doesn't support the specified file(s)
2026/07/10 19:37:19 Skipping lizard as it doesn't support the specified file(s)
2026/07/10 19:37:19 Skipping opengrep as it doesn't support the specified file(s)
2026/07/10 19:37:19 Skipping pmd as it doesn't support the specified file(s)
2026/07/10 19:37:19 Running tools for the specified file(s)...
2026/07/10 19:37:19 Running trivy...
2026-07-10T19:37:19+02:00 [INFO] (codacy-cli-v2/cmd/analyze.go:360) Config file found for tool tool=trivy toolConfigPath=.codacy/tools-configs/trivy.yaml
2026/07/10 19:37:19 Tool failed to run: failed to run Trivy: exit status 1
2026-07-10T19:40:03+02:00 [INFO] (codacy-cli-v2/cli-v2.go:27) Starting Codacy CLI version=1.0.0-main.380.sha.27e119a (27e119a) built at 2026-06-11T09:54:47Z
2026-07-10T19:40:03+02:00 [INFO] (codacy-cli-v2/cmd/root.go:34) Executing CLI command args=[/Users/Andreas/Library/Application Support/Code/User/mcp.json] command=analyze full_command=[/Users/Andreas/Library/Caches/Codacy/codacy-cli-v2/1.0.0-main.380.sha.27e119a/codacy-cli-v2 analyze /Users/Andreas/Library/Application Support/Code/User/mcp.json --format sarif]
2026/07/10 19:40:03 Running all configured tools...
2026/07/10 19:40:03 Skipping pylint as it doesn't support the specified file(s)
2026/07/10 19:40:03 Skipping revive as it doesn't support the specified file(s)
2026/07/10 19:40:03 Skipping dartanalyzer as it doesn't support the specified file(s)
2026/07/10 19:40:03 Skipping eslint as it doesn't support the specified file(s)
2026/07/10 19:40:03 Skipping lizard as it doesn't support the specified file(s)
2026/07/10 19:40:03 Skipping opengrep as it doesn't support the specified file(s)
2026/07/10 19:40:03 Skipping pmd as it doesn't support the specified file(s)
2026/07/10 19:40:03 Running tools for the specified file(s)...
2026/07/10 19:40:03 Running trivy...
2026-07-10T19:40:03+02:00 [INFO] (codacy-cli-v2/cmd/analyze.go:360) Config file found for tool tool=trivy toolConfigPath=.codacy/tools-configs/trivy.yaml
2026/07/10 19:40:03 Tool failed to run: failed to run Trivy: exit status 1
2026-07-10T19:40:07+02:00 [INFO] (codacy-cli-v2/cli-v2.go:27) Starting Codacy CLI version=1.0.0-main.380.sha.27e119a (27e119a) built at 2026-06-11T09:54:47Z
2026-07-10T19:40:07+02:00 [INFO] (codacy-cli-v2/cmd/root.go:34) Executing CLI command full_command=[/Users/Andreas/Library/Caches/Codacy/codacy-cli-v2/1.0.0-main.380.sha.27e119a/codacy-cli-v2 analyze /Users/Andreas/GitHub/hemera/.vscode/mcp.json --format sarif] args=[/Users/Andreas/GitHub/hemera/.vscode/mcp.json] command=analyze
2026/07/10 19:40:07 Running all configured tools...
2026/07/10 19:40:07 Skipping pylint as it doesn't support the specified file(s)
2026/07/10 19:40:07 Skipping revive as it doesn't support the specified file(s)
2026/07/10 19:40:07 Skipping dartanalyzer as it doesn't support the specified file(s)
2026/07/10 19:40:07 Skipping eslint as it doesn't support the specified file(s)
2026/07/10 19:40:07 Skipping lizard as it doesn't support the specified file(s)
2026/07/10 19:40:07 Skipping opengrep as it doesn't support the specified file(s)
2026/07/10 19:40:07 Skipping pmd as it doesn't support the specified file(s)
2026/07/10 19:40:07 Running tools for the specified file(s)...
2026/07/10 19:40:07 Running trivy...
2026-07-10T19:40:07+02:00 [INFO] (codacy-cli-v2/cmd/analyze.go:360) Config file found for tool tool=trivy toolConfigPath=.codacy/tools-configs/trivy.yaml
2026/07/10 19:40:07 Tool failed to run: failed to run Trivy: exit status 1
2026-07-10T19:40:21+02:00 [INFO] (codacy-cli-v2/cli-v2.go:27) Starting Codacy CLI version=1.0.0-main.380.sha.27e119a (27e119a) built at 2026-06-11T09:54:47Z
2026-07-10T19:40:21+02:00 [INFO] (codacy-cli-v2/cmd/root.go:34) Executing CLI command full_command=[/Users/Andreas/Library/Caches/Codacy/codacy-cli-v2/1.0.0-main.380.sha.27e119a/codacy-cli-v2 analyze /Users/Andreas/GitHub/thalassa/.vscode/mcp.json --format sarif] args=[/Users/Andreas/GitHub/thalassa/.vscode/mcp.json] command=analyze
2026/07/10 19:40:21 Running all configured tools...
2026/07/10 19:40:21 Skipping opengrep as it doesn't support the specified file(s)
2026/07/10 19:40:21 Skipping pmd as it doesn't support the specified file(s)
2026/07/10 19:40:21 Skipping pylint as it doesn't support the specified file(s)
2026/07/10 19:40:21 Skipping revive as it doesn't support the specified file(s)
2026/07/10 19:40:21 Skipping dartanalyzer as it doesn't support the specified file(s)
2026/07/10 19:40:21 Skipping eslint as it doesn't support the specified file(s)
2026/07/10 19:40:21 Skipping lizard as it doesn't support the specified file(s)
2026/07/10 19:40:21 Running tools for the specified file(s)...
2026/07/10 19:40:21 Running trivy...
2026-07-10T19:40:21+02:00 [INFO] (codacy-cli-v2/cmd/analyze.go:360) Config file found for tool tool=trivy toolConfigPath=.codacy/tools-configs/trivy.yaml
2026/07/10 19:40:22 Tool failed to run: failed to run Trivy: exit status 1
2026-07-10T19:43:03+02:00 [INFO] (codacy-cli-v2/cli-v2.go:27) Starting Codacy CLI version=1.0.0-main.380.sha.27e119a (27e119a) built at 2026-06-11T09:54:47Z
2026-07-10T19:43:03+02:00 [INFO] (codacy-cli-v2/cmd/root.go:34) Executing CLI command command=analyze full_command=[/Users/Andreas/Library/Caches/Codacy/codacy-cli-v2/1.0.0-main.380.sha.27e119a/codacy-cli-v2 analyze /Users/Andreas/Library/Application Support/Code/User/mcp.json --format sarif] args=[/Users/Andreas/Library/Application Support/Code/User/mcp.json]
2026/07/10 19:43:03 Running all configured tools...
2026/07/10 19:43:03 Skipping eslint as it doesn't support the specified file(s)
2026/07/10 19:43:03 Skipping lizard as it doesn't support the specified file(s)
2026/07/10 19:43:03 Skipping opengrep as it doesn't support the specified file(s)
2026/07/10 19:43:03 Skipping pmd as it doesn't support the specified file(s)
2026/07/10 19:43:03 Skipping pylint as it doesn't support the specified file(s)
2026/07/10 19:43:03 Skipping revive as it doesn't support the specified file(s)
2026/07/10 19:43:03 Skipping dartanalyzer as it doesn't support the specified file(s)
2026/07/10 19:43:03 Running tools for the specified file(s)...
2026/07/10 19:43:03 Running trivy...
2026-07-10T19:43:03+02:00 [INFO] (codacy-cli-v2/cmd/analyze.go:360) Config file found for tool tool=trivy toolConfigPath=.codacy/tools-configs/trivy.yaml
2026/07/10 19:43:04 Tool failed to run: failed to run Trivy: exit status 1
2026-07-10T19:43:08+02:00 [INFO] (codacy-cli-v2/cli-v2.go:27) Starting Codacy CLI version=1.0.0-main.380.sha.27e119a (27e119a) built at 2026-06-11T09:54:47Z
2026-07-10T19:43:08+02:00 [INFO] (codacy-cli-v2/cmd/root.go:34) Executing CLI command command=analyze full_command=[/Users/Andreas/Library/Caches/Codacy/codacy-cli-v2/1.0.0-main.380.sha.27e119a/codacy-cli-v2 analyze /Users/Andreas/GitHub/gaia/.vscode/mcp.json --format sarif] args=[/Users/Andreas/GitHub/gaia/.vscode/mcp.json]
2026/07/10 19:43:08 Running all configured tools...
2026/07/10 19:43:08 Skipping opengrep as it doesn't support the specified file(s)
2026/07/10 19:43:08 Skipping pmd as it doesn't support the specified file(s)
2026/07/10 19:43:08 Skipping pylint as it doesn't support the specified file(s)
2026/07/10 19:43:08 Skipping revive as it doesn't support the specified file(s)
2026/07/10 19:43:08 Skipping dartanalyzer as it doesn't support the specified file(s)
2026/07/10 19:43:08 Skipping eslint as it doesn't support the specified file(s)
2026/07/10 19:43:08 Skipping lizard as it doesn't support the specified file(s)
2026/07/10 19:43:08 Running tools for the specified file(s)...
2026/07/10 19:43:08 Running trivy...
2026-07-10T19:43:08+02:00 [INFO] (codacy-cli-v2/cmd/analyze.go:360) Config file found for tool tool=trivy toolConfigPath=.codacy/tools-configs/trivy.yaml
2026/07/10 19:43:09 Tool failed to run: failed to run Trivy: exit status 1
2026-07-10T19:43:22+02:00 [INFO] (codacy-cli-v2/cli-v2.go:27) Starting Codacy CLI version=1.0.0-main.380.sha.27e119a (27e119a) built at 2026-06-11T09:54:47Z
2026-07-10T19:43:22+02:00 [INFO] (codacy-cli-v2/cmd/root.go:34) Executing CLI command command=analyze full_command=[/Users/Andreas/Library/Caches/Codacy/codacy-cli-v2/1.0.0-main.380.sha.27e119a/codacy-cli-v2 analyze /Users/Andreas/GitHub/thalassa/.vscode/mcp.json --format sarif] args=[/Users/Andreas/GitHub/thalassa/.vscode/mcp.json]
2026/07/10 19:43:22 Running all configured tools...
2026/07/10 19:43:22 Skipping pylint as it doesn't support the specified file(s)
2026/07/10 19:43:22 Skipping revive as it doesn't support the specified file(s)
2026/07/10 19:43:22 Skipping dartanalyzer as it doesn't support the specified file(s)
2026/07/10 19:43:22 Skipping eslint as it doesn't support the specified file(s)
2026/07/10 19:43:22 Skipping lizard as it doesn't support the specified file(s)
2026/07/10 19:43:22 Skipping opengrep as it doesn't support the specified file(s)
2026/07/10 19:43:22 Skipping pmd as it doesn't support the specified file(s)
2026/07/10 19:43:22 Running tools for the specified file(s)...
2026/07/10 19:43:22 Running trivy...
2026-07-10T19:43:22+02:00 [INFO] (codacy-cli-v2/cmd/analyze.go:360) Config file found for tool toolConfigPath=.codacy/tools-configs/trivy.yaml tool=trivy
2026/07/10 19:43:23 Tool failed to run: failed to run Trivy: exit status 1
2026-07-10T19:46:04+02:00 [INFO] (codacy-cli-v2/cli-v2.go:27) Starting Codacy CLI version=1.0.0-main.380.sha.27e119a (27e119a) built at 2026-06-11T09:54:47Z
2026-07-10T19:46:04+02:00 [INFO] (codacy-cli-v2/cmd/root.go:34) Executing CLI command full_command=[/Users/Andreas/Library/Caches/Codacy/codacy-cli-v2/1.0.0-main.380.sha.27e119a/codacy-cli-v2 analyze /Users/Andreas/Library/Application Support/Code/User/mcp.json --format sarif] args=[/Users/Andreas/Library/Application Support/Code/User/mcp.json] command=analyze
2026/07/10 19:46:04 Running all configured tools...
2026/07/10 19:46:04 Skipping pmd as it doesn't support the specified file(s)
2026/07/10 19:46:04 Skipping pylint as it doesn't support the specified file(s)
2026/07/10 19:46:04 Skipping revive as it doesn't support the specified file(s)
2026/07/10 19:46:04 Skipping dartanalyzer as it doesn't support the specified file(s)
2026/07/10 19:46:04 Skipping eslint as it doesn't support the specified file(s)
2026/07/10 19:46:04 Skipping lizard as it doesn't support the specified file(s)
2026/07/10 19:46:04 Skipping opengrep as it doesn't support the specified file(s)
2026/07/10 19:46:04 Running tools for the specified file(s)...
2026/07/10 19:46:04 Running trivy...
2026-07-10T19:46:04+02:00 [INFO] (codacy-cli-v2/cmd/analyze.go:360) Config file found for tool tool=trivy toolConfigPath=.codacy/tools-configs/trivy.yaml
2026/07/10 19:46:05 Tool failed to run: failed to run Trivy: exit status 1
2026-07-10T19:46:09+02:00 [INFO] (codacy-cli-v2/cli-v2.go:27) Starting Codacy CLI version=1.0.0-main.380.sha.27e119a (27e119a) built at 2026-06-11T09:54:47Z
2026-07-10T19:46:09+02:00 [INFO] (codacy-cli-v2/cmd/root.go:34) Executing CLI command full_command=[/Users/Andreas/Library/Caches/Codacy/codacy-cli-v2/1.0.0-main.380.sha.27e119a/codacy-cli-v2 analyze /Users/Andreas/GitHub/gaia/.vscode/mcp.json --format sarif] args=[/Users/Andreas/GitHub/gaia/.vscode/mcp.json] command=analyze
2026/07/10 19:46:09 Running all configured tools...
2026/07/10 19:46:09 Skipping lizard as it doesn't support the specified file(s)
2026/07/10 19:46:09 Skipping opengrep as it doesn't support the specified file(s)
2026/07/10 19:46:09 Skipping pmd as it doesn't support the specified file(s)
2026/07/10 19:46:09 Skipping pylint as it doesn't support the specified file(s)
2026/07/10 19:46:09 Skipping revive as it doesn't support the specified file(s)
2026/07/10 19:46:09 Skipping dartanalyzer as it doesn't support the specified file(s)
2026/07/10 19:46:09 Skipping eslint as it doesn't support the specified file(s)
2026/07/10 19:46:09 Running tools for the specified file(s)...
2026/07/10 19:46:09 Running trivy...
2026-07-10T19:46:09+02:00 [INFO] (codacy-cli-v2/cmd/analyze.go:360) Config file found for tool toolConfigPath=.codacy/tools-configs/trivy.yaml tool=trivy
2026/07/10 19:46:09 Tool failed to run: failed to run Trivy: exit status 1
2026-07-10T19:46:23+02:00 [INFO] (codacy-cli-v2/cli-v2.go:27) Starting Codacy CLI version=1.0.0-main.380.sha.27e119a (27e119a) built at 2026-06-11T09:54:47Z
2026-07-10T19:46:23+02:00 [INFO] (codacy-cli-v2/cmd/root.go:34) Executing CLI command command=analyze full_command=[/Users/Andreas/Library/Caches/Codacy/codacy-cli-v2/1.0.0-main.380.sha.27e119a/codacy-cli-v2 analyze /Users/Andreas/GitHub/thalassa/.vscode/mcp.json --format sarif] args=[/Users/Andreas/GitHub/thalassa/.vscode/mcp.json]
2026/07/10 19:46:23 Running all configured tools...
2026/07/10 19:46:23 Skipping pylint as it doesn't support the specified file(s)
2026/07/10 19:46:23 Skipping revive as it doesn't support the specified file(s)
2026/07/10 19:46:23 Skipping dartanalyzer as it doesn't support the specified file(s)
2026/07/10 19:46:23 Skipping eslint as it doesn't support the specified file(s)
2026/07/10 19:46:23 Skipping lizard as it doesn't support the specified file(s)
2026/07/10 19:46:23 Skipping opengrep as it doesn't support the specified file(s)
2026/07/10 19:46:23 Skipping pmd as it doesn't support the specified file(s)
2026/07/10 19:46:23 Running tools for the specified file(s)...
2026/07/10 19:46:23 Running trivy...
2026-07-10T19:46:23+02:00 [INFO] (codacy-cli-v2/cmd/analyze.go:360) Config file found for tool tool=trivy toolConfigPath=.codacy/tools-configs/trivy.yaml
2026/07/10 19:46:23 Tool failed to run: failed to run Trivy: exit status 1
2026-07-10T19:49:04+02:00 [INFO] (codacy-cli-v2/cli-v2.go:27) Starting Codacy CLI version=1.0.0-main.380.sha.27e119a (27e119a) built at 2026-06-11T09:54:47Z
2026-07-10T19:49:04+02:00 [INFO] (codacy-cli-v2/cmd/root.go:34) Executing CLI command command=analyze full_command=[/Users/Andreas/Library/Caches/Codacy/codacy-cli-v2/1.0.0-main.380.sha.27e119a/codacy-cli-v2 analyze /Users/Andreas/Library/Application Support/Code/User/mcp.json --format sarif] args=[/Users/Andreas/Library/Application Support/Code/User/mcp.json]
2026/07/10 19:49:04 Running all configured tools...
2026/07/10 19:49:04 Skipping dartanalyzer as it doesn't support the specified file(s)
2026/07/10 19:49:04 Skipping eslint as it doesn't support the specified file(s)
2026/07/10 19:49:04 Skipping lizard as it doesn't support the specified file(s)
2026/07/10 19:49:04 Skipping opengrep as it doesn't support the specified file(s)
2026/07/10 19:49:04 Skipping pmd as it doesn't support the specified file(s)
2026/07/10 19:49:04 Skipping pylint as it doesn't support the specified file(s)
2026/07/10 19:49:04 Skipping revive as it doesn't support the specified file(s)
2026/07/10 19:49:04 Running tools for the specified file(s)...
2026/07/10 19:49:04 Running trivy...
2026-07-10T19:49:04+02:00 [INFO] (codacy-cli-v2/cmd/analyze.go:360) Config file found for tool tool=trivy toolConfigPath=.codacy/tools-configs/trivy.yaml
2026/07/10 19:49:05 Tool failed to run: failed to run Trivy: exit status 1
2026-07-10T19:49:09+02:00 [INFO] (codacy-cli-v2/cli-v2.go:27) Starting Codacy CLI version=1.0.0-main.380.sha.27e119a (27e119a) built at 2026-06-11T09:54:47Z
2026-07-10T19:49:09+02:00 [INFO] (codacy-cli-v2/cmd/root.go:34) Executing CLI command args=[/Users/Andreas/GitHub/gaia/.vscode/mcp.json] command=analyze full_command=[/Users/Andreas/Library/Caches/Codacy/codacy-cli-v2/1.0.0-main.380.sha.27e119a/codacy-cli-v2 analyze /Users/Andreas/GitHub/gaia/.vscode/mcp.json --format sarif]
2026/07/10 19:49:09 Running all configured tools...
2026/07/10 19:49:09 Skipping pylint as it doesn't support the specified file(s)
2026/07/10 19:49:09 Skipping revive as it doesn't support the specified file(s)
2026/07/10 19:49:09 Skipping dartanalyzer as it doesn't support the specified file(s)
2026/07/10 19:49:09 Skipping eslint as it doesn't support the specified file(s)
2026/07/10 19:49:09 Skipping lizard as it doesn't support the specified file(s)
2026/07/10 19:49:09 Skipping opengrep as it doesn't support the specified file(s)
2026/07/10 19:49:09 Skipping pmd as it doesn't support the specified file(s)
2026/07/10 19:49:09 Running tools for the specified file(s)...
2026/07/10 19:49:09 Running trivy...
2026-07-10T19:49:09+02:00 [INFO] (codacy-cli-v2/cmd/analyze.go:360) Config file found for tool tool=trivy toolConfigPath=.codacy/tools-configs/trivy.yaml
2026/07/10 19:49:10 Tool failed to run: failed to run Trivy: exit status 1
2026-07-10T19:49:23+02:00 [INFO] (codacy-cli-v2/cli-v2.go:27) Starting Codacy CLI version=1.0.0-main.380.sha.27e119a (27e119a) built at 2026-06-11T09:54:47Z
2026-07-10T19:49:23+02:00 [INFO] (codacy-cli-v2/cmd/root.go:34) Executing CLI command command=analyze full_command=[/Users/Andreas/Library/Caches/Codacy/codacy-cli-v2/1.0.0-main.380.sha.27e119a/codacy-cli-v2 analyze /Users/Andreas/GitHub/thalassa/.vscode/mcp.json --format sarif] args=[/Users/Andreas/GitHub/thalassa/.vscode/mcp.json]
2026/07/10 19:49:23 Running all configured tools...
2026/07/10 19:49:23 Skipping pylint as it doesn't support the specified file(s)
2026/07/10 19:49:23 Skipping revive as it doesn't support the specified file(s)
2026/07/10 19:49:23 Skipping dartanalyzer as it doesn't support the specified file(s)
2026/07/10 19:49:23 Skipping eslint as it doesn't support the specified file(s)
2026/07/10 19:49:23 Skipping lizard as it doesn't support the specified file(s)
2026/07/10 19:49:23 Skipping opengrep as it doesn't support the specified file(s)
2026/07/10 19:49:23 Skipping pmd as it doesn't support the specified file(s)
2026/07/10 19:49:23 Running tools for the specified file(s)...
2026/07/10 19:49:23 Running trivy...
2026-07-10T19:49:23+02:00 [INFO] (codacy-cli-v2/cmd/analyze.go:360) Config file found for tool toolConfigPath=.codacy/tools-configs/trivy.yaml tool=trivy
2026/07/10 19:49:24 Tool failed to run: failed to run Trivy: exit status 1
2026-07-10T19:52:05+02:00 [INFO] (codacy-cli-v2/cli-v2.go:27) Starting Codacy CLI version=1.0.0-main.380.sha.27e119a (27e119a) built at 2026-06-11T09:54:47Z
2026-07-10T19:52:05+02:00 [INFO] (codacy-cli-v2/cmd/root.go:34) Executing CLI command full_command=[/Users/Andreas/Library/Caches/Codacy/codacy-cli-v2/1.0.0-main.380.sha.27e119a/codacy-cli-v2 analyze /Users/Andreas/Library/Application Support/Code/User/mcp.json --format sarif] args=[/Users/Andreas/Library/Application Support/Code/User/mcp.json] command=analyze
2026/07/10 19:52:05 Running all configured tools...
2026/07/10 19:52:05 Skipping opengrep as it doesn't support the specified file(s)
2026/07/10 19:52:05 Skipping pmd as it doesn't support the specified file(s)
2026/07/10 19:52:05 Skipping pylint as it doesn't support the specified file(s)
2026/07/10 19:52:05 Skipping revive as it doesn't support the specified file(s)
2026/07/10 19:52:05 Skipping dartanalyzer as it doesn't support the specified file(s)
2026/07/10 19:52:05 Skipping eslint as it doesn't support the specified file(s)
2026/07/10 19:52:05 Skipping lizard as it doesn't support the specified file(s)
2026/07/10 19:52:05 Running tools for the specified file(s)...
2026/07/10 19:52:05 Running trivy...
2026-07-10T19:52:05+02:00 [INFO] (codacy-cli-v2/cmd/analyze.go:360) Config file found for tool toolConfigPath=.codacy/tools-configs/trivy.yaml tool=trivy
2026/07/10 19:52:06 Tool failed to run: failed to run Trivy: exit status 1
2026-07-10T19:52:10+02:00 [INFO] (codacy-cli-v2/cli-v2.go:27) Starting Codacy CLI version=1.0.0-main.380.sha.27e119a (27e119a) built at 2026-06-11T09:54:47Z
2026-07-10T19:52:10+02:00 [INFO] (codacy-cli-v2/cmd/root.go:34) Executing CLI command args=[/Users/Andreas/GitHub/gaia/.vscode/mcp.json] command=analyze full_command=[/Users/Andreas/Library/Caches/Codacy/codacy-cli-v2/1.0.0-main.380.sha.27e119a/codacy-cli-v2 analyze /Users/Andreas/GitHub/gaia/.vscode/mcp.json --format sarif]
2026/07/10 19:52:10 Running all configured tools...
2026/07/10 19:52:10 Skipping dartanalyzer as it doesn't support the specified file(s)
2026/07/10 19:52:10 Skipping eslint as it doesn't support the specified file(s)
2026/07/10 19:52:10 Skipping lizard as it doesn't support the specified file(s)
2026/07/10 19:52:10 Skipping opengrep as it doesn't support the specified file(s)
2026/07/10 19:52:10 Skipping pmd as it doesn't support the specified file(s)
2026/07/10 19:52:10 Skipping pylint as it doesn't support the specified file(s)
2026/07/10 19:52:10 Skipping revive as it doesn't support the specified file(s)
2026/07/10 19:52:10 Running tools for the specified file(s)...
2026/07/10 19:52:10 Running trivy...
2026-07-10T19:52:10+02:00 [INFO] (codacy-cli-v2/cmd/analyze.go:360) Config file found for tool tool=trivy toolConfigPath=.codacy/tools-configs/trivy.yaml
2026/07/10 19:52:10 Tool failed to run: failed to run Trivy: exit status 1
2026-07-10T19:52:24+02:00 [INFO] (codacy-cli-v2/cli-v2.go:27) Starting Codacy CLI version=1.0.0-main.380.sha.27e119a (27e119a) built at 2026-06-11T09:54:47Z
2026-07-10T19:52:24+02:00 [INFO] (codacy-cli-v2/cmd/root.go:34) Executing CLI command full_command=[/Users/Andreas/Library/Caches/Codacy/codacy-cli-v2/1.0.0-main.380.sha.27e119a/codacy-cli-v2 analyze /Users/Andreas/GitHub/thalassa/.vscode/mcp.json --format sarif] args=[/Users/Andreas/GitHub/thalassa/.vscode/mcp.json] command=analyze
2026/07/10 19:52:24 Running all configured tools...
2026/07/10 19:52:24 Skipping pmd as it doesn't support the specified file(s)
2026/07/10 19:52:24 Skipping pylint as it doesn't support the specified file(s)
2026/07/10 19:52:24 Skipping revive as it doesn't support the specified file(s)
2026/07/10 19:52:24 Skipping dartanalyzer as it doesn't support the specified file(s)
2026/07/10 19:52:24 Skipping eslint as it doesn't support the specified file(s)
2026/07/10 19:52:24 Skipping lizard as it doesn't support the specified file(s)
2026/07/10 19:52:24 Skipping opengrep as it doesn't support the specified file(s)
2026/07/10 19:52:24 Running tools for the specified file(s)...
2026/07/10 19:52:24 Running trivy...
2026-07-10T19:52:24+02:00 [INFO] (codacy-cli-v2/cmd/analyze.go:360) Config file found for tool tool=trivy toolConfigPath=.codacy/tools-configs/trivy.yaml
2026/07/10 19:52:25 Tool failed to run: failed to run Trivy: exit status 1
2026-07-10T19:55:05+02:00 [INFO] (codacy-cli-v2/cli-v2.go:27) Starting Codacy CLI version=1.0.0-main.380.sha.27e119a (27e119a) built at 2026-06-11T09:54:47Z
2026-07-10T19:55:05+02:00 [INFO] (codacy-cli-v2/cmd/root.go:34) Executing CLI command full_command=[/Users/Andreas/Library/Caches/Codacy/codacy-cli-v2/1.0.0-main.380.sha.27e119a/codacy-cli-v2 analyze /Users/Andreas/Library/Application Support/Code/User/mcp.json --format sarif] args=[/Users/Andreas/Library/Application Support/Code/User/mcp.json] command=analyze
2026/07/10 19:55:05 Running all configured tools...
2026/07/10 19:55:05 Skipping pmd as it doesn't support the specified file(s)
2026/07/10 19:55:05 Skipping pylint as it doesn't support the specified file(s)
2026/07/10 19:55:05 Skipping revive as it doesn't support the specified file(s)
2026/07/10 19:55:05 Skipping dartanalyzer as it doesn't support the specified file(s)
2026/07/10 19:55:05 Skipping eslint as it doesn't support the specified file(s)
2026/07/10 19:55:05 Skipping lizard as it doesn't support the specified file(s)
2026/07/10 19:55:05 Skipping opengrep as it doesn't support the specified file(s)
2026/07/10 19:55:05 Running tools for the specified file(s)...
2026/07/10 19:55:05 Running trivy...
2026-07-10T19:55:05+02:00 [INFO] (codacy-cli-v2/cmd/analyze.go:360) Config file found for tool toolConfigPath=.codacy/tools-configs/trivy.yaml tool=trivy
2026/07/10 19:55:06 Tool failed to run: failed to run Trivy: exit status 1
2026-07-10T19:55:11+02:00 [INFO] (codacy-cli-v2/cli-v2.go:27) Starting Codacy CLI version=1.0.0-main.380.sha.27e119a (27e119a) built at 2026-06-11T09:54:47Z
2026-07-10T19:55:11+02:00 [INFO] (codacy-cli-v2/cmd/root.go:34) Executing CLI command command=analyze full_command=[/Users/Andreas/Library/Caches/Codacy/codacy-cli-v2/1.0.0-main.380.sha.27e119a/codacy-cli-v2 analyze /Users/Andreas/GitHub/gaia/.vscode/mcp.json --format sarif] args=[/Users/Andreas/GitHub/gaia/.vscode/mcp.json]
2026/07/10 19:55:11 Running all configured tools...
2026/07/10 19:55:11 Skipping dartanalyzer as it doesn't support the specified file(s)
2026/07/10 19:55:11 Skipping eslint as it doesn't support the specified file(s)
2026/07/10 19:55:11 Skipping lizard as it doesn't support the specified file(s)
2026/07/10 19:55:11 Skipping opengrep as it doesn't support the specified file(s)
2026/07/10 19:55:11 Skipping pmd as it doesn't support the specified file(s)
2026/07/10 19:55:11 Skipping pylint as it doesn't support the specified file(s)
2026/07/10 19:55:11 Skipping revive as it doesn't support the specified file(s)
2026/07/10 19:55:11 Running tools for the specified file(s)...
2026/07/10 19:55:11 Running trivy...
2026-07-10T19:55:11+02:00 [INFO] (codacy-cli-v2/cmd/analyze.go:360) Config file found for tool tool=trivy toolConfigPath=.codacy/tools-configs/trivy.yaml
2026/07/10 19:55:11 Tool failed to run: failed to run Trivy: exit status 1
2026-07-10T19:55:26+02:00 [INFO] (codacy-cli-v2/cli-v2.go:27) Starting Codacy CLI version=1.0.0-main.380.sha.27e119a (27e119a) built at 2026-06-11T09:54:47Z
2026-07-10T19:55:26+02:00 [INFO] (codacy-cli-v2/cmd/root.go:34) Executing CLI command full_command=[/Users/Andreas/Library/Caches/Codacy/codacy-cli-v2/1.0.0-main.380.sha.27e119a/codacy-cli-v2 analyze /Users/Andreas/GitHub/thalassa/.vscode/mcp.json --format sarif] args=[/Users/Andreas/GitHub/thalassa/.vscode/mcp.json] command=analyze
2026/07/10 19:55:26 Running all configured tools...
2026/07/10 19:55:26 Skipping opengrep as it doesn't support the specified file(s)
2026/07/10 19:55:26 Skipping pmd as it doesn't support the specified file(s)
2026/07/10 19:55:26 Skipping pylint as it doesn't support the specified file(s)
2026/07/10 19:55:26 Skipping revive as it doesn't support the specified file(s)
2026/07/10 19:55:26 Skipping dartanalyzer as it doesn't support the specified file(s)
2026/07/10 19:55:26 Skipping eslint as it doesn't support the specified file(s)
2026/07/10 19:55:26 Skipping lizard as it doesn't support the specified file(s)
2026/07/10 19:55:26 Running tools for the specified file(s)...
2026/07/10 19:55:26 Running trivy...
2026-07-10T19:55:26+02:00 [INFO] (codacy-cli-v2/cmd/analyze.go:360) Config file found for tool toolConfigPath=.codacy/tools-configs/trivy.yaml tool=trivy
2026/07/10 19:55:27 Tool failed to run: failed to run Trivy: exit status 1
2026-07-10T19:58:06+02:00 [INFO] (codacy-cli-v2/cli-v2.go:27) Starting Codacy CLI version=1.0.0-main.380.sha.27e119a (27e119a) built at 2026-06-11T09:54:47Z
2026-07-10T19:58:06+02:00 [INFO] (codacy-cli-v2/cmd/root.go:34) Executing CLI command command=analyze full_command=[/Users/Andreas/Library/Caches/Codacy/codacy-cli-v2/1.0.0-main.380.sha.27e119a/codacy-cli-v2 analyze /Users/Andreas/Library/Application Support/Code/User/mcp.json --format sarif] args=[/Users/Andreas/Library/Application Support/Code/User/mcp.json]
2026/07/10 19:58:06 Running all configured tools...
2026/07/10 19:58:06 Skipping eslint as it doesn't support the specified file(s)
2026/07/10 19:58:06 Skipping lizard as it doesn't support the specified file(s)
2026/07/10 19:58:06 Skipping opengrep as it doesn't support the specified file(s)
2026/07/10 19:58:06 Skipping pmd as it doesn't support the specified file(s)
2026/07/10 19:58:06 Skipping pylint as it doesn't support the specified file(s)
2026/07/10 19:58:06 Skipping revive as it doesn't support the specified file(s)
2026/07/10 19:58:06 Skipping dartanalyzer as it doesn't support the specified file(s)
2026/07/10 19:58:06 Running tools for the specified file(s)...
2026/07/10 19:58:06 Running trivy...
2026-07-10T19:58:06+02:00 [INFO] (codacy-cli-v2/cmd/analyze.go:360) Config file found for tool toolConfigPath=.codacy/tools-configs/trivy.yaml tool=trivy
2026/07/10 19:58:07 Tool failed to run: failed to run Trivy: exit status 1
2026-07-10T19:58:11+02:00 [INFO] (codacy-cli-v2/cli-v2.go:27) Starting Codacy CLI version=1.0.0-main.380.sha.27e119a (27e119a) built at 2026-06-11T09:54:47Z
2026-07-10T19:58:11+02:00 [INFO] (codacy-cli-v2/cmd/root.go:34) Executing CLI command full_command=[/Users/Andreas/Library/Caches/Codacy/codacy-cli-v2/1.0.0-main.380.sha.27e119a/codacy-cli-v2 analyze /Users/Andreas/GitHub/gaia/.vscode/mcp.json --format sarif] args=[/Users/Andreas/GitHub/gaia/.vscode/mcp.json] command=analyze
2026/07/10 19:58:11 Running all configured tools...
2026/07/10 19:58:11 Skipping pylint as it doesn't support the specified file(s)
2026/07/10 19:58:11 Skipping revive as it doesn't support the specified file(s)
2026/07/10 19:58:11 Skipping dartanalyzer as it doesn't support the specified file(s)
2026/07/10 19:58:11 Skipping eslint as it doesn't support the specified file(s)
2026/07/10 19:58:11 Skipping lizard as it doesn't support the specified file(s)
2026/07/10 19:58:11 Skipping opengrep as it doesn't support the specified file(s)
2026/07/10 19:58:11 Skipping pmd as it doesn't support the specified file(s)
2026/07/10 19:58:11 Running tools for the specified file(s)...
2026/07/10 19:58:11 Running trivy...
2026-07-10T19:58:11+02:00 [INFO] (codacy-cli-v2/cmd/analyze.go:360) Config file found for tool toolConfigPath=.codacy/tools-configs/trivy.yaml tool=trivy
2026/07/10 19:58:11 Tool failed to run: failed to run Trivy: exit status 1
2026-07-10T19:58:27+02:00 [INFO] (codacy-cli-v2/cli-v2.go:27) Starting Codacy CLI version=1.0.0-main.380.sha.27e119a (27e119a) built at 2026-06-11T09:54:47Z
2026-07-10T19:58:27+02:00 [INFO] (codacy-cli-v2/cmd/root.go:34) Executing CLI command command=analyze full_command=[/Users/Andreas/Library/Caches/Codacy/codacy-cli-v2/1.0.0-main.380.sha.27e119a/codacy-cli-v2 analyze /Users/Andreas/GitHub/thalassa/.vscode/mcp.json --format sarif] args=[/Users/Andreas/GitHub/thalassa/.vscode/mcp.json]
2026/07/10 19:58:27 Running all configured tools...
2026/07/10 19:58:27 Skipping revive as it doesn't support the specified file(s)
2026/07/10 19:58:27 Skipping dartanalyzer as it doesn't support the specified file(s)
2026/07/10 19:58:27 Skipping eslint as it doesn't support the specified file(s)
2026/07/10 19:58:27 Skipping lizard as it doesn't support the specified file(s)
2026/07/10 19:58:27 Skipping opengrep as it doesn't support the specified file(s)
2026/07/10 19:58:27 Skipping pmd as it doesn't support the specified file(s)
2026/07/10 19:58:27 Skipping pylint as it doesn't support the specified file(s)
2026/07/10 19:58:27 Running tools for the specified file(s)...
2026/07/10 19:58:27 Running trivy...
2026-07-10T19:58:27+02:00 [INFO] (codacy-cli-v2/cmd/analyze.go:360) Config file found for tool toolConfigPath=.codacy/tools-configs/trivy.yaml tool=trivy
2026/07/10 19:58:28 Tool failed to run: failed to run Trivy: exit status 1
2026-07-10T19:58:33+02:00 [INFO] (codacy-cli-v2/cli-v2.go:27) Starting Codacy CLI version=1.0.0-main.380.sha.27e119a (27e119a) built at 2026-06-11T09:54:47Z
2026-07-10T19:58:33+02:00 [INFO] (codacy-cli-v2/cmd/root.go:34) Executing CLI command command=analyze full_command=[/Users/Andreas/Library/Caches/Codacy/codacy-cli-v2/1.0.0-main.380.sha.27e119a/codacy-cli-v2 analyze /Users/Andreas/Library/Application Support/Code/User/prompts/push.prompt.md --format sarif] args=[/Users/Andreas/Library/Application Support/Code/User/prompts/push.prompt.md]
2026/07/10 19:58:33 Running all configured tools...
2026/07/10 19:58:33 Skipping dartanalyzer as it doesn't support the specified file(s)
2026/07/10 19:58:33 Skipping eslint as it doesn't support the specified file(s)
2026/07/10 19:58:33 Skipping lizard as it doesn't support the specified file(s)
2026/07/10 19:58:33 Skipping opengrep as it doesn't support the specified file(s)
2026/07/10 19:58:33 Skipping pmd as it doesn't support the specified file(s)
2026/07/10 19:58:33 Skipping pylint as it doesn't support the specified file(s)
2026/07/10 19:58:33 Skipping revive as it doesn't support the specified file(s)
2026/07/10 19:58:33 Skipping trivy as it doesn't support the specified file(s)
2026/07/10 19:58:33 No tools support the specified file(s). Skipping analysis.
2026-07-10T20:01:06+02:00 [INFO] (codacy-cli-v2/cli-v2.go:27) Starting Codacy CLI version=1.0.0-main.380.sha.27e119a (27e119a) built at 2026-06-11T09:54:47Z
2026-07-10T20:01:06+02:00 [INFO] (codacy-cli-v2/cmd/root.go:34) Executing CLI command full_command=[/Users/Andreas/Library/Caches/Codacy/codacy-cli-v2/1.0.0-main.380.sha.27e119a/codacy-cli-v2 analyze /Users/Andreas/Library/Application Support/Code/User/mcp.json --format sarif] args=[/Users/Andreas/Library/Application Support/Code/User/mcp.json] command=analyze
2026/07/10 20:01:06 Running all configured tools...
2026/07/10 20:01:06 Skipping pylint as it doesn't support the specified file(s)
2026/07/10 20:01:06 Skipping revive as it doesn't support the specified file(s)
2026/07/10 20:01:06 Skipping dartanalyzer as it doesn't support the specified file(s)
2026/07/10 20:01:06 Skipping eslint as it doesn't support the specified file(s)
2026/07/10 20:01:06 Skipping lizard as it doesn't support the specified file(s)
2026/07/10 20:01:06 Skipping opengrep as it doesn't support the specified file(s)
2026/07/10 20:01:06 Skipping pmd as it doesn't support the specified file(s)
2026/07/10 20:01:06 Running tools for the specified file(s)...
2026/07/10 20:01:06 Running trivy...
2026-07-10T20:01:06+02:00 [INFO] (codacy-cli-v2/cmd/analyze.go:360) Config file found for tool tool=trivy toolConfigPath=.codacy/tools-configs/trivy.yaml
2026/07/10 20:01:07 Tool failed to run: failed to run Trivy: exit status 1
2026-07-10T20:01:12+02:00 [INFO] (codacy-cli-v2/cli-v2.go:27) Starting Codacy CLI version=1.0.0-main.380.sha.27e119a (27e119a) built at 2026-06-11T09:54:47Z
2026-07-10T20:01:12+02:00 [INFO] (codacy-cli-v2/cmd/root.go:34) Executing CLI command command=analyze full_command=[/Users/Andreas/Library/Caches/Codacy/codacy-cli-v2/1.0.0-main.380.sha.27e119a/codacy-cli-v2 analyze /Users/Andreas/GitHub/gaia/.vscode/mcp.json --format sarif] args=[/Users/Andreas/GitHub/gaia/.vscode/mcp.json]
2026/07/10 20:01:12 Running all configured tools...
2026/07/10 20:01:12 Skipping pmd as it doesn't support the specified file(s)
2026/07/10 20:01:12 Skipping pylint as it doesn't support the specified file(s)
2026/07/10 20:01:12 Skipping revive as it doesn't support the specified file(s)
2026/07/10 20:01:12 Skipping dartanalyzer as it doesn't support the specified file(s)
2026/07/10 20:01:12 Skipping eslint as it doesn't support the specified file(s)
2026/07/10 20:01:12 Skipping lizard as it doesn't support the specified file(s)
2026/07/10 20:01:12 Skipping opengrep as it doesn't support the specified file(s)
2026/07/10 20:01:12 Running tools for the specified file(s)...
2026/07/10 20:01:12 Running trivy...
2026-07-10T20:01:12+02:00 [INFO] (codacy-cli-v2/cmd/analyze.go:360) Config file found for tool tool=trivy toolConfigPath=.codacy/tools-configs/trivy.yaml
2026/07/10 20:01:12 Tool failed to run: failed to run Trivy: exit status 1
2026-07-10T20:01:28+02:00 [INFO] (codacy-cli-v2/cli-v2.go:27) Starting Codacy CLI version=1.0.0-main.380.sha.27e119a (27e119a) built at 2026-06-11T09:54:47Z
2026-07-10T20:01:28+02:00 [INFO] (codacy-cli-v2/cmd/root.go:34) Executing CLI command command=analyze full_command=[/Users/Andreas/Library/Caches/Codacy/codacy-cli-v2/1.0.0-main.380.sha.27e119a/codacy-cli-v2 analyze /Users/Andreas/GitHub/thalassa/.vscode/mcp.json --format sarif] args=[/Users/Andreas/GitHub/thalassa/.vscode/mcp.json]
2026/07/10 20:01:28 Running all configured tools...
2026/07/10 20:01:28 Skipping lizard as it doesn't support the specified file(s)
2026/07/10 20:01:28 Skipping opengrep as it doesn't support the specified file(s)
2026/07/10 20:01:28 Skipping pmd as it doesn't support the specified file(s)
2026/07/10 20:01:28 Skipping pylint as it doesn't support the specified file(s)
2026/07/10 20:01:28 Skipping revive as it doesn't support the specified file(s)
2026/07/10 20:01:28 Skipping dartanalyzer as it doesn't support the specified file(s)
2026/07/10 20:01:28 Skipping eslint as it doesn't support the specified file(s)
2026/07/10 20:01:28 Running tools for the specified file(s)...
2026/07/10 20:01:28 Running trivy...
2026-07-10T20:01:28+02:00 [INFO] (codacy-cli-v2/cmd/analyze.go:360) Config file found for tool toolConfigPath=.codacy/tools-configs/trivy.yaml tool=trivy
2026/07/10 20:01:30 Tool failed to run: failed to run Trivy: exit status 1
2026-07-10T20:01:43+02:00 [INFO] (codacy-cli-v2/cli-v2.go:27) Starting Codacy CLI version=1.0.0-main.380.sha.27e119a (27e119a) built at 2026-06-11T09:54:47Z
2026-07-10T20:01:43+02:00 [INFO] (codacy-cli-v2/cmd/root.go:34) Executing CLI command command=analyze full_command=[/Users/Andreas/Library/Caches/Codacy/codacy-cli-v2/1.0.0-main.380.sha.27e119a/codacy-cli-v2 analyze /Users/Andreas/Library/Application Support/Code/User/prompts/push.prompt.md --format sarif] args=[/Users/Andreas/Library/Application Support/Code/User/prompts/push.prompt.md]
2026/07/10 20:01:43 Running all configured tools...
2026/07/10 20:01:43 Skipping revive as it doesn't support the specified file(s)
2026/07/10 20:01:43 Skipping trivy as it doesn't support the specified file(s)
2026/07/10 20:01:43 Skipping dartanalyzer as it doesn't support the specified file(s)
2026/07/10 20:01:43 Skipping eslint as it doesn't support the specified file(s)
2026/07/10 20:01:43 Skipping lizard as it doesn't support the specified file(s)
2026/07/10 20:01:43 Skipping opengrep as it doesn't support the specified file(s)
2026/07/10 20:01:43 Skipping pmd as it doesn't support the specified file(s)
2026/07/10 20:01:43 Skipping pylint as it doesn't support the specified file(s)
2026/07/10 20:01:43 No tools support the specified file(s). Skipping analysis.
2026-07-10T20:02:10+02:00 [INFO] (codacy-cli-v2/cli-v2.go:27) Starting Codacy CLI version=1.0.0-main.380.sha.27e119a (27e119a) built at 2026-06-11T09:54:47Z
2026-07-10T20:02:10+02:00 [INFO] (codacy-cli-v2/cmd/root.go:34) Executing CLI command command=analyze full_command=[/Users/Andreas/Library/Caches/Codacy/codacy-cli-v2/1.0.0-main.380.sha.27e119a/codacy-cli-v2 analyze /Users/Andreas/Library/Application Support/Code/User/workspaceStorage/1996028959a2c86bb93333cd4591544d/GitHub.copilot-chat/chat-session-resources/4618593f-c5e3-4d24-b1f2-92c4ed5102a7/call_ng5TL5pUVxegAoPWQfgARL3b__vscode-1783686308060/content.json --format sarif] args=[/Users/Andreas/Library/Application Support/Code/User/workspaceStorage/1996028959a2c86bb93333cd4591544d/GitHub.copilot-chat/chat-session-resources/4618593f-c5e3-4d24-b1f2-92c4ed5102a7/call_ng5TL5pUVxegAoPWQfgARL3b__vscode-1783686308060/content.json]
2026/07/10 20:02:10 Running all configured tools...
2026/07/10 20:02:10 Skipping revive as it doesn't support the specified file(s)
2026/07/10 20:02:10 Skipping dartanalyzer as it doesn't support the specified file(s)
2026/07/10 20:02:10 Skipping eslint as it doesn't support the specified file(s)
2026/07/10 20:02:10 Skipping lizard as it doesn't support the specified file(s)
2026/07/10 20:02:10 Skipping opengrep as it doesn't support the specified file(s)
2026/07/10 20:02:10 Skipping pmd as it doesn't support the specified file(s)
2026/07/10 20:02:10 Skipping pylint as it doesn't support the specified file(s)
2026/07/10 20:02:10 Running tools for the specified file(s)...
2026/07/10 20:02:10 Running trivy...
2026-07-10T20:02:10+02:00 [INFO] (codacy-cli-v2/cmd/analyze.go:360) Config file found for tool tool=trivy toolConfigPath=.codacy/tools-configs/trivy.yaml
2026/07/10 20:02:11 Tool failed to run: failed to run Trivy: exit status 1
2026-07-10T20:02:27+02:00 [INFO] (codacy-cli-v2/cli-v2.go:27) Starting Codacy CLI version=1.0.0-main.380.sha.27e119a (27e119a) built at 2026-06-11T09:54:47Z
2026-07-10T20:02:27+02:00 [INFO] (codacy-cli-v2/cmd/root.go:34) Executing CLI command command=analyze full_command=[/Users/Andreas/Library/Caches/Codacy/codacy-cli-v2/1.0.0-main.380.sha.27e119a/codacy-cli-v2 analyze /Users/Andreas/GitHub/gaia/.github/prompts/push.prompt.md --format sarif] args=[/Users/Andreas/GitHub/gaia/.github/prompts/push.prompt.md]
2026/07/10 20:02:27 Running all configured tools...
2026/07/10 20:02:27 Skipping eslint as it doesn't support the specified file(s)
2026/07/10 20:02:27 Skipping lizard as it doesn't support the specified file(s)
2026/07/10 20:02:27 Skipping opengrep as it doesn't support the specified file(s)
2026/07/10 20:02:27 Skipping pmd as it doesn't support the specified file(s)
2026/07/10 20:02:27 Skipping pylint as it doesn't support the specified file(s)
2026/07/10 20:02:27 Skipping revive as it doesn't support the specified file(s)
2026/07/10 20:02:27 Skipping trivy as it doesn't support the specified file(s)
2026/07/10 20:02:27 Skipping dartanalyzer as it doesn't support the specified file(s)
2026/07/10 20:02:27 No tools support the specified file(s). Skipping analysis.
2026-07-10T20:02:46+02:00 [INFO] (codacy-cli-v2/cli-v2.go:27) Starting Codacy CLI version=1.0.0-main.380.sha.27e119a (27e119a) built at 2026-06-11T09:54:47Z
2026-07-10T20:02:46+02:00 [INFO] (codacy-cli-v2/cmd/root.go:34) Executing CLI command args=[/Users/Andreas/Library/Application Support/Code/User/workspaceStorage/1996028959a2c86bb93333cd4591544d/GitHub.copilot-chat/chat-session-resources/4618593f-c5e3-4d24-b1f2-92c4ed5102a7/call_b8l93gHc99VwV8T7msXBJjru__vscode-1783686308067/content.json] command=analyze full_command=[/Users/Andreas/Library/Caches/Codacy/codacy-cli-v2/1.0.0-main.380.sha.27e119a/codacy-cli-v2 analyze /Users/Andreas/Library/Application Support/Code/User/workspaceStorage/1996028959a2c86bb93333cd4591544d/GitHub.copilot-chat/chat-session-resources/4618593f-c5e3-4d24-b1f2-92c4ed5102a7/call_b8l93gHc99VwV8T7msXBJjru__vscode-1783686308067/content.json --format sarif]
2026/07/10 20:02:46 Running all configured tools...
2026/07/10 20:02:46 Skipping dartanalyzer as it doesn't support the specified file(s)
2026/07/10 20:02:46 Skipping eslint as it doesn't support the specified file(s)
2026/07/10 20:02:46 Skipping lizard as it doesn't support the specified file(s)
2026/07/10 20:02:46 Skipping opengrep as it doesn't support the specified file(s)
2026/07/10 20:02:46 Skipping pmd as it doesn't support the specified file(s)
2026/07/10 20:02:46 Skipping pylint as it doesn't support the specified file(s)
2026/07/10 20:02:46 Skipping revive as it doesn't support the specified file(s)
2026/07/10 20:02:46 Running tools for the specified file(s)...
2026/07/10 20:02:46 Running trivy...
2026-07-10T20:02:46+02:00 [INFO] (codacy-cli-v2/cmd/analyze.go:360) Config file found for tool toolConfigPath=.codacy/tools-configs/trivy.yaml tool=trivy
2026/07/10 20:02:46 Tool failed to run: failed to run Trivy: exit status 1
2026-07-10T20:04:07+02:00 [INFO] (codacy-cli-v2/cli-v2.go:27) Starting Codacy CLI version=1.0.0-main.380.sha.27e119a (27e119a) built at 2026-06-11T09:54:47Z
2026-07-10T20:04:07+02:00 [INFO] (codacy-cli-v2/cmd/root.go:34) Executing CLI command args=[/Users/Andreas/Library/Application Support/Code/User/mcp.json] command=analyze full_command=[/Users/Andreas/Library/Caches/Codacy/codacy-cli-v2/1.0.0-main.380.sha.27e119a/codacy-cli-v2 analyze /Users/Andreas/Library/Application Support/Code/User/mcp.json --format sarif]
2026/07/10 20:04:07 Running all configured tools...
2026/07/10 20:04:07 Skipping opengrep as it doesn't support the specified file(s)
2026/07/10 20:04:07 Skipping pmd as it doesn't support the specified file(s)
2026/07/10 20:04:07 Skipping pylint as it doesn't support the specified file(s)
2026/07/10 20:04:07 Skipping revive as it doesn't support the specified file(s)
2026/07/10 20:04:07 Skipping dartanalyzer as it doesn't support the specified file(s)
2026/07/10 20:04:07 Skipping eslint as it doesn't support the specified file(s)
2026/07/10 20:04:07 Skipping lizard as it doesn't support the specified file(s)
2026/07/10 20:04:07 Running tools for the specified file(s)...
2026/07/10 20:04:07 Running trivy...
2026-07-10T20:04:07+02:00 [INFO] (codacy-cli-v2/cmd/analyze.go:360) Config file found for tool tool=trivy toolConfigPath=.codacy/tools-configs/trivy.yaml
2026/07/10 20:04:07 Tool failed to run: failed to run Trivy: exit status 1
2026-07-10T20:04:14+02:00 [INFO] (codacy-cli-v2/cli-v2.go:27) Starting Codacy CLI version=1.0.0-main.380.sha.27e119a (27e119a) built at 2026-06-11T09:54:47Z
2026-07-10T20:04:14+02:00 [INFO] (codacy-cli-v2/cmd/root.go:34) Executing CLI command command=analyze full_command=[/Users/Andreas/Library/Caches/Codacy/codacy-cli-v2/1.0.0-main.380.sha.27e119a/codacy-cli-v2 analyze /Users/Andreas/GitHub/gaia/.vscode/mcp.json --format sarif] args=[/Users/Andreas/GitHub/gaia/.vscode/mcp.json]
2026/07/10 20:04:14 Running all configured tools...
2026/07/10 20:04:14 Skipping pmd as it doesn't support the specified file(s)
2026/07/10 20:04:14 Skipping pylint as it doesn't support the specified file(s)
2026/07/10 20:04:14 Skipping revive as it doesn't support the specified file(s)
2026/07/10 20:04:14 Skipping dartanalyzer as it doesn't support the specified file(s)
2026/07/10 20:04:14 Skipping eslint as it doesn't support the specified file(s)
2026/07/10 20:04:14 Skipping lizard as it doesn't support the specified file(s)
2026/07/10 20:04:14 Skipping opengrep as it doesn't support the specified file(s)
2026/07/10 20:04:14 Running tools for the specified file(s)...
2026/07/10 20:04:14 Running trivy...
2026-07-10T20:04:14+02:00 [INFO] (codacy-cli-v2/cmd/analyze.go:360) Config file found for tool toolConfigPath=.codacy/tools-configs/trivy.yaml tool=trivy
2026/07/10 20:04:14 Tool failed to run: failed to run Trivy: exit status 1
2026-07-10T20:04:30+02:00 [INFO] (codacy-cli-v2/cli-v2.go:27) Starting Codacy CLI version=1.0.0-main.380.sha.27e119a (27e119a) built at 2026-06-11T09:54:47Z
2026-07-10T20:04:30+02:00 [INFO] (codacy-cli-v2/cmd/root.go:34) Executing CLI command command=analyze full_command=[/Users/Andreas/Library/Caches/Codacy/codacy-cli-v2/1.0.0-main.380.sha.27e119a/codacy-cli-v2 analyze /Users/Andreas/GitHub/thalassa/.vscode/mcp.json --format sarif] args=[/Users/Andreas/GitHub/thalassa/.vscode/mcp.json]
2026/07/10 20:04:30 Running all configured tools...
2026/07/10 20:04:30 Skipping lizard as it doesn't support the specified file(s)
2026/07/10 20:04:30 Skipping opengrep as it doesn't support the specified file(s)
2026/07/10 20:04:30 Skipping pmd as it doesn't support the specified file(s)
2026/07/10 20:04:30 Skipping pylint as it doesn't support the specified file(s)
2026/07/10 20:04:30 Skipping revive as it doesn't support the specified file(s)
2026/07/10 20:04:30 Skipping dartanalyzer as it doesn't support the specified file(s)
2026/07/10 20:04:30 Skipping eslint as it doesn't support the specified file(s)
2026/07/10 20:04:30 Running tools for the specified file(s)...
2026/07/10 20:04:30 Running trivy...
2026-07-10T20:04:30+02:00 [INFO] (codacy-cli-v2/cmd/analyze.go:360) Config file found for tool toolConfigPath=.codacy/tools-configs/trivy.yaml tool=trivy
2026/07/10 20:04:31 Tool failed to run: failed to run Trivy: exit status 1
2026-07-10T20:07:07+02:00 [INFO] (codacy-cli-v2/cli-v2.go:27) Starting Codacy CLI version=1.0.0-main.380.sha.27e119a (27e119a) built at 2026-06-11T09:54:47Z
2026-07-10T20:07:07+02:00 [INFO] (codacy-cli-v2/cmd/root.go:34) Executing CLI command command=analyze full_command=[/Users/Andreas/Library/Caches/Codacy/codacy-cli-v2/1.0.0-main.380.sha.27e119a/codacy-cli-v2 analyze /Users/Andreas/Library/Application Support/Code/User/mcp.json --format sarif] args=[/Users/Andreas/Library/Application Support/Code/User/mcp.json]
2026/07/10 20:07:07 Running all configured tools...
2026/07/10 20:07:07 Skipping revive as it doesn't support the specified file(s)
2026/07/10 20:07:07 Skipping dartanalyzer as it doesn't support the specified file(s)
2026/07/10 20:07:07 Skipping eslint as it doesn't support the specified file(s)
2026/07/10 20:07:07 Skipping lizard as it doesn't support the specified file(s)
2026/07/10 20:07:07 Skipping opengrep as it doesn't support the specified file(s)
2026/07/10 20:07:07 Skipping pmd as it doesn't support the specified file(s)
2026/07/10 20:07:07 Skipping pylint as it doesn't support the specified file(s)
2026/07/10 20:07:07 Running tools for the specified file(s)...
2026/07/10 20:07:07 Running trivy...
2026-07-10T20:07:07+02:00 [INFO] (codacy-cli-v2/cmd/analyze.go:360) Config file found for tool tool=trivy toolConfigPath=.codacy/tools-configs/trivy.yaml
2026/07/10 20:07:08 Tool failed to run: failed to run Trivy: exit status 1
2026-07-10T20:07:13+02:00 [INFO] (codacy-cli-v2/cli-v2.go:27) Starting Codacy CLI version=1.0.0-main.380.sha.27e119a (27e119a) built at 2026-06-11T09:54:47Z
2026-07-10T20:07:13+02:00 [INFO] (codacy-cli-v2/cmd/root.go:34) Executing CLI command command=analyze full_command=[/Users/Andreas/Library/Caches/Codacy/codacy-cli-v2/1.0.0-main.380.sha.27e119a/codacy-cli-v2 analyze /Users/Andreas/GitHub/hemera/.vscode/mcp.json --format sarif] args=[/Users/Andreas/GitHub/hemera/.vscode/mcp.json]
2026/07/10 20:07:13 Running all configured tools...
2026/07/10 20:07:13 Skipping dartanalyzer as it doesn't support the specified file(s)
2026/07/10 20:07:13 Skipping eslint as it doesn't support the specified file(s)
2026/07/10 20:07:13 Skipping lizard as it doesn't support the specified file(s)
2026/07/10 20:07:13 Skipping opengrep as it doesn't support the specified file(s)
2026/07/10 20:07:13 Skipping pmd as it doesn't support the specified file(s)
2026/07/10 20:07:13 Skipping pylint as it doesn't support the specified file(s)
2026/07/10 20:07:13 Skipping revive as it doesn't support the specified file(s)
2026/07/10 20:07:13 Running tools for the specified file(s)...
2026/07/10 20:07:13 Running trivy...
2026-07-10T20:07:13+02:00 [INFO] (codacy-cli-v2/cmd/analyze.go:360) Config file found for tool toolConfigPath=.codacy/tools-configs/trivy.yaml tool=trivy
2026/07/10 20:07:13 Tool failed to run: failed to run Trivy: exit status 1
2026-07-10T20:07:15+02:00 [INFO] (codacy-cli-v2/cli-v2.go:27) Starting Codacy CLI version=1.0.0-main.380.sha.27e119a (27e119a) built at 2026-06-11T09:54:47Z
2026-07-10T20:07:15+02:00 [INFO] (codacy-cli-v2/cmd/root.go:34) Executing CLI command command=analyze full_command=[/Users/Andreas/Library/Caches/Codacy/codacy-cli-v2/1.0.0-main.380.sha.27e119a/codacy-cli-v2 analyze /Users/Andreas/GitHub/gaia/.vscode/mcp.json --format sarif] args=[/Users/Andreas/GitHub/gaia/.vscode/mcp.json]
2026/07/10 20:07:15 Running all configured tools...
2026/07/10 20:07:15 Skipping dartanalyzer as it doesn't support the specified file(s)
2026/07/10 20:07:15 Skipping eslint as it doesn't support the specified file(s)
2026/07/10 20:07:15 Skipping lizard as it doesn't support the specified file(s)
2026/07/10 20:07:15 Skipping opengrep as it doesn't support the specified file(s)
2026/07/10 20:07:15 Skipping pmd as it doesn't support the specified file(s)
2026/07/10 20:07:15 Skipping pylint as it doesn't support the specified file(s)
2026/07/10 20:07:15 Skipping revive as it doesn't support the specified file(s)
2026/07/10 20:07:15 Running tools for the specified file(s)...
2026/07/10 20:07:15 Running trivy...
2026-07-10T20:07:15+02:00 [INFO] (codacy-cli-v2/cmd/analyze.go:360) Config file found for tool tool=trivy toolConfigPath=.codacy/tools-configs/trivy.yaml
2026/07/10 20:07:15 Tool failed to run: failed to run Trivy: exit status 1
2026-07-10T20:07:31+02:00 [INFO] (codacy-cli-v2/cli-v2.go:27) Starting Codacy CLI version=1.0.0-main.380.sha.27e119a (27e119a) built at 2026-06-11T09:54:47Z
2026-07-10T20:07:31+02:00 [INFO] (codacy-cli-v2/cmd/root.go:34) Executing CLI command args=[/Users/Andreas/GitHub/thalassa/.vscode/mcp.json] command=analyze full_command=[/Users/Andreas/Library/Caches/Codacy/codacy-cli-v2/1.0.0-main.380.sha.27e119a/codacy-cli-v2 analyze /Users/Andreas/GitHub/thalassa/.vscode/mcp.json --format sarif]
2026/07/10 20:07:31 Running all configured tools...
2026/07/10 20:07:31 Skipping opengrep as it doesn't support the specified file(s)
2026/07/10 20:07:31 Skipping pmd as it doesn't support the specified file(s)
2026/07/10 20:07:31 Skipping pylint as it doesn't support the specified file(s)
2026/07/10 20:07:31 Skipping revive as it doesn't support the specified file(s)
2026/07/10 20:07:31 Skipping dartanalyzer as it doesn't support the specified file(s)
2026/07/10 20:07:31 Skipping eslint as it doesn't support the specified file(s)
2026/07/10 20:07:31 Skipping lizard as it doesn't support the specified file(s)
2026/07/10 20:07:31 Running tools for the specified file(s)...
2026/07/10 20:07:31 Running trivy...
2026-07-10T20:07:31+02:00 [INFO] (codacy-cli-v2/cmd/analyze.go:360) Config file found for tool tool=trivy toolConfigPath=.codacy/tools-configs/trivy.yaml
2026/07/10 20:07:32 Tool failed to run: failed to run Trivy: exit status 1
2026-07-10T20:10:08+02:00 [INFO] (codacy-cli-v2/cli-v2.go:27) Starting Codacy CLI version=1.0.0-main.380.sha.27e119a (27e119a) built at 2026-06-11T09:54:47Z
2026-07-10T20:10:08+02:00 [INFO] (codacy-cli-v2/cmd/root.go:34) Executing CLI command args=[/Users/Andreas/Library/Application Support/Code/User/mcp.json] command=analyze full_command=[/Users/Andreas/Library/Caches/Codacy/codacy-cli-v2/1.0.0-main.380.sha.27e119a/codacy-cli-v2 analyze /Users/Andreas/Library/Application Support/Code/User/mcp.json --format sarif]
2026/07/10 20:10:08 Running all configured tools...
2026/07/10 20:10:08 Skipping pylint as it doesn't support the specified file(s)
2026/07/10 20:10:08 Skipping revive as it doesn't support the specified file(s)
2026/07/10 20:10:08 Skipping dartanalyzer as it doesn't support the specified file(s)
2026/07/10 20:10:08 Skipping eslint as it doesn't support the specified file(s)
2026/07/10 20:10:08 Skipping lizard as it doesn't support the specified file(s)
2026/07/10 20:10:08 Skipping opengrep as it doesn't support the specified file(s)
2026/07/10 20:10:08 Skipping pmd as it doesn't support the specified file(s)
2026/07/10 20:10:08 Running tools for the specified file(s)...
2026/07/10 20:10:08 Running trivy...
2026-07-10T20:10:08+02:00 [INFO] (codacy-cli-v2/cmd/analyze.go:360) Config file found for tool tool=trivy toolConfigPath=.codacy/tools-configs/trivy.yaml
2026/07/10 20:10:09 Tool failed to run: failed to run Trivy: exit status 1
2026-07-10T20:10:13+02:00 [INFO] (codacy-cli-v2/cli-v2.go:27) Starting Codacy CLI version=1.0.0-main.380.sha.27e119a (27e119a) built at 2026-06-11T09:54:47Z
2026-07-10T20:10:13+02:00 [INFO] (codacy-cli-v2/cmd/root.go:34) Executing CLI command full_command=[/Users/Andreas/Library/Caches/Codacy/codacy-cli-v2/1.0.0-main.380.sha.27e119a/codacy-cli-v2 analyze /Users/Andreas/GitHub/hemera/.vscode/mcp.json --format sarif] args=[/Users/Andreas/GitHub/hemera/.vscode/mcp.json] command=analyze
2026/07/10 20:10:13 Running all configured tools...
2026/07/10 20:10:13 Skipping lizard as it doesn't support the specified file(s)
2026/07/10 20:10:13 Skipping opengrep as it doesn't support the specified file(s)
2026/07/10 20:10:13 Skipping pmd as it doesn't support the specified file(s)
2026/07/10 20:10:13 Skipping pylint as it doesn't support the specified file(s)
2026/07/10 20:10:13 Skipping revive as it doesn't support the specified file(s)
2026/07/10 20:10:13 Skipping dartanalyzer as it doesn't support the specified file(s)
2026/07/10 20:10:13 Skipping eslint as it doesn't support the specified file(s)
2026/07/10 20:10:13 Running tools for the specified file(s)...
2026/07/10 20:10:13 Running trivy...
2026-07-10T20:10:13+02:00 [INFO] (codacy-cli-v2/cmd/analyze.go:360) Config file found for tool tool=trivy toolConfigPath=.codacy/tools-configs/trivy.yaml
2026/07/10 20:10:13 Tool failed to run: failed to run Trivy: exit status 1
2026-07-10T20:10:17+02:00 [INFO] (codacy-cli-v2/cli-v2.go:27) Starting Codacy CLI version=1.0.0-main.380.sha.27e119a (27e119a) built at 2026-06-11T09:54:47Z
2026-07-10T20:10:17+02:00 [INFO] (codacy-cli-v2/cmd/root.go:34) Executing CLI command args=[/Users/Andreas/GitHub/gaia/.vscode/mcp.json] command=analyze full_command=[/Users/Andreas/Library/Caches/Codacy/codacy-cli-v2/1.0.0-main.380.sha.27e119a/codacy-cli-v2 analyze /Users/Andreas/GitHub/gaia/.vscode/mcp.json --format sarif]
2026/07/10 20:10:17 Running all configured tools...
2026/07/10 20:10:17 Skipping revive as it doesn't support the specified file(s)
2026/07/10 20:10:17 Skipping dartanalyzer as it doesn't support the specified file(s)
2026/07/10 20:10:17 Skipping eslint as it doesn't support the specified file(s)
2026/07/10 20:10:17 Skipping lizard as it doesn't support the specified file(s)
2026/07/10 20:10:17 Skipping opengrep as it doesn't support the specified file(s)
2026/07/10 20:10:17 Skipping pmd as it doesn't support the specified file(s)
2026/07/10 20:10:17 Skipping pylint as it doesn't support the specified file(s)
2026/07/10 20:10:17 Running tools for the specified file(s)...
2026/07/10 20:10:17 Running trivy...
2026-07-10T20:10:17+02:00 [INFO] (codacy-cli-v2/cmd/analyze.go:360) Config file found for tool tool=trivy toolConfigPath=.codacy/tools-configs/trivy.yaml
2026/07/10 20:10:17 Tool failed to run: failed to run Trivy: exit status 1
2026-07-10T20:10:34+02:00 [INFO] (codacy-cli-v2/cli-v2.go:27) Starting Codacy CLI version=1.0.0-main.380.sha.27e119a (27e119a) built at 2026-06-11T09:54:47Z
2026-07-10T20:10:34+02:00 [INFO] (codacy-cli-v2/cmd/root.go:34) Executing CLI command full_command=[/Users/Andreas/Library/Caches/Codacy/codacy-cli-v2/1.0.0-main.380.sha.27e119a/codacy-cli-v2 analyze /Users/Andreas/GitHub/thalassa/.vscode/mcp.json --format sarif] args=[/Users/Andreas/GitHub/thalassa/.vscode/mcp.json] command=analyze
2026/07/10 20:10:34 Running all configured tools...
2026/07/10 20:10:34 Skipping opengrep as it doesn't support the specified file(s)
2026/07/10 20:10:34 Skipping pmd as it doesn't support the specified file(s)
2026/07/10 20:10:34 Skipping pylint as it doesn't support the specified file(s)
2026/07/10 20:10:34 Skipping revive as it doesn't support the specified file(s)
2026/07/10 20:10:34 Skipping dartanalyzer as it doesn't support the specified file(s)
2026/07/10 20:10:34 Skipping eslint as it doesn't support the specified file(s)
2026/07/10 20:10:34 Skipping lizard as it doesn't support the specified file(s)
2026/07/10 20:10:34 Running tools for the specified file(s)...
2026/07/10 20:10:34 Running trivy...
2026-07-10T20:10:34+02:00 [INFO] (codacy-cli-v2/cmd/analyze.go:360) Config file found for tool tool=trivy toolConfigPath=.codacy/tools-configs/trivy.yaml
2026/07/10 20:10:35 Tool failed to run: failed to run Trivy: exit status 1
2026-07-10T20:13:08+02:00 [INFO] (codacy-cli-v2/cli-v2.go:27) Starting Codacy CLI version=1.0.0-main.380.sha.27e119a (27e119a) built at 2026-06-11T09:54:47Z
2026-07-10T20:13:08+02:00 [INFO] (codacy-cli-v2/cmd/root.go:34) Executing CLI command command=analyze full_command=[/Users/Andreas/Library/Caches/Codacy/codacy-cli-v2/1.0.0-main.380.sha.27e119a/codacy-cli-v2 analyze /Users/Andreas/Library/Application Support/Code/User/mcp.json --format sarif] args=[/Users/Andreas/Library/Application Support/Code/User/mcp.json]
2026/07/10 20:13:08 Running all configured tools...
2026/07/10 20:13:08 Skipping dartanalyzer as it doesn't support the specified file(s)
2026/07/10 20:13:08 Skipping eslint as it doesn't support the specified file(s)
2026/07/10 20:13:08 Skipping lizard as it doesn't support the specified file(s)
2026/07/10 20:13:08 Skipping opengrep as it doesn't support the specified file(s)
2026/07/10 20:13:08 Skipping pmd as it doesn't support the specified file(s)
2026/07/10 20:13:08 Skipping pylint as it doesn't support the specified file(s)
2026/07/10 20:13:08 Skipping revive as it doesn't support the specified file(s)
2026/07/10 20:13:08 Running tools for the specified file(s)...
2026/07/10 20:13:08 Running trivy...
2026-07-10T20:13:08+02:00 [INFO] (codacy-cli-v2/cmd/analyze.go:360) Config file found for tool tool=trivy toolConfigPath=.codacy/tools-configs/trivy.yaml
2026/07/10 20:13:09 Tool failed to run: failed to run Trivy: exit status 1
2026-07-10T20:13:14+02:00 [INFO] (codacy-cli-v2/cli-v2.go:27) Starting Codacy CLI version=1.0.0-main.380.sha.27e119a (27e119a) built at 2026-06-11T09:54:47Z
2026-07-10T20:13:14+02:00 [INFO] (codacy-cli-v2/cmd/root.go:34) Executing CLI command command=analyze full_command=[/Users/Andreas/Library/Caches/Codacy/codacy-cli-v2/1.0.0-main.380.sha.27e119a/codacy-cli-v2 analyze /Users/Andreas/GitHub/hemera/.vscode/mcp.json --format sarif] args=[/Users/Andreas/GitHub/hemera/.vscode/mcp.json]
2026/07/10 20:13:14 Running all configured tools...
2026/07/10 20:13:14 Skipping pmd as it doesn't support the specified file(s)
2026/07/10 20:13:14 Skipping pylint as it doesn't support the specified file(s)
2026/07/10 20:13:14 Skipping revive as it doesn't support the specified file(s)
2026/07/10 20:13:14 Skipping dartanalyzer as it doesn't support the specified file(s)
2026/07/10 20:13:14 Skipping eslint as it doesn't support the specified file(s)
2026/07/10 20:13:14 Skipping lizard as it doesn't support the specified file(s)
2026/07/10 20:13:14 Skipping opengrep as it doesn't support the specified file(s)
2026/07/10 20:13:14 Running tools for the specified file(s)...
2026/07/10 20:13:14 Running trivy...
2026-07-10T20:13:14+02:00 [INFO] (codacy-cli-v2/cmd/analyze.go:360) Config file found for tool tool=trivy toolConfigPath=.codacy/tools-configs/trivy.yaml
2026/07/10 20:13:14 Tool failed to run: failed to run Trivy: exit status 1
2026-07-10T20:13:17+02:00 [INFO] (codacy-cli-v2/cli-v2.go:27) Starting Codacy CLI version=1.0.0-main.380.sha.27e119a (27e119a) built at 2026-06-11T09:54:47Z
2026-07-10T20:13:17+02:00 [INFO] (codacy-cli-v2/cmd/root.go:34) Executing CLI command command=analyze full_command=[/Users/Andreas/Library/Caches/Codacy/codacy-cli-v2/1.0.0-main.380.sha.27e119a/codacy-cli-v2 analyze /Users/Andreas/GitHub/gaia/.vscode/mcp.json --format sarif] args=[/Users/Andreas/GitHub/gaia/.vscode/mcp.json]
2026/07/10 20:13:17 Running all configured tools...
2026/07/10 20:13:17 Skipping revive as it doesn't support the specified file(s)
2026/07/10 20:13:17 Skipping dartanalyzer as it doesn't support the specified file(s)
2026/07/10 20:13:17 Skipping eslint as it doesn't support the specified file(s)
2026/07/10 20:13:17 Skipping lizard as it doesn't support the specified file(s)
2026/07/10 20:13:17 Skipping opengrep as it doesn't support the specified file(s)
2026/07/10 20:13:17 Skipping pmd as it doesn't support the specified file(s)
2026/07/10 20:13:17 Skipping pylint as it doesn't support the specified file(s)
2026/07/10 20:13:17 Running tools for the specified file(s)...
2026/07/10 20:13:17 Running trivy...
2026-07-10T20:13:17+02:00 [INFO] (codacy-cli-v2/cmd/analyze.go:360) Config file found for tool toolConfigPath=.codacy/tools-configs/trivy.yaml tool=trivy
2026/07/10 20:13:18 Tool failed to run: failed to run Trivy: exit status 1
2026-07-10T20:13:34+02:00 [INFO] (codacy-cli-v2/cli-v2.go:27) Starting Codacy CLI version=1.0.0-main.380.sha.27e119a (27e119a) built at 2026-06-11T09:54:47Z
2026-07-10T20:13:34+02:00 [INFO] (codacy-cli-v2/cmd/root.go:34) Executing CLI command command=analyze full_command=[/Users/Andreas/Library/Caches/Codacy/codacy-cli-v2/1.0.0-main.380.sha.27e119a/codacy-cli-v2 analyze /Users/Andreas/GitHub/thalassa/.vscode/mcp.json --format sarif] args=[/Users/Andreas/GitHub/thalassa/.vscode/mcp.json]
2026/07/10 20:13:34 Running all configured tools...
2026/07/10 20:13:34 Skipping dartanalyzer as it doesn't support the specified file(s)
2026/07/10 20:13:34 Skipping eslint as it doesn't support the specified file(s)
2026/07/10 20:13:34 Skipping lizard as it doesn't support the specified file(s)
2026/07/10 20:13:34 Skipping opengrep as it doesn't support the specified file(s)
2026/07/10 20:13:34 Skipping pmd as it doesn't support the specified file(s)
2026/07/10 20:13:34 Skipping pylint as it doesn't support the specified file(s)
2026/07/10 20:13:34 Skipping revive as it doesn't support the specified file(s)
2026/07/10 20:13:34 Running tools for the specified file(s)...
2026/07/10 20:13:34 Running trivy...
2026-07-10T20:13:34+02:00 [INFO] (codacy-cli-v2/cmd/analyze.go:360) Config file found for tool tool=trivy toolConfigPath=.codacy/tools-configs/trivy.yaml
2026/07/10 20:13:35 Tool failed to run: failed to run Trivy: exit status 1
2026-07-10T20:16:09+02:00 [INFO] (codacy-cli-v2/cli-v2.go:27) Starting Codacy CLI version=1.0.0-main.380.sha.27e119a (27e119a) built at 2026-06-11T09:54:47Z
2026-07-10T20:16:09+02:00 [INFO] (codacy-cli-v2/cmd/root.go:34) Executing CLI command command=analyze full_command=[/Users/Andreas/Library/Caches/Codacy/codacy-cli-v2/1.0.0-main.380.sha.27e119a/codacy-cli-v2 analyze /Users/Andreas/Library/Application Support/Code/User/mcp.json --format sarif] args=[/Users/Andreas/Library/Application Support/Code/User/mcp.json]
2026/07/10 20:16:09 Running all configured tools...
2026/07/10 20:16:09 Skipping lizard as it doesn't support the specified file(s)
2026/07/10 20:16:09 Skipping opengrep as it doesn't support the specified file(s)
2026/07/10 20:16:09 Skipping pmd as it doesn't support the specified file(s)
2026/07/10 20:16:09 Skipping pylint as it doesn't support the specified file(s)
2026/07/10 20:16:09 Skipping revive as it doesn't support the specified file(s)
2026/07/10 20:16:09 Skipping dartanalyzer as it doesn't support the specified file(s)
2026/07/10 20:16:09 Skipping eslint as it doesn't support the specified file(s)
2026/07/10 20:16:09 Running tools for the specified file(s)...
2026/07/10 20:16:09 Running trivy...
2026-07-10T20:16:09+02:00 [INFO] (codacy-cli-v2/cmd/analyze.go:360) Config file found for tool toolConfigPath=.codacy/tools-configs/trivy.yaml tool=trivy
2026/07/10 20:16:09 Tool failed to run: failed to run Trivy: exit status 1
2026-07-10T20:16:14+02:00 [INFO] (codacy-cli-v2/cli-v2.go:27) Starting Codacy CLI version=1.0.0-main.380.sha.27e119a (27e119a) built at 2026-06-11T09:54:47Z
2026-07-10T20:16:14+02:00 [INFO] (codacy-cli-v2/cmd/root.go:34) Executing CLI command args=[/Users/Andreas/GitHub/hemera/.vscode/mcp.json] command=analyze full_command=[/Users/Andreas/Library/Caches/Codacy/codacy-cli-v2/1.0.0-main.380.sha.27e119a/codacy-cli-v2 analyze /Users/Andreas/GitHub/hemera/.vscode/mcp.json --format sarif]
2026/07/10 20:16:14 Running all configured tools...
2026/07/10 20:16:14 Skipping pmd as it doesn't support the specified file(s)
2026/07/10 20:16:14 Skipping pylint as it doesn't support the specified file(s)
2026/07/10 20:16:14 Skipping revive as it doesn't support the specified file(s)
2026/07/10 20:16:14 Skipping dartanalyzer as it doesn't support the specified file(s)
2026/07/10 20:16:14 Skipping eslint as it doesn't support the specified file(s)
2026/07/10 20:16:14 Skipping lizard as it doesn't support the specified file(s)
2026/07/10 20:16:14 Skipping opengrep as it doesn't support the specified file(s)
2026/07/10 20:16:14 Running tools for the specified file(s)...
2026/07/10 20:16:14 Running trivy...
2026-07-10T20:16:14+02:00 [INFO] (codacy-cli-v2/cmd/analyze.go:360) Config file found for tool tool=trivy toolConfigPath=.codacy/tools-configs/trivy.yaml
2026/07/10 20:16:14 Tool failed to run: failed to run Trivy: exit status 1
2026-07-10T20:16:19+02:00 [INFO] (codacy-cli-v2/cli-v2.go:27) Starting Codacy CLI version=1.0.0-main.380.sha.27e119a (27e119a) built at 2026-06-11T09:54:47Z
2026-07-10T20:16:19+02:00 [INFO] (codacy-cli-v2/cmd/root.go:34) Executing CLI command command=analyze full_command=[/Users/Andreas/Library/Caches/Codacy/codacy-cli-v2/1.0.0-main.380.sha.27e119a/codacy-cli-v2 analyze /Users/Andreas/GitHub/gaia/.vscode/mcp.json --format sarif] args=[/Users/Andreas/GitHub/gaia/.vscode/mcp.json]
2026/07/10 20:16:19 Running all configured tools...
2026/07/10 20:16:19 Skipping pylint as it doesn't support the specified file(s)
2026/07/10 20:16:19 Skipping revive as it doesn't support the specified file(s)
2026/07/10 20:16:19 Skipping dartanalyzer as it doesn't support the specified file(s)
2026/07/10 20:16:19 Skipping eslint as it doesn't support the specified file(s)
2026/07/10 20:16:19 Skipping lizard as it doesn't support the specified file(s)
2026/07/10 20:16:19 Skipping opengrep as it doesn't support the specified file(s)
2026/07/10 20:16:19 Skipping pmd as it doesn't support the specified file(s)
2026/07/10 20:16:19 Running tools for the specified file(s)...
2026/07/10 20:16:19 Running trivy...
2026-07-10T20:16:19+02:00 [INFO] (codacy-cli-v2/cmd/analyze.go:360) Config file found for tool tool=trivy toolConfigPath=.codacy/tools-configs/trivy.yaml
2026/07/10 20:16:19 Tool failed to run: failed to run Trivy: exit status 1
2026-07-10T20:16:36+02:00 [INFO] (codacy-cli-v2/cli-v2.go:27) Starting Codacy CLI version=1.0.0-main.380.sha.27e119a (27e119a) built at 2026-06-11T09:54:47Z
2026-07-10T20:16:36+02:00 [INFO] (codacy-cli-v2/cmd/root.go:34) Executing CLI command full_command=[/Users/Andreas/Library/Caches/Codacy/codacy-cli-v2/1.0.0-main.380.sha.27e119a/codacy-cli-v2 analyze /Users/Andreas/GitHub/thalassa/.vscode/mcp.json --format sarif] args=[/Users/Andreas/GitHub/thalassa/.vscode/mcp.json] command=analyze
2026/07/10 20:16:36 Running all configured tools...
2026/07/10 20:16:36 Skipping opengrep as it doesn't support the specified file(s)
2026/07/10 20:16:36 Skipping pmd as it doesn't support the specified file(s)
2026/07/10 20:16:36 Skipping pylint as it doesn't support the specified file(s)
2026/07/10 20:16:36 Skipping revive as it doesn't support the specified file(s)
2026/07/10 20:16:36 Skipping dartanalyzer as it doesn't support the specified file(s)
2026/07/10 20:16:36 Skipping eslint as it doesn't support the specified file(s)
2026/07/10 20:16:36 Skipping lizard as it doesn't support the specified file(s)
2026/07/10 20:16:36 Running tools for the specified file(s)...
2026/07/10 20:16:36 Running trivy...
2026-07-10T20:16:36+02:00 [INFO] (codacy-cli-v2/cmd/analyze.go:360) Config file found for tool tool=trivy toolConfigPath=.codacy/tools-configs/trivy.yaml
2026/07/10 20:16:36 Tool failed to run: failed to run Trivy: exit status 1
2026-07-10T20:19:09+02:00 [INFO] (codacy-cli-v2/cli-v2.go:27) Starting Codacy CLI version=1.0.0-main.380.sha.27e119a (27e119a) built at 2026-06-11T09:54:47Z
2026-07-10T20:19:09+02:00 [INFO] (codacy-cli-v2/cmd/root.go:34) Executing CLI command command=analyze full_command=[/Users/Andreas/Library/Caches/Codacy/codacy-cli-v2/1.0.0-main.380.sha.27e119a/codacy-cli-v2 analyze /Users/Andreas/Library/Application Support/Code/User/mcp.json --format sarif] args=[/Users/Andreas/Library/Application Support/Code/User/mcp.json]
2026/07/10 20:19:09 Running all configured tools...
2026/07/10 20:19:09 Skipping dartanalyzer as it doesn't support the specified file(s)
2026/07/10 20:19:09 Skipping eslint as it doesn't support the specified file(s)
2026/07/10 20:19:09 Skipping lizard as it doesn't support the specified file(s)
2026/07/10 20:19:09 Skipping opengrep as it doesn't support the specified file(s)
2026/07/10 20:19:09 Skipping pmd as it doesn't support the specified file(s)
2026/07/10 20:19:09 Skipping pylint as it doesn't support the specified file(s)
2026/07/10 20:19:09 Skipping revive as it doesn't support the specified file(s)
2026/07/10 20:19:09 Running tools for the specified file(s)...
2026/07/10 20:19:09 Running trivy...
2026-07-10T20:19:09+02:00 [INFO] (codacy-cli-v2/cmd/analyze.go:360) Config file found for tool toolConfigPath=.codacy/tools-configs/trivy.yaml tool=trivy
2026/07/10 20:19:10 Tool failed to run: failed to run Trivy: exit status 1
2026-07-10T20:19:15+02:00 [INFO] (codacy-cli-v2/cli-v2.go:27) Starting Codacy CLI version=1.0.0-main.380.sha.27e119a (27e119a) built at 2026-06-11T09:54:47Z
2026-07-10T20:19:15+02:00 [INFO] (codacy-cli-v2/cmd/root.go:34) Executing CLI command command=analyze full_command=[/Users/Andreas/Library/Caches/Codacy/codacy-cli-v2/1.0.0-main.380.sha.27e119a/codacy-cli-v2 analyze /Users/Andreas/GitHub/hemera/.vscode/mcp.json --format sarif] args=[/Users/Andreas/GitHub/hemera/.vscode/mcp.json]
2026/07/10 20:19:15 Running all configured tools...
2026/07/10 20:19:15 Skipping dartanalyzer as it doesn't support the specified file(s)
2026/07/10 20:19:15 Skipping eslint as it doesn't support the specified file(s)
2026/07/10 20:19:15 Skipping lizard as it doesn't support the specified file(s)
2026/07/10 20:19:15 Skipping opengrep as it doesn't support the specified file(s)
2026/07/10 20:19:15 Skipping pmd as it doesn't support the specified file(s)
2026/07/10 20:19:15 Skipping pylint as it doesn't support the specified file(s)
2026/07/10 20:19:15 Skipping revive as it doesn't support the specified file(s)
2026/07/10 20:19:15 Running tools for the specified file(s)...
2026/07/10 20:19:15 Running trivy...
2026-07-10T20:19:15+02:00 [INFO] (codacy-cli-v2/cmd/analyze.go:360) Config file found for tool tool=trivy toolConfigPath=.codacy/tools-configs/trivy.yaml
2026/07/10 20:19:15 Tool failed to run: failed to run Trivy: exit status 1
2026-07-10T20:19:19+02:00 [INFO] (codacy-cli-v2/cli-v2.go:27) Starting Codacy CLI version=1.0.0-main.380.sha.27e119a (27e119a) built at 2026-06-11T09:54:47Z
2026-07-10T20:19:19+02:00 [INFO] (codacy-cli-v2/cmd/root.go:34) Executing CLI command command=analyze full_command=[/Users/Andreas/Library/Caches/Codacy/codacy-cli-v2/1.0.0-main.380.sha.27e119a/codacy-cli-v2 analyze /Users/Andreas/GitHub/gaia/.vscode/mcp.json --format sarif] args=[/Users/Andreas/GitHub/gaia/.vscode/mcp.json]
2026/07/10 20:19:19 Running all configured tools...
2026/07/10 20:19:19 Skipping dartanalyzer as it doesn't support the specified file(s)
2026/07/10 20:19:19 Skipping eslint as it doesn't support the specified file(s)
2026/07/10 20:19:19 Skipping lizard as it doesn't support the specified file(s)
2026/07/10 20:19:19 Skipping opengrep as it doesn't support the specified file(s)
2026/07/10 20:19:19 Skipping pmd as it doesn't support the specified file(s)
2026/07/10 20:19:19 Skipping pylint as it doesn't support the specified file(s)
2026/07/10 20:19:19 Skipping revive as it doesn't support the specified file(s)
2026/07/10 20:19:19 Running tools for the specified file(s)...
2026/07/10 20:19:19 Running trivy...
2026-07-10T20:19:19+02:00 [INFO] (codacy-cli-v2/cmd/analyze.go:360) Config file found for tool tool=trivy toolConfigPath=.codacy/tools-configs/trivy.yaml
2026/07/10 20:19:19 Tool failed to run: failed to run Trivy: exit status 1
2026-07-10T20:19:36+02:00 [INFO] (codacy-cli-v2/cli-v2.go:27) Starting Codacy CLI version=1.0.0-main.380.sha.27e119a (27e119a) built at 2026-06-11T09:54:47Z
2026-07-10T20:19:36+02:00 [INFO] (codacy-cli-v2/cmd/root.go:34) Executing CLI command command=analyze full_command=[/Users/Andreas/Library/Caches/Codacy/codacy-cli-v2/1.0.0-main.380.sha.27e119a/codacy-cli-v2 analyze /Users/Andreas/GitHub/thalassa/.vscode/mcp.json --format sarif] args=[/Users/Andreas/GitHub/thalassa/.vscode/mcp.json]
2026/07/10 20:19:36 Running all configured tools...
2026/07/10 20:19:36 Skipping revive as it doesn't support the specified file(s)
2026/07/10 20:19:36 Skipping dartanalyzer as it doesn't support the specified file(s)
2026/07/10 20:19:36 Skipping eslint as it doesn't support the specified file(s)
2026/07/10 20:19:36 Skipping lizard as it doesn't support the specified file(s)
2026/07/10 20:19:36 Skipping opengrep as it doesn't support the specified file(s)
2026/07/10 20:19:36 Skipping pmd as it doesn't support the specified file(s)
2026/07/10 20:19:36 Skipping pylint as it doesn't support the specified file(s)
2026/07/10 20:19:36 Running tools for the specified file(s)...
2026/07/10 20:19:36 Running trivy...
2026-07-10T20:19:36+02:00 [INFO] (codacy-cli-v2/cmd/analyze.go:360) Config file found for tool toolConfigPath=.codacy/tools-configs/trivy.yaml tool=trivy
2026/07/10 20:19:37 Tool failed to run: failed to run Trivy: exit status 1
2026-07-10T20:22:10+02:00 [INFO] (codacy-cli-v2/cli-v2.go:27) Starting Codacy CLI version=1.0.0-main.380.sha.27e119a (27e119a) built at 2026-06-11T09:54:47Z
2026-07-10T20:22:10+02:00 [INFO] (codacy-cli-v2/cmd/root.go:34) Executing CLI command full_command=[/Users/Andreas/Library/Caches/Codacy/codacy-cli-v2/1.0.0-main.380.sha.27e119a/codacy-cli-v2 analyze /Users/Andreas/Library/Application Support/Code/User/mcp.json --format sarif] args=[/Users/Andreas/Library/Application Support/Code/User/mcp.json] command=analyze
2026/07/10 20:22:10 Running all configured tools...
2026/07/10 20:22:10 Skipping opengrep as it doesn't support the specified file(s)
2026/07/10 20:22:10 Skipping pmd as it doesn't support the specified file(s)
2026/07/10 20:22:10 Skipping pylint as it doesn't support the specified file(s)
2026/07/10 20:22:10 Skipping revive as it doesn't support the specified file(s)
2026/07/10 20:22:10 Skipping dartanalyzer as it doesn't support the specified file(s)
2026/07/10 20:22:10 Skipping eslint as it doesn't support the specified file(s)
2026/07/10 20:22:10 Skipping lizard as it doesn't support the specified file(s)
2026/07/10 20:22:10 Running tools for the specified file(s)...
2026/07/10 20:22:10 Running trivy...
2026-07-10T20:22:10+02:00 [INFO] (codacy-cli-v2/cmd/analyze.go:360) Config file found for tool toolConfigPath=.codacy/tools-configs/trivy.yaml tool=trivy
2026/07/10 20:22:10 Tool failed to run: failed to run Trivy: exit status 1
2026-07-10T20:22:15+02:00 [INFO] (codacy-cli-v2/cli-v2.go:27) Starting Codacy CLI version=1.0.0-main.380.sha.27e119a (27e119a) built at 2026-06-11T09:54:47Z
2026-07-10T20:22:15+02:00 [INFO] (codacy-cli-v2/cmd/root.go:34) Executing CLI command command=analyze full_command=[/Users/Andreas/Library/Caches/Codacy/codacy-cli-v2/1.0.0-main.380.sha.27e119a/codacy-cli-v2 analyze /Users/Andreas/GitHub/hemera/.vscode/mcp.json --format sarif] args=[/Users/Andreas/GitHub/hemera/.vscode/mcp.json]
2026/07/10 20:22:15 Running all configured tools...
2026/07/10 20:22:15 Skipping revive as it doesn't support the specified file(s)
2026/07/10 20:22:15 Skipping dartanalyzer as it doesn't support the specified file(s)
2026/07/10 20:22:15 Skipping eslint as it doesn't support the specified file(s)
2026/07/10 20:22:15 Skipping lizard as it doesn't support the specified file(s)
2026/07/10 20:22:15 Skipping opengrep as it doesn't support the specified file(s)
2026/07/10 20:22:15 Skipping pmd as it doesn't support the specified file(s)
2026/07/10 20:22:15 Skipping pylint as it doesn't support the specified file(s)
2026/07/10 20:22:15 Running tools for the specified file(s)...
2026/07/10 20:22:15 Running trivy...
2026-07-10T20:22:15+02:00 [INFO] (codacy-cli-v2/cmd/analyze.go:360) Config file found for tool tool=trivy toolConfigPath=.codacy/tools-configs/trivy.yaml
2026/07/10 20:22:15 Tool failed to run: failed to run Trivy: exit status 1
2026-07-10T20:22:20+02:00 [INFO] (codacy-cli-v2/cli-v2.go:27) Starting Codacy CLI version=1.0.0-main.380.sha.27e119a (27e119a) built at 2026-06-11T09:54:47Z
2026-07-10T20:22:20+02:00 [INFO] (codacy-cli-v2/cmd/root.go:34) Executing CLI command command=analyze full_command=[/Users/Andreas/Library/Caches/Codacy/codacy-cli-v2/1.0.0-main.380.sha.27e119a/codacy-cli-v2 analyze /Users/Andreas/GitHub/gaia/.vscode/mcp.json --format sarif] args=[/Users/Andreas/GitHub/gaia/.vscode/mcp.json]
2026/07/10 20:22:20 Running all configured tools...
2026/07/10 20:22:20 Skipping pylint as it doesn't support the specified file(s)
2026/07/10 20:22:20 Skipping revive as it doesn't support the specified file(s)
2026/07/10 20:22:20 Skipping dartanalyzer as it doesn't support the specified file(s)
2026/07/10 20:22:20 Skipping eslint as it doesn't support the specified file(s)
2026/07/10 20:22:20 Skipping lizard as it doesn't support the specified file(s)
2026/07/10 20:22:20 Skipping opengrep as it doesn't support the specified file(s)
2026/07/10 20:22:20 Skipping pmd as it doesn't support the specified file(s)
2026/07/10 20:22:20 Running tools for the specified file(s)...
2026/07/10 20:22:20 Running trivy...
2026-07-10T20:22:20+02:00 [INFO] (codacy-cli-v2/cmd/analyze.go:360) Config file found for tool toolConfigPath=.codacy/tools-configs/trivy.yaml tool=trivy
2026/07/10 20:22:20 Tool failed to run: failed to run Trivy: exit status 1
2026-07-10T20:22:37+02:00 [INFO] (codacy-cli-v2/cli-v2.go:27) Starting Codacy CLI version=1.0.0-main.380.sha.27e119a (27e119a) built at 2026-06-11T09:54:47Z
2026-07-10T20:22:37+02:00 [INFO] (codacy-cli-v2/cmd/root.go:34) Executing CLI command command=analyze full_command=[/Users/Andreas/Library/Caches/Codacy/codacy-cli-v2/1.0.0-main.380.sha.27e119a/codacy-cli-v2 analyze /Users/Andreas/GitHub/thalassa/.vscode/mcp.json --format sarif] args=[/Users/Andreas/GitHub/thalassa/.vscode/mcp.json]
2026/07/10 20:22:37 Running all configured tools...
2026/07/10 20:22:37 Skipping revive as it doesn't support the specified file(s)
2026/07/10 20:22:37 Skipping dartanalyzer as it doesn't support the specified file(s)
2026/07/10 20:22:37 Skipping eslint as it doesn't support the specified file(s)
2026/07/10 20:22:37 Skipping lizard as it doesn't support the specified file(s)
2026/07/10 20:22:37 Skipping opengrep as it doesn't support the specified file(s)
2026/07/10 20:22:37 Skipping pmd as it doesn't support the specified file(s)
2026/07/10 20:22:37 Skipping pylint as it doesn't support the specified file(s)
2026/07/10 20:22:37 Running tools for the specified file(s)...
2026/07/10 20:22:37 Running trivy...
2026-07-10T20:22:37+02:00 [INFO] (codacy-cli-v2/cmd/analyze.go:360) Config file found for tool tool=trivy toolConfigPath=.codacy/tools-configs/trivy.yaml
2026/07/10 20:22:37 Tool failed to run: failed to run Trivy: exit status 1
2026-07-10T20:25:10+02:00 [INFO] (codacy-cli-v2/cli-v2.go:27) Starting Codacy CLI version=1.0.0-main.380.sha.27e119a (27e119a) built at 2026-06-11T09:54:47Z
2026-07-10T20:25:10+02:00 [INFO] (codacy-cli-v2/cmd/root.go:34) Executing CLI command full_command=[/Users/Andreas/Library/Caches/Codacy/codacy-cli-v2/1.0.0-main.380.sha.27e119a/codacy-cli-v2 analyze /Users/Andreas/Library/Application Support/Code/User/mcp.json --format sarif] args=[/Users/Andreas/Library/Application Support/Code/User/mcp.json] command=analyze
2026/07/10 20:25:10 Running all configured tools...
2026/07/10 20:25:10 Skipping eslint as it doesn't support the specified file(s)
2026/07/10 20:25:10 Skipping lizard as it doesn't support the specified file(s)
2026/07/10 20:25:10 Skipping opengrep as it doesn't support the specified file(s)
2026/07/10 20:25:10 Skipping pmd as it doesn't support the specified file(s)
2026/07/10 20:25:10 Skipping pylint as it doesn't support the specified file(s)
2026/07/10 20:25:10 Skipping revive as it doesn't support the specified file(s)
2026/07/10 20:25:10 Skipping dartanalyzer as it doesn't support the specified file(s)
2026/07/10 20:25:10 Running tools for the specified file(s)...
2026/07/10 20:25:10 Running trivy...
2026-07-10T20:25:10+02:00 [INFO] (codacy-cli-v2/cmd/analyze.go:360) Config file found for tool tool=trivy toolConfigPath=.codacy/tools-configs/trivy.yaml
2026/07/10 20:25:11 Tool failed to run: failed to run Trivy: exit status 1
2026-07-10T20:25:16+02:00 [INFO] (codacy-cli-v2/cli-v2.go:27) Starting Codacy CLI version=1.0.0-main.380.sha.27e119a (27e119a) built at 2026-06-11T09:54:47Z
2026-07-10T20:25:16+02:00 [INFO] (codacy-cli-v2/cmd/root.go:34) Executing CLI command full_command=[/Users/Andreas/Library/Caches/Codacy/codacy-cli-v2/1.0.0-main.380.sha.27e119a/codacy-cli-v2 analyze /Users/Andreas/GitHub/hemera/.vscode/mcp.json --format sarif] args=[/Users/Andreas/GitHub/hemera/.vscode/mcp.json] command=analyze
2026/07/10 20:25:16 Running all configured tools...
2026/07/10 20:25:16 Skipping dartanalyzer as it doesn't support the specified file(s)
2026/07/10 20:25:16 Skipping eslint as it doesn't support the specified file(s)
2026/07/10 20:25:16 Skipping lizard as it doesn't support the specified file(s)
2026/07/10 20:25:16 Skipping opengrep as it doesn't support the specified file(s)
2026/07/10 20:25:16 Skipping pmd as it doesn't support the specified file(s)
2026/07/10 20:25:16 Skipping pylint as it doesn't support the specified file(s)
2026/07/10 20:25:16 Skipping revive as it doesn't support the specified file(s)
2026/07/10 20:25:16 Running tools for the specified file(s)...
2026/07/10 20:25:16 Running trivy...
2026-07-10T20:25:16+02:00 [INFO] (codacy-cli-v2/cmd/analyze.go:360) Config file found for tool tool=trivy toolConfigPath=.codacy/tools-configs/trivy.yaml
2026/07/10 20:25:16 Tool failed to run: failed to run Trivy: exit status 1
2026-07-10T20:25:21+02:00 [INFO] (codacy-cli-v2/cli-v2.go:27) Starting Codacy CLI version=1.0.0-main.380.sha.27e119a (27e119a) built at 2026-06-11T09:54:47Z
2026-07-10T20:25:21+02:00 [INFO] (codacy-cli-v2/cmd/root.go:34) Executing CLI command command=analyze full_command=[/Users/Andreas/Library/Caches/Codacy/codacy-cli-v2/1.0.0-main.380.sha.27e119a/codacy-cli-v2 analyze /Users/Andreas/GitHub/gaia/.vscode/mcp.json --format sarif] args=[/Users/Andreas/GitHub/gaia/.vscode/mcp.json]
2026/07/10 20:25:21 Running all configured tools...
2026/07/10 20:25:21 Skipping revive as it doesn't support the specified file(s)
2026/07/10 20:25:21 Skipping dartanalyzer as it doesn't support the specified file(s)
2026/07/10 20:25:21 Skipping eslint as it doesn't support the specified file(s)
2026/07/10 20:25:21 Skipping lizard as it doesn't support the specified file(s)
2026/07/10 20:25:21 Skipping opengrep as it doesn't support the specified file(s)
2026/07/10 20:25:21 Skipping pmd as it doesn't support the specified file(s)
2026/07/10 20:25:21 Skipping pylint as it doesn't support the specified file(s)
2026/07/10 20:25:21 Running tools for the specified file(s)...
2026/07/10 20:25:21 Running trivy...
2026-07-10T20:25:21+02:00 [INFO] (codacy-cli-v2/cmd/analyze.go:360) Config file found for tool tool=trivy toolConfigPath=.codacy/tools-configs/trivy.yaml
2026/07/10 20:25:21 Tool failed to run: failed to run Trivy: exit status 1
2026-07-10T20:25:38+02:00 [INFO] (codacy-cli-v2/cli-v2.go:27) Starting Codacy CLI version=1.0.0-main.380.sha.27e119a (27e119a) built at 2026-06-11T09:54:47Z
2026-07-10T20:25:38+02:00 [INFO] (codacy-cli-v2/cmd/root.go:34) Executing CLI command command=analyze full_command=[/Users/Andreas/Library/Caches/Codacy/codacy-cli-v2/1.0.0-main.380.sha.27e119a/codacy-cli-v2 analyze /Users/Andreas/GitHub/thalassa/.vscode/mcp.json --format sarif] args=[/Users/Andreas/GitHub/thalassa/.vscode/mcp.json]
2026/07/10 20:25:38 Running all configured tools...
2026/07/10 20:25:38 Skipping opengrep as it doesn't support the specified file(s)
2026/07/10 20:25:38 Skipping pmd as it doesn't support the specified file(s)
2026/07/10 20:25:38 Skipping pylint as it doesn't support the specified file(s)
2026/07/10 20:25:38 Skipping revive as it doesn't support the specified file(s)
2026/07/10 20:25:38 Skipping dartanalyzer as it doesn't support the specified file(s)
2026/07/10 20:25:38 Skipping eslint as it doesn't support the specified file(s)
2026/07/10 20:25:38 Skipping lizard as it doesn't support the specified file(s)
2026/07/10 20:25:38 Running tools for the specified file(s)...
2026/07/10 20:25:38 Running trivy...
2026-07-10T20:25:38+02:00 [INFO] (codacy-cli-v2/cmd/analyze.go:360) Config file found for tool tool=trivy toolConfigPath=.codacy/tools-configs/trivy.yaml
2026/07/10 20:25:39 Tool failed to run: failed to run Trivy: exit status 1
2026-07-10T20:28:11+02:00 [INFO] (codacy-cli-v2/cli-v2.go:27) Starting Codacy CLI version=1.0.0-main.380.sha.27e119a (27e119a) built at 2026-06-11T09:54:47Z
2026-07-10T20:28:11+02:00 [INFO] (codacy-cli-v2/cmd/root.go:34) Executing CLI command args=[/Users/Andreas/Library/Application Support/Code/User/mcp.json] command=analyze full_command=[/Users/Andreas/Library/Caches/Codacy/codacy-cli-v2/1.0.0-main.380.sha.27e119a/codacy-cli-v2 analyze /Users/Andreas/Library/Application Support/Code/User/mcp.json --format sarif]
2026/07/10 20:28:11 Running all configured tools...
2026/07/10 20:28:11 Skipping eslint as it doesn't support the specified file(s)
2026/07/10 20:28:11 Skipping lizard as it doesn't support the specified file(s)
2026/07/10 20:28:11 Skipping opengrep as it doesn't support the specified file(s)
2026/07/10 20:28:11 Skipping pmd as it doesn't support the specified file(s)
2026/07/10 20:28:11 Skipping pylint as it doesn't support the specified file(s)
2026/07/10 20:28:11 Skipping revive as it doesn't support the specified file(s)
2026/07/10 20:28:11 Skipping dartanalyzer as it doesn't support the specified file(s)
2026/07/10 20:28:11 Running tools for the specified file(s)...
2026/07/10 20:28:11 Running trivy...
2026-07-10T20:28:11+02:00 [INFO] (codacy-cli-v2/cmd/analyze.go:360) Config file found for tool tool=trivy toolConfigPath=.codacy/tools-configs/trivy.yaml
2026/07/10 20:28:11 Tool failed to run: failed to run Trivy: exit status 1
2026-07-10T20:28:16+02:00 [INFO] (codacy-cli-v2/cli-v2.go:27) Starting Codacy CLI version=1.0.0-main.380.sha.27e119a (27e119a) built at 2026-06-11T09:54:47Z
2026-07-10T20:28:16+02:00 [INFO] (codacy-cli-v2/cmd/root.go:34) Executing CLI command command=analyze full_command=[/Users/Andreas/Library/Caches/Codacy/codacy-cli-v2/1.0.0-main.380.sha.27e119a/codacy-cli-v2 analyze /Users/Andreas/GitHub/hemera/.vscode/mcp.json --format sarif] args=[/Users/Andreas/GitHub/hemera/.vscode/mcp.json]
2026/07/10 20:28:16 Running all configured tools...
2026/07/10 20:28:16 Skipping opengrep as it doesn't support the specified file(s)
2026/07/10 20:28:16 Skipping pmd as it doesn't support the specified file(s)
2026/07/10 20:28:16 Skipping pylint as it doesn't support the specified file(s)
2026/07/10 20:28:16 Skipping revive as it doesn't support the specified file(s)
2026/07/10 20:28:16 Skipping dartanalyzer as it doesn't support the specified file(s)
2026/07/10 20:28:16 Skipping eslint as it doesn't support the specified file(s)
2026/07/10 20:28:16 Skipping lizard as it doesn't support the specified file(s)
2026/07/10 20:28:16 Running tools for the specified file(s)...
2026/07/10 20:28:16 Running trivy...
2026-07-10T20:28:16+02:00 [INFO] (codacy-cli-v2/cmd/analyze.go:360) Config file found for tool tool=trivy toolConfigPath=.codacy/tools-configs/trivy.yaml
2026/07/10 20:28:16 Tool failed to run: failed to run Trivy: exit status 1
2026-07-10T20:28:22+02:00 [INFO] (codacy-cli-v2/cli-v2.go:27) Starting Codacy CLI version=1.0.0-main.380.sha.27e119a (27e119a) built at 2026-06-11T09:54:47Z
2026-07-10T20:28:22+02:00 [INFO] (codacy-cli-v2/cmd/root.go:34) Executing CLI command command=analyze full_command=[/Users/Andreas/Library/Caches/Codacy/codacy-cli-v2/1.0.0-main.380.sha.27e119a/codacy-cli-v2 analyze /Users/Andreas/GitHub/gaia/.vscode/mcp.json --format sarif] args=[/Users/Andreas/GitHub/gaia/.vscode/mcp.json]
2026/07/10 20:28:22 Running all configured tools...
2026/07/10 20:28:22 Skipping dartanalyzer as it doesn't support the specified file(s)
2026/07/10 20:28:22 Skipping eslint as it doesn't support the specified file(s)
2026/07/10 20:28:22 Skipping lizard as it doesn't support the specified file(s)
2026/07/10 20:28:22 Skipping opengrep as it doesn't support the specified file(s)
2026/07/10 20:28:22 Skipping pmd as it doesn't support the specified file(s)
2026/07/10 20:28:22 Skipping pylint as it doesn't support the specified file(s)
2026/07/10 20:28:22 Skipping revive as it doesn't support the specified file(s)
2026/07/10 20:28:22 Running tools for the specified file(s)...
2026/07/10 20:28:22 Running trivy...
2026-07-10T20:28:22+02:00 [INFO] (codacy-cli-v2/cmd/analyze.go:360) Config file found for tool tool=trivy toolConfigPath=.codacy/tools-configs/trivy.yaml
2026/07/10 20:28:23 Tool failed to run: failed to run Trivy: exit status 1
2026-07-10T20:28:39+02:00 [INFO] (codacy-cli-v2/cli-v2.go:27) Starting Codacy CLI version=1.0.0-main.380.sha.27e119a (27e119a) built at 2026-06-11T09:54:47Z
2026-07-10T20:28:39+02:00 [INFO] (codacy-cli-v2/cmd/root.go:34) Executing CLI command command=analyze full_command=[/Users/Andreas/Library/Caches/Codacy/codacy-cli-v2/1.0.0-main.380.sha.27e119a/codacy-cli-v2 analyze /Users/Andreas/GitHub/thalassa/.vscode/mcp.json --format sarif] args=[/Users/Andreas/GitHub/thalassa/.vscode/mcp.json]
2026/07/10 20:28:39 Running all configured tools...
2026/07/10 20:28:39 Skipping pylint as it doesn't support the specified file(s)
2026/07/10 20:28:39 Skipping revive as it doesn't support the specified file(s)
2026/07/10 20:28:39 Skipping dartanalyzer as it doesn't support the specified file(s)
2026/07/10 20:28:39 Skipping eslint as it doesn't support the specified file(s)
2026/07/10 20:28:39 Skipping lizard as it doesn't support the specified file(s)
2026/07/10 20:28:39 Skipping opengrep as it doesn't support the specified file(s)
2026/07/10 20:28:39 Skipping pmd as it doesn't support the specified file(s)
2026/07/10 20:28:39 Running tools for the specified file(s)...
2026/07/10 20:28:39 Running trivy...
2026-07-10T20:28:39+02:00 [INFO] (codacy-cli-v2/cmd/analyze.go:360) Config file found for tool tool=trivy toolConfigPath=.codacy/tools-configs/trivy.yaml
2026/07/10 20:28:40 Tool failed to run: failed to run Trivy: exit status 1
2026-07-10T20:31:11+02:00 [INFO] (codacy-cli-v2/cli-v2.go:27) Starting Codacy CLI version=1.0.0-main.380.sha.27e119a (27e119a) built at 2026-06-11T09:54:47Z
2026-07-10T20:31:11+02:00 [INFO] (codacy-cli-v2/cmd/root.go:34) Executing CLI command args=[/Users/Andreas/Library/Application Support/Code/User/mcp.json] command=analyze full_command=[/Users/Andreas/Library/Caches/Codacy/codacy-cli-v2/1.0.0-main.380.sha.27e119a/codacy-cli-v2 analyze /Users/Andreas/Library/Application Support/Code/User/mcp.json --format sarif]
2026/07/10 20:31:11 Running all configured tools...
2026/07/10 20:31:11 Skipping dartanalyzer as it doesn't support the specified file(s)
2026/07/10 20:31:11 Skipping eslint as it doesn't support the specified file(s)
2026/07/10 20:31:11 Skipping lizard as it doesn't support the specified file(s)
2026/07/10 20:31:11 Skipping opengrep as it doesn't support the specified file(s)
2026/07/10 20:31:11 Skipping pmd as it doesn't support the specified file(s)
2026/07/10 20:31:11 Skipping pylint as it doesn't support the specified file(s)
2026/07/10 20:31:11 Skipping revive as it doesn't support the specified file(s)
2026/07/10 20:31:11 Running tools for the specified file(s)...
2026/07/10 20:31:11 Running trivy...
2026-07-10T20:31:11+02:00 [INFO] (codacy-cli-v2/cmd/analyze.go:360) Config file found for tool toolConfigPath=.codacy/tools-configs/trivy.yaml tool=trivy
2026/07/10 20:31:12 Tool failed to run: failed to run Trivy: exit status 1
2026-07-10T20:31:16+02:00 [INFO] (codacy-cli-v2/cli-v2.go:27) Starting Codacy CLI version=1.0.0-main.380.sha.27e119a (27e119a) built at 2026-06-11T09:54:47Z
2026-07-10T20:31:16+02:00 [INFO] (codacy-cli-v2/cmd/root.go:34) Executing CLI command command=analyze full_command=[/Users/Andreas/Library/Caches/Codacy/codacy-cli-v2/1.0.0-main.380.sha.27e119a/codacy-cli-v2 analyze /Users/Andreas/GitHub/hemera/.vscode/mcp.json --format sarif] args=[/Users/Andreas/GitHub/hemera/.vscode/mcp.json]
2026/07/10 20:31:16 Running all configured tools...
2026/07/10 20:31:16 Skipping dartanalyzer as it doesn't support the specified file(s)
2026/07/10 20:31:16 Skipping eslint as it doesn't support the specified file(s)
2026/07/10 20:31:16 Skipping lizard as it doesn't support the specified file(s)
2026/07/10 20:31:16 Skipping opengrep as it doesn't support the specified file(s)
2026/07/10 20:31:16 Skipping pmd as it doesn't support the specified file(s)
2026/07/10 20:31:16 Skipping pylint as it doesn't support the specified file(s)
2026/07/10 20:31:16 Skipping revive as it doesn't support the specified file(s)
2026/07/10 20:31:16 Running tools for the specified file(s)...
2026/07/10 20:31:16 Running trivy...
2026-07-10T20:31:16+02:00 [INFO] (codacy-cli-v2/cmd/analyze.go:360) Config file found for tool toolConfigPath=.codacy/tools-configs/trivy.yaml tool=trivy
2026/07/10 20:31:16 Tool failed to run: failed to run Trivy: exit status 1
2026-07-10T20:31:24+02:00 [INFO] (codacy-cli-v2/cli-v2.go:27) Starting Codacy CLI version=1.0.0-main.380.sha.27e119a (27e119a) built at 2026-06-11T09:54:47Z
2026-07-10T20:31:24+02:00 [INFO] (codacy-cli-v2/cmd/root.go:34) Executing CLI command command=analyze full_command=[/Users/Andreas/Library/Caches/Codacy/codacy-cli-v2/1.0.0-main.380.sha.27e119a/codacy-cli-v2 analyze /Users/Andreas/GitHub/gaia/.vscode/mcp.json --format sarif] args=[/Users/Andreas/GitHub/gaia/.vscode/mcp.json]
2026/07/10 20:31:24 Running all configured tools...
2026/07/10 20:31:24 Skipping dartanalyzer as it doesn't support the specified file(s)
2026/07/10 20:31:24 Skipping eslint as it doesn't support the specified file(s)
2026/07/10 20:31:24 Skipping lizard as it doesn't support the specified file(s)
2026/07/10 20:31:24 Skipping opengrep as it doesn't support the specified file(s)
2026/07/10 20:31:24 Skipping pmd as it doesn't support the specified file(s)
2026/07/10 20:31:24 Skipping pylint as it doesn't support the specified file(s)
2026/07/10 20:31:24 Skipping revive as it doesn't support the specified file(s)
2026/07/10 20:31:24 Running tools for the specified file(s)...
2026/07/10 20:31:24 Running trivy...
2026-07-10T20:31:24+02:00 [INFO] (codacy-cli-v2/cmd/analyze.go:360) Config file found for tool tool=trivy toolConfigPath=.codacy/tools-configs/trivy.yaml
2026/07/10 20:31:24 Tool failed to run: failed to run Trivy: exit status 1
2026-07-10T20:31:41+02:00 [INFO] (codacy-cli-v2/cli-v2.go:27) Starting Codacy CLI version=1.0.0-main.380.sha.27e119a (27e119a) built at 2026-06-11T09:54:47Z
2026-07-10T20:31:41+02:00 [INFO] (codacy-cli-v2/cmd/root.go:34) Executing CLI command args=[/Users/Andreas/GitHub/thalassa/.vscode/mcp.json] command=analyze full_command=[/Users/Andreas/Library/Caches/Codacy/codacy-cli-v2/1.0.0-main.380.sha.27e119a/codacy-cli-v2 analyze /Users/Andreas/GitHub/thalassa/.vscode/mcp.json --format sarif]
2026/07/10 20:31:41 Running all configured tools...
2026/07/10 20:31:41 Skipping opengrep as it doesn't support the specified file(s)
2026/07/10 20:31:41 Skipping pmd as it doesn't support the specified file(s)
2026/07/10 20:31:41 Skipping pylint as it doesn't support the specified file(s)
2026/07/10 20:31:41 Skipping revive as it doesn't support the specified file(s)
2026/07/10 20:31:41 Skipping dartanalyzer as it doesn't support the specified file(s)
2026/07/10 20:31:41 Skipping eslint as it doesn't support the specified file(s)
2026/07/10 20:31:41 Skipping lizard as it doesn't support the specified file(s)
2026/07/10 20:31:41 Running tools for the specified file(s)...
2026/07/10 20:31:41 Running trivy...
2026-07-10T20:31:41+02:00 [INFO] (codacy-cli-v2/cmd/analyze.go:360) Config file found for tool tool=trivy toolConfigPath=.codacy/tools-configs/trivy.yaml
2026/07/10 20:31:42 Tool failed to run: failed to run Trivy: exit status 1
2026-07-10T20:34:12+02:00 [INFO] (codacy-cli-v2/cli-v2.go:27) Starting Codacy CLI version=1.0.0-main.380.sha.27e119a (27e119a) built at 2026-06-11T09:54:47Z
2026-07-10T20:34:12+02:00 [INFO] (codacy-cli-v2/cmd/root.go:34) Executing CLI command command=analyze full_command=[/Users/Andreas/Library/Caches/Codacy/codacy-cli-v2/1.0.0-main.380.sha.27e119a/codacy-cli-v2 analyze /Users/Andreas/Library/Application Support/Code/User/mcp.json --format sarif] args=[/Users/Andreas/Library/Application Support/Code/User/mcp.json]
2026/07/10 20:34:12 Running all configured tools...
2026/07/10 20:34:12 Skipping lizard as it doesn't support the specified file(s)
2026/07/10 20:34:12 Skipping opengrep as it doesn't support the specified file(s)
2026/07/10 20:34:12 Skipping pmd as it doesn't support the specified file(s)
2026/07/10 20:34:12 Skipping pylint as it doesn't support the specified file(s)
2026/07/10 20:34:12 Skipping revive as it doesn't support the specified file(s)
2026/07/10 20:34:12 Skipping dartanalyzer as it doesn't support the specified file(s)
2026/07/10 20:34:12 Skipping eslint as it doesn't support the specified file(s)
2026/07/10 20:34:12 Running tools for the specified file(s)...
2026/07/10 20:34:12 Running trivy...
2026-07-10T20:34:12+02:00 [INFO] (codacy-cli-v2/cmd/analyze.go:360) Config file found for tool toolConfigPath=.codacy/tools-configs/trivy.yaml tool=trivy
2026/07/10 20:34:13 Tool failed to run: failed to run Trivy: exit status 1
2026-07-10T20:34:17+02:00 [INFO] (codacy-cli-v2/cli-v2.go:27) Starting Codacy CLI version=1.0.0-main.380.sha.27e119a (27e119a) built at 2026-06-11T09:54:47Z
2026-07-10T20:34:17+02:00 [INFO] (codacy-cli-v2/cmd/root.go:34) Executing CLI command args=[/Users/Andreas/GitHub/hemera/.vscode/mcp.json] command=analyze full_command=[/Users/Andreas/Library/Caches/Codacy/codacy-cli-v2/1.0.0-main.380.sha.27e119a/codacy-cli-v2 analyze /Users/Andreas/GitHub/hemera/.vscode/mcp.json --format sarif]
2026/07/10 20:34:17 Running all configured tools...
2026/07/10 20:34:17 Skipping pmd as it doesn't support the specified file(s)
2026/07/10 20:34:17 Skipping pylint as it doesn't support the specified file(s)
2026/07/10 20:34:17 Skipping revive as it doesn't support the specified file(s)
2026/07/10 20:34:17 Skipping dartanalyzer as it doesn't support the specified file(s)
2026/07/10 20:34:17 Skipping eslint as it doesn't support the specified file(s)
2026/07/10 20:34:17 Skipping lizard as it doesn't support the specified file(s)
2026/07/10 20:34:17 Skipping opengrep as it doesn't support the specified file(s)
2026/07/10 20:34:17 Running tools for the specified file(s)...
2026/07/10 20:34:17 Running trivy...
2026-07-10T20:34:17+02:00 [INFO] (codacy-cli-v2/cmd/analyze.go:360) Config file found for tool tool=trivy toolConfigPath=.codacy/tools-configs/trivy.yaml
2026/07/10 20:34:17 Tool failed to run: failed to run Trivy: exit status 1
2026-07-10T20:34:24+02:00 [INFO] (codacy-cli-v2/cli-v2.go:27) Starting Codacy CLI version=1.0.0-main.380.sha.27e119a (27e119a) built at 2026-06-11T09:54:47Z
2026-07-10T20:34:24+02:00 [INFO] (codacy-cli-v2/cmd/root.go:34) Executing CLI command command=analyze full_command=[/Users/Andreas/Library/Caches/Codacy/codacy-cli-v2/1.0.0-main.380.sha.27e119a/codacy-cli-v2 analyze /Users/Andreas/GitHub/gaia/.vscode/mcp.json --format sarif] args=[/Users/Andreas/GitHub/gaia/.vscode/mcp.json]
2026/07/10 20:34:24 Running all configured tools...
2026/07/10 20:34:24 Skipping lizard as it doesn't support the specified file(s)
2026/07/10 20:34:24 Skipping opengrep as it doesn't support the specified file(s)
2026/07/10 20:34:24 Skipping pmd as it doesn't support the specified file(s)
2026/07/10 20:34:24 Skipping pylint as it doesn't support the specified file(s)
2026/07/10 20:34:24 Skipping revive as it doesn't support the specified file(s)
2026/07/10 20:34:24 Skipping dartanalyzer as it doesn't support the specified file(s)
2026/07/10 20:34:24 Skipping eslint as it doesn't support the specified file(s)
2026/07/10 20:34:24 Running tools for the specified file(s)...
2026/07/10 20:34:24 Running trivy...
2026-07-10T20:34:24+02:00 [INFO] (codacy-cli-v2/cmd/analyze.go:360) Config file found for tool tool=trivy toolConfigPath=.codacy/tools-configs/trivy.yaml
2026/07/10 20:34:25 Tool failed to run: failed to run Trivy: exit status 1
2026-07-10T20:34:42+02:00 [INFO] (codacy-cli-v2/cli-v2.go:27) Starting Codacy CLI version=1.0.0-main.380.sha.27e119a (27e119a) built at 2026-06-11T09:54:47Z
2026-07-10T20:34:42+02:00 [INFO] (codacy-cli-v2/cmd/root.go:34) Executing CLI command command=analyze full_command=[/Users/Andreas/Library/Caches/Codacy/codacy-cli-v2/1.0.0-main.380.sha.27e119a/codacy-cli-v2 analyze /Users/Andreas/GitHub/thalassa/.vscode/mcp.json --format sarif] args=[/Users/Andreas/GitHub/thalassa/.vscode/mcp.json]
2026/07/10 20:34:42 Running all configured tools...
2026/07/10 20:34:42 Skipping revive as it doesn't support the specified file(s)
2026/07/10 20:34:42 Skipping dartanalyzer as it doesn't support the specified file(s)
2026/07/10 20:34:42 Skipping eslint as it doesn't support the specified file(s)
2026/07/10 20:34:42 Skipping lizard as it doesn't support the specified file(s)
2026/07/10 20:34:42 Skipping opengrep as it doesn't support the specified file(s)
2026/07/10 20:34:42 Skipping pmd as it doesn't support the specified file(s)
2026/07/10 20:34:42 Skipping pylint as it doesn't support the specified file(s)
2026/07/10 20:34:42 Running tools for the specified file(s)...
2026/07/10 20:34:42 Running trivy...
2026-07-10T20:34:42+02:00 [INFO] (codacy-cli-v2/cmd/analyze.go:360) Config file found for tool tool=trivy toolConfigPath=.codacy/tools-configs/trivy.yaml
2026/07/10 20:34:42 Tool failed to run: failed to run Trivy: exit status 1
2026-07-10T20:37:13+02:00 [INFO] (codacy-cli-v2/cli-v2.go:27) Starting Codacy CLI version=1.0.0-main.380.sha.27e119a (27e119a) built at 2026-06-11T09:54:47Z
2026-07-10T20:37:13+02:00 [INFO] (codacy-cli-v2/cmd/root.go:34) Executing CLI command args=[/Users/Andreas/Library/Application Support/Code/User/mcp.json] command=analyze full_command=[/Users/Andreas/Library/Caches/Codacy/codacy-cli-v2/1.0.0-main.380.sha.27e119a/codacy-cli-v2 analyze /Users/Andreas/Library/Application Support/Code/User/mcp.json --format sarif]
2026/07/10 20:37:13 Running all configured tools...
2026/07/10 20:37:13 Skipping dartanalyzer as it doesn't support the specified file(s)
2026/07/10 20:37:13 Skipping eslint as it doesn't support the specified file(s)
2026/07/10 20:37:13 Skipping lizard as it doesn't support the specified file(s)
2026/07/10 20:37:13 Skipping opengrep as it doesn't support the specified file(s)
2026/07/10 20:37:13 Skipping pmd as it doesn't support the specified file(s)
2026/07/10 20:37:13 Skipping pylint as it doesn't support the specified file(s)
2026/07/10 20:37:13 Skipping revive as it doesn't support the specified file(s)
2026/07/10 20:37:13 Running tools for the specified file(s)...
2026/07/10 20:37:13 Running trivy...
2026-07-10T20:37:13+02:00 [INFO] (codacy-cli-v2/cmd/analyze.go:360) Config file found for tool tool=trivy toolConfigPath=.codacy/tools-configs/trivy.yaml
2026/07/10 20:37:14 Tool failed to run: failed to run Trivy: exit status 1
2026-07-10T20:37:17+02:00 [INFO] (codacy-cli-v2/cli-v2.go:27) Starting Codacy CLI version=1.0.0-main.380.sha.27e119a (27e119a) built at 2026-06-11T09:54:47Z
2026-07-10T20:37:17+02:00 [INFO] (codacy-cli-v2/cmd/root.go:34) Executing CLI command command=analyze full_command=[/Users/Andreas/Library/Caches/Codacy/codacy-cli-v2/1.0.0-main.380.sha.27e119a/codacy-cli-v2 analyze /Users/Andreas/GitHub/hemera/.vscode/mcp.json --format sarif] args=[/Users/Andreas/GitHub/hemera/.vscode/mcp.json]
2026/07/10 20:37:17 Running all configured tools...
2026/07/10 20:37:17 Skipping opengrep as it doesn't support the specified file(s)
2026/07/10 20:37:17 Skipping pmd as it doesn't support the specified file(s)
2026/07/10 20:37:17 Skipping pylint as it doesn't support the specified file(s)
2026/07/10 20:37:17 Skipping revive as it doesn't support the specified file(s)
2026/07/10 20:37:17 Skipping dartanalyzer as it doesn't support the specified file(s)
2026/07/10 20:37:17 Skipping eslint as it doesn't support the specified file(s)
2026/07/10 20:37:17 Skipping lizard as it doesn't support the specified file(s)
2026/07/10 20:37:17 Running tools for the specified file(s)...
2026/07/10 20:37:17 Running trivy...
2026-07-10T20:37:17+02:00 [INFO] (codacy-cli-v2/cmd/analyze.go:360) Config file found for tool tool=trivy toolConfigPath=.codacy/tools-configs/trivy.yaml
2026/07/10 20:37:18 Tool failed to run: failed to run Trivy: exit status 1
2026-07-10T20:37:26+02:00 [INFO] (codacy-cli-v2/cli-v2.go:27) Starting Codacy CLI version=1.0.0-main.380.sha.27e119a (27e119a) built at 2026-06-11T09:54:47Z
2026-07-10T20:37:26+02:00 [INFO] (codacy-cli-v2/cmd/root.go:34) Executing CLI command command=analyze full_command=[/Users/Andreas/Library/Caches/Codacy/codacy-cli-v2/1.0.0-main.380.sha.27e119a/codacy-cli-v2 analyze /Users/Andreas/GitHub/gaia/.vscode/mcp.json --format sarif] args=[/Users/Andreas/GitHub/gaia/.vscode/mcp.json]
2026/07/10 20:37:26 Running all configured tools...
2026/07/10 20:37:26 Skipping pmd as it doesn't support the specified file(s)
2026/07/10 20:37:26 Skipping pylint as it doesn't support the specified file(s)
2026/07/10 20:37:26 Skipping revive as it doesn't support the specified file(s)
2026/07/10 20:37:26 Skipping dartanalyzer as it doesn't support the specified file(s)
2026/07/10 20:37:26 Skipping eslint as it doesn't support the specified file(s)
2026/07/10 20:37:26 Skipping lizard as it doesn't support the specified file(s)
2026/07/10 20:37:26 Skipping opengrep as it doesn't support the specified file(s)
2026/07/10 20:37:26 Running tools for the specified file(s)...
2026/07/10 20:37:26 Running trivy...
2026-07-10T20:37:26+02:00 [INFO] (codacy-cli-v2/cmd/analyze.go:360) Config file found for tool tool=trivy toolConfigPath=.codacy/tools-configs/trivy.yaml
2026/07/10 20:37:26 Tool failed to run: failed to run Trivy: exit status 1
2026-07-10T20:37:43+02:00 [INFO] (codacy-cli-v2/cli-v2.go:27) Starting Codacy CLI version=1.0.0-main.380.sha.27e119a (27e119a) built at 2026-06-11T09:54:47Z
2026-07-10T20:37:43+02:00 [INFO] (codacy-cli-v2/cmd/root.go:34) Executing CLI command command=analyze full_command=[/Users/Andreas/Library/Caches/Codacy/codacy-cli-v2/1.0.0-main.380.sha.27e119a/codacy-cli-v2 analyze /Users/Andreas/GitHub/thalassa/.vscode/mcp.json --format sarif] args=[/Users/Andreas/GitHub/thalassa/.vscode/mcp.json]
2026/07/10 20:37:43 Running all configured tools...
2026/07/10 20:37:43 Skipping revive as it doesn't support the specified file(s)
2026/07/10 20:37:43 Skipping dartanalyzer as it doesn't support the specified file(s)
2026/07/10 20:37:43 Skipping eslint as it doesn't support the specified file(s)
2026/07/10 20:37:43 Skipping lizard as it doesn't support the specified file(s)
2026/07/10 20:37:43 Skipping opengrep as it doesn't support the specified file(s)
2026/07/10 20:37:43 Skipping pmd as it doesn't support the specified file(s)
2026/07/10 20:37:43 Skipping pylint as it doesn't support the specified file(s)
2026/07/10 20:37:43 Running tools for the specified file(s)...
2026/07/10 20:37:43 Running trivy...
2026-07-10T20:37:43+02:00 [INFO] (codacy-cli-v2/cmd/analyze.go:360) Config file found for tool toolConfigPath=.codacy/tools-configs/trivy.yaml tool=trivy
2026/07/10 20:37:44 Tool failed to run: failed to run Trivy: exit status 1
2026-07-10T20:40:13+02:00 [INFO] (codacy-cli-v2/cli-v2.go:27) Starting Codacy CLI version=1.0.0-main.380.sha.27e119a (27e119a) built at 2026-06-11T09:54:47Z
2026-07-10T20:40:13+02:00 [INFO] (codacy-cli-v2/cmd/root.go:34) Executing CLI command command=analyze full_command=[/Users/Andreas/Library/Caches/Codacy/codacy-cli-v2/1.0.0-main.380.sha.27e119a/codacy-cli-v2 analyze /Users/Andreas/Library/Application Support/Code/User/mcp.json --format sarif] args=[/Users/Andreas/Library/Application Support/Code/User/mcp.json]
2026/07/10 20:40:13 Running all configured tools...
2026/07/10 20:40:13 Skipping eslint as it doesn't support the specified file(s)
2026/07/10 20:40:13 Skipping lizard as it doesn't support the specified file(s)
2026/07/10 20:40:13 Skipping opengrep as it doesn't support the specified file(s)
2026/07/10 20:40:13 Skipping pmd as it doesn't support the specified file(s)
2026/07/10 20:40:13 Skipping pylint as it doesn't support the specified file(s)
2026/07/10 20:40:13 Skipping revive as it doesn't support the specified file(s)
2026/07/10 20:40:13 Skipping dartanalyzer as it doesn't support the specified file(s)
2026/07/10 20:40:13 Running tools for the specified file(s)...
2026/07/10 20:40:13 Running trivy...
2026-07-10T20:40:13+02:00 [INFO] (codacy-cli-v2/cmd/analyze.go:360) Config file found for tool tool=trivy toolConfigPath=.codacy/tools-configs/trivy.yaml
2026/07/10 20:40:14 Tool failed to run: failed to run Trivy: exit status 1
2026-07-10T20:40:19+02:00 [INFO] (codacy-cli-v2/cli-v2.go:27) Starting Codacy CLI version=1.0.0-main.380.sha.27e119a (27e119a) built at 2026-06-11T09:54:47Z
2026-07-10T20:40:19+02:00 [INFO] (codacy-cli-v2/cmd/root.go:34) Executing CLI command args=[/Users/Andreas/GitHub/hemera/.vscode/mcp.json] command=analyze full_command=[/Users/Andreas/Library/Caches/Codacy/codacy-cli-v2/1.0.0-main.380.sha.27e119a/codacy-cli-v2 analyze /Users/Andreas/GitHub/hemera/.vscode/mcp.json --format sarif]
2026/07/10 20:40:19 Running all configured tools...
2026/07/10 20:40:19 Skipping opengrep as it doesn't support the specified file(s)
2026/07/10 20:40:19 Skipping pmd as it doesn't support the specified file(s)
2026/07/10 20:40:19 Skipping pylint as it doesn't support the specified file(s)
2026/07/10 20:40:19 Skipping revive as it doesn't support the specified file(s)
2026/07/10 20:40:19 Skipping dartanalyzer as it doesn't support the specified file(s)
2026/07/10 20:40:19 Skipping eslint as it doesn't support the specified file(s)
2026/07/10 20:40:19 Skipping lizard as it doesn't support the specified file(s)
2026/07/10 20:40:19 Running tools for the specified file(s)...
2026/07/10 20:40:19 Running trivy...
2026-07-10T20:40:19+02:00 [INFO] (codacy-cli-v2/cmd/analyze.go:360) Config file found for tool tool=trivy toolConfigPath=.codacy/tools-configs/trivy.yaml
2026/07/10 20:40:19 Tool failed to run: failed to run Trivy: exit status 1
2026-07-10T20:40:27+02:00 [INFO] (codacy-cli-v2/cli-v2.go:27) Starting Codacy CLI version=1.0.0-main.380.sha.27e119a (27e119a) built at 2026-06-11T09:54:47Z
2026-07-10T20:40:27+02:00 [INFO] (codacy-cli-v2/cmd/root.go:34) Executing CLI command command=analyze full_command=[/Users/Andreas/Library/Caches/Codacy/codacy-cli-v2/1.0.0-main.380.sha.27e119a/codacy-cli-v2 analyze /Users/Andreas/GitHub/gaia/.vscode/mcp.json --format sarif] args=[/Users/Andreas/GitHub/gaia/.vscode/mcp.json]
2026/07/10 20:40:27 Running all configured tools...
2026/07/10 20:40:27 Skipping pmd as it doesn't support the specified file(s)
2026/07/10 20:40:27 Skipping pylint as it doesn't support the specified file(s)
2026/07/10 20:40:27 Skipping revive as it doesn't support the specified file(s)
2026/07/10 20:40:27 Skipping dartanalyzer as it doesn't support the specified file(s)
2026/07/10 20:40:27 Skipping eslint as it doesn't support the specified file(s)
2026/07/10 20:40:27 Skipping lizard as it doesn't support the specified file(s)
2026/07/10 20:40:27 Skipping opengrep as it doesn't support the specified file(s)
2026/07/10 20:40:27 Running tools for the specified file(s)...
2026/07/10 20:40:27 Running trivy...
2026-07-10T20:40:27+02:00 [INFO] (codacy-cli-v2/cmd/analyze.go:360) Config file found for tool toolConfigPath=.codacy/tools-configs/trivy.yaml tool=trivy
2026/07/10 20:40:27 Tool failed to run: failed to run Trivy: exit status 1
2026-07-10T20:40:46+02:00 [INFO] (codacy-cli-v2/cli-v2.go:27) Starting Codacy CLI version=1.0.0-main.380.sha.27e119a (27e119a) built at 2026-06-11T09:54:47Z
2026-07-10T20:40:46+02:00 [INFO] (codacy-cli-v2/cmd/root.go:34) Executing CLI command full_command=[/Users/Andreas/Library/Caches/Codacy/codacy-cli-v2/1.0.0-main.380.sha.27e119a/codacy-cli-v2 analyze /Users/Andreas/GitHub/thalassa/.vscode/mcp.json --format sarif] args=[/Users/Andreas/GitHub/thalassa/.vscode/mcp.json] command=analyze
2026/07/10 20:40:46 Running all configured tools...
2026/07/10 20:40:46 Skipping lizard as it doesn't support the specified file(s)
2026/07/10 20:40:46 Skipping opengrep as it doesn't support the specified file(s)
2026/07/10 20:40:46 Skipping pmd as it doesn't support the specified file(s)
2026/07/10 20:40:46 Skipping pylint as it doesn't support the specified file(s)
2026/07/10 20:40:46 Skipping revive as it doesn't support the specified file(s)
2026/07/10 20:40:46 Skipping dartanalyzer as it doesn't support the specified file(s)
2026/07/10 20:40:46 Skipping eslint as it doesn't support the specified file(s)
2026/07/10 20:40:46 Running tools for the specified file(s)...
2026/07/10 20:40:46 Running trivy...
2026-07-10T20:40:46+02:00 [INFO] (codacy-cli-v2/cmd/analyze.go:360) Config file found for tool tool=trivy toolConfigPath=.codacy/tools-configs/trivy.yaml
2026/07/10 20:40:47 Tool failed to run: failed to run Trivy: exit status 1
2026-07-10T20:43:15+02:00 [INFO] (codacy-cli-v2/cli-v2.go:27) Starting Codacy CLI version=1.0.0-main.380.sha.27e119a (27e119a) built at 2026-06-11T09:54:47Z
2026-07-10T20:43:15+02:00 [INFO] (codacy-cli-v2/cmd/root.go:34) Executing CLI command args=[/Users/Andreas/Library/Application Support/Code/User/mcp.json] command=analyze full_command=[/Users/Andreas/Library/Caches/Codacy/codacy-cli-v2/1.0.0-main.380.sha.27e119a/codacy-cli-v2 analyze /Users/Andreas/Library/Application Support/Code/User/mcp.json --format sarif]
2026/07/10 20:43:15 Running all configured tools...
2026/07/10 20:43:15 Skipping dartanalyzer as it doesn't support the specified file(s)
2026/07/10 20:43:15 Skipping eslint as it doesn't support the specified file(s)
2026/07/10 20:43:15 Skipping lizard as it doesn't support the specified file(s)
2026/07/10 20:43:15 Skipping opengrep as it doesn't support the specified file(s)
2026/07/10 20:43:15 Skipping pmd as it doesn't support the specified file(s)
2026/07/10 20:43:15 Skipping pylint as it doesn't support the specified file(s)
2026/07/10 20:43:15 Skipping revive as it doesn't support the specified file(s)
2026/07/10 20:43:15 Running tools for the specified file(s)...
2026/07/10 20:43:15 Running trivy...
2026-07-10T20:43:15+02:00 [INFO] (codacy-cli-v2/cmd/analyze.go:360) Config file found for tool tool=trivy toolConfigPath=.codacy/tools-configs/trivy.yaml
2026/07/10 20:43:16 Tool failed to run: failed to run Trivy: exit status 1
2026-07-10T20:43:20+02:00 [INFO] (codacy-cli-v2/cli-v2.go:27) Starting Codacy CLI version=1.0.0-main.380.sha.27e119a (27e119a) built at 2026-06-11T09:54:47Z
2026-07-10T20:43:20+02:00 [INFO] (codacy-cli-v2/cmd/root.go:34) Executing CLI command command=analyze full_command=[/Users/Andreas/Library/Caches/Codacy/codacy-cli-v2/1.0.0-main.380.sha.27e119a/codacy-cli-v2 analyze /Users/Andreas/GitHub/hemera/.vscode/mcp.json --format sarif] args=[/Users/Andreas/GitHub/hemera/.vscode/mcp.json]
2026/07/10 20:43:20 Running all configured tools...
2026/07/10 20:43:20 Skipping lizard as it doesn't support the specified file(s)
2026/07/10 20:43:20 Skipping opengrep as it doesn't support the specified file(s)
2026/07/10 20:43:20 Skipping pmd as it doesn't support the specified file(s)
2026/07/10 20:43:20 Skipping pylint as it doesn't support the specified file(s)
2026/07/10 20:43:20 Skipping revive as it doesn't support the specified file(s)
2026/07/10 20:43:20 Skipping dartanalyzer as it doesn't support the specified file(s)
2026/07/10 20:43:20 Skipping eslint as it doesn't support the specified file(s)
2026/07/10 20:43:20 Running tools for the specified file(s)...
2026/07/10 20:43:20 Running trivy...
2026-07-10T20:43:20+02:00 [INFO] (codacy-cli-v2/cmd/analyze.go:360) Config file found for tool tool=trivy toolConfigPath=.codacy/tools-configs/trivy.yaml
2026/07/10 20:43:21 Tool failed to run: failed to run Trivy: exit status 1
2026-07-10T20:43:28+02:00 [INFO] (codacy-cli-v2/cli-v2.go:27) Starting Codacy CLI version=1.0.0-main.380.sha.27e119a (27e119a) built at 2026-06-11T09:54:47Z
2026-07-10T20:43:28+02:00 [INFO] (codacy-cli-v2/cmd/root.go:34) Executing CLI command command=analyze full_command=[/Users/Andreas/Library/Caches/Codacy/codacy-cli-v2/1.0.0-main.380.sha.27e119a/codacy-cli-v2 analyze /Users/Andreas/GitHub/gaia/.vscode/mcp.json --format sarif] args=[/Users/Andreas/GitHub/gaia/.vscode/mcp.json]
2026/07/10 20:43:28 Running all configured tools...
2026/07/10 20:43:28 Skipping dartanalyzer as it doesn't support the specified file(s)
2026/07/10 20:43:28 Skipping eslint as it doesn't support the specified file(s)
2026/07/10 20:43:28 Skipping lizard as it doesn't support the specified file(s)
2026/07/10 20:43:28 Skipping opengrep as it doesn't support the specified file(s)
2026/07/10 20:43:28 Skipping pmd as it doesn't support the specified file(s)
2026/07/10 20:43:28 Skipping pylint as it doesn't support the specified file(s)
2026/07/10 20:43:28 Skipping revive as it doesn't support the specified file(s)
2026/07/10 20:43:28 Running tools for the specified file(s)...
2026/07/10 20:43:28 Running trivy...
2026-07-10T20:43:28+02:00 [INFO] (codacy-cli-v2/cmd/analyze.go:360) Config file found for tool tool=trivy toolConfigPath=.codacy/tools-configs/trivy.yaml
2026/07/10 20:43:29 Tool failed to run: failed to run Trivy: exit status 1
2026-07-10T20:43:48+02:00 [INFO] (codacy-cli-v2/cli-v2.go:27) Starting Codacy CLI version=1.0.0-main.380.sha.27e119a (27e119a) built at 2026-06-11T09:54:47Z
2026-07-10T20:43:48+02:00 [INFO] (codacy-cli-v2/cmd/root.go:34) Executing CLI command command=analyze full_command=[/Users/Andreas/Library/Caches/Codacy/codacy-cli-v2/1.0.0-main.380.sha.27e119a/codacy-cli-v2 analyze /Users/Andreas/GitHub/thalassa/.vscode/mcp.json --format sarif] args=[/Users/Andreas/GitHub/thalassa/.vscode/mcp.json]
2026/07/10 20:43:48 Running all configured tools...
2026/07/10 20:43:48 Skipping dartanalyzer as it doesn't support the specified file(s)
2026/07/10 20:43:48 Skipping eslint as it doesn't support the specified file(s)
2026/07/10 20:43:48 Skipping lizard as it doesn't support the specified file(s)
2026/07/10 20:43:48 Skipping opengrep as it doesn't support the specified file(s)
2026/07/10 20:43:48 Skipping pmd as it doesn't support the specified file(s)
2026/07/10 20:43:48 Skipping pylint as it doesn't support the specified file(s)
2026/07/10 20:43:48 Skipping revive as it doesn't support the specified file(s)
2026/07/10 20:43:48 Running tools for the specified file(s)...
2026/07/10 20:43:48 Running trivy...
2026-07-10T20:43:48+02:00 [INFO] (codacy-cli-v2/cmd/analyze.go:360) Config file found for tool tool=trivy toolConfigPath=.codacy/tools-configs/trivy.yaml
2026/07/10 20:43:49 Tool failed to run: failed to run Trivy: exit status 1
2026-07-10T20:46:15+02:00 [INFO] (codacy-cli-v2/cli-v2.go:27) Starting Codacy CLI version=1.0.0-main.380.sha.27e119a (27e119a) built at 2026-06-11T09:54:47Z
2026-07-10T20:46:15+02:00 [INFO] (codacy-cli-v2/cmd/root.go:34) Executing CLI command full_command=[/Users/Andreas/Library/Caches/Codacy/codacy-cli-v2/1.0.0-main.380.sha.27e119a/codacy-cli-v2 analyze /Users/Andreas/Library/Application Support/Code/User/mcp.json --format sarif] args=[/Users/Andreas/Library/Application Support/Code/User/mcp.json] command=analyze
2026/07/10 20:46:15 Running all configured tools...
2026/07/10 20:46:15 Skipping dartanalyzer as it doesn't support the specified file(s)
2026/07/10 20:46:15 Skipping eslint as it doesn't support the specified file(s)
2026/07/10 20:46:15 Skipping lizard as it doesn't support the specified file(s)
2026/07/10 20:46:15 Skipping opengrep as it doesn't support the specified file(s)
2026/07/10 20:46:15 Skipping pmd as it doesn't support the specified file(s)
2026/07/10 20:46:15 Skipping pylint as it doesn't support the specified file(s)
2026/07/10 20:46:15 Skipping revive as it doesn't support the specified file(s)
2026/07/10 20:46:15 Running tools for the specified file(s)...
2026/07/10 20:46:15 Running trivy...
2026-07-10T20:46:15+02:00 [INFO] (codacy-cli-v2/cmd/analyze.go:360) Config file found for tool tool=trivy toolConfigPath=.codacy/tools-configs/trivy.yaml
2026/07/10 20:46:16 Tool failed to run: failed to run Trivy: exit status 1
2026-07-10T20:46:21+02:00 [INFO] (codacy-cli-v2/cli-v2.go:27) Starting Codacy CLI version=1.0.0-main.380.sha.27e119a (27e119a) built at 2026-06-11T09:54:47Z
2026-07-10T20:46:21+02:00 [INFO] (codacy-cli-v2/cmd/root.go:34) Executing CLI command command=analyze full_command=[/Users/Andreas/Library/Caches/Codacy/codacy-cli-v2/1.0.0-main.380.sha.27e119a/codacy-cli-v2 analyze /Users/Andreas/GitHub/hemera/.vscode/mcp.json --format sarif] args=[/Users/Andreas/GitHub/hemera/.vscode/mcp.json]
2026/07/10 20:46:21 Running all configured tools...
2026/07/10 20:46:21 Skipping revive as it doesn't support the specified file(s)
2026/07/10 20:46:21 Skipping dartanalyzer as it doesn't support the specified file(s)
2026/07/10 20:46:21 Skipping eslint as it doesn't support the specified file(s)
2026/07/10 20:46:21 Skipping lizard as it doesn't support the specified file(s)
2026/07/10 20:46:21 Skipping opengrep as it doesn't support the specified file(s)
2026/07/10 20:46:21 Skipping pmd as it doesn't support the specified file(s)
2026/07/10 20:46:21 Skipping pylint as it doesn't support the specified file(s)
2026/07/10 20:46:21 Running tools for the specified file(s)...
2026/07/10 20:46:21 Running trivy...
2026-07-10T20:46:21+02:00 [INFO] (codacy-cli-v2/cmd/analyze.go:360) Config file found for tool toolConfigPath=.codacy/tools-configs/trivy.yaml tool=trivy
2026/07/10 20:46:21 Tool failed to run: failed to run Trivy: exit status 1
2026-07-10T20:46:29+02:00 [INFO] (codacy-cli-v2/cli-v2.go:27) Starting Codacy CLI version=1.0.0-main.380.sha.27e119a (27e119a) built at 2026-06-11T09:54:47Z
2026-07-10T20:46:29+02:00 [INFO] (codacy-cli-v2/cmd/root.go:34) Executing CLI command command=analyze full_command=[/Users/Andreas/Library/Caches/Codacy/codacy-cli-v2/1.0.0-main.380.sha.27e119a/codacy-cli-v2 analyze /Users/Andreas/GitHub/gaia/.vscode/mcp.json --format sarif] args=[/Users/Andreas/GitHub/gaia/.vscode/mcp.json]
2026/07/10 20:46:29 Running all configured tools...
2026/07/10 20:46:29 Skipping eslint as it doesn't support the specified file(s)
2026/07/10 20:46:29 Skipping lizard as it doesn't support the specified file(s)
2026/07/10 20:46:29 Skipping opengrep as it doesn't support the specified file(s)
2026/07/10 20:46:29 Skipping pmd as it doesn't support the specified file(s)
2026/07/10 20:46:29 Skipping pylint as it doesn't support the specified file(s)
2026/07/10 20:46:29 Skipping revive as it doesn't support the specified file(s)
2026/07/10 20:46:29 Skipping dartanalyzer as it doesn't support the specified file(s)
2026/07/10 20:46:29 Running tools for the specified file(s)...
2026/07/10 20:46:29 Running trivy...
2026-07-10T20:46:29+02:00 [INFO] (codacy-cli-v2/cmd/analyze.go:360) Config file found for tool toolConfigPath=.codacy/tools-configs/trivy.yaml tool=trivy
2026/07/10 20:46:30 Tool failed to run: failed to run Trivy: exit status 1
2026-07-10T20:46:51+02:00 [INFO] (codacy-cli-v2/cli-v2.go:27) Starting Codacy CLI version=1.0.0-main.380.sha.27e119a (27e119a) built at 2026-06-11T09:54:47Z
2026-07-10T20:46:51+02:00 [INFO] (codacy-cli-v2/cmd/root.go:34) Executing CLI command command=analyze full_command=[/Users/Andreas/Library/Caches/Codacy/codacy-cli-v2/1.0.0-main.380.sha.27e119a/codacy-cli-v2 analyze /Users/Andreas/GitHub/thalassa/.vscode/mcp.json --format sarif] args=[/Users/Andreas/GitHub/thalassa/.vscode/mcp.json]
2026/07/10 20:46:51 Running all configured tools...
2026/07/10 20:46:51 Skipping pmd as it doesn't support the specified file(s)
2026/07/10 20:46:51 Skipping pylint as it doesn't support the specified file(s)
2026/07/10 20:46:51 Skipping revive as it doesn't support the specified file(s)
2026/07/10 20:46:51 Skipping dartanalyzer as it doesn't support the specified file(s)
2026/07/10 20:46:51 Skipping eslint as it doesn't support the specified file(s)
2026/07/10 20:46:51 Skipping lizard as it doesn't support the specified file(s)
2026/07/10 20:46:51 Skipping opengrep as it doesn't support the specified file(s)
2026/07/10 20:46:51 Running tools for the specified file(s)...
2026/07/10 20:46:51 Running trivy...
2026-07-10T20:46:51+02:00 [INFO] (codacy-cli-v2/cmd/analyze.go:360) Config file found for tool tool=trivy toolConfigPath=.codacy/tools-configs/trivy.yaml
2026/07/10 20:46:52 Tool failed to run: failed to run Trivy: exit status 1
2026-07-10T20:49:15+02:00 [INFO] (codacy-cli-v2/cli-v2.go:27) Starting Codacy CLI version=1.0.0-main.380.sha.27e119a (27e119a) built at 2026-06-11T09:54:47Z
2026-07-10T20:49:15+02:00 [INFO] (codacy-cli-v2/cmd/root.go:34) Executing CLI command command=analyze full_command=[/Users/Andreas/Library/Caches/Codacy/codacy-cli-v2/1.0.0-main.380.sha.27e119a/codacy-cli-v2 analyze /Users/Andreas/Library/Application Support/Code/User/mcp.json --format sarif] args=[/Users/Andreas/Library/Application Support/Code/User/mcp.json]
2026/07/10 20:49:15 Running all configured tools...
2026/07/10 20:49:15 Skipping dartanalyzer as it doesn't support the specified file(s)
2026/07/10 20:49:15 Skipping eslint as it doesn't support the specified file(s)
2026/07/10 20:49:15 Skipping lizard as it doesn't support the specified file(s)
2026/07/10 20:49:15 Skipping opengrep as it doesn't support the specified file(s)
2026/07/10 20:49:15 Skipping pmd as it doesn't support the specified file(s)
2026/07/10 20:49:15 Skipping pylint as it doesn't support the specified file(s)
2026/07/10 20:49:15 Skipping revive as it doesn't support the specified file(s)
2026/07/10 20:49:15 Running tools for the specified file(s)...
2026/07/10 20:49:15 Running trivy...
2026-07-10T20:49:15+02:00 [INFO] (codacy-cli-v2/cmd/analyze.go:360) Config file found for tool tool=trivy toolConfigPath=.codacy/tools-configs/trivy.yaml
2026/07/10 20:49:16 Tool failed to run: failed to run Trivy: exit status 1
2026-07-10T20:49:21+02:00 [INFO] (codacy-cli-v2/cli-v2.go:27) Starting Codacy CLI version=1.0.0-main.380.sha.27e119a (27e119a) built at 2026-06-11T09:54:47Z
2026-07-10T20:49:21+02:00 [INFO] (codacy-cli-v2/cmd/root.go:34) Executing CLI command full_command=[/Users/Andreas/Library/Caches/Codacy/codacy-cli-v2/1.0.0-main.380.sha.27e119a/codacy-cli-v2 analyze /Users/Andreas/GitHub/hemera/.vscode/mcp.json --format sarif] args=[/Users/Andreas/GitHub/hemera/.vscode/mcp.json] command=analyze
2026/07/10 20:49:21 Running all configured tools...
2026/07/10 20:49:21 Skipping pmd as it doesn't support the specified file(s)
2026/07/10 20:49:21 Skipping pylint as it doesn't support the specified file(s)
2026/07/10 20:49:21 Skipping revive as it doesn't support the specified file(s)
2026/07/10 20:49:21 Skipping dartanalyzer as it doesn't support the specified file(s)
2026/07/10 20:49:21 Skipping eslint as it doesn't support the specified file(s)
2026/07/10 20:49:21 Skipping lizard as it doesn't support the specified file(s)
2026/07/10 20:49:21 Skipping opengrep as it doesn't support the specified file(s)
2026/07/10 20:49:21 Running tools for the specified file(s)...
2026/07/10 20:49:21 Running trivy...
2026-07-10T20:49:21+02:00 [INFO] (codacy-cli-v2/cmd/analyze.go:360) Config file found for tool tool=trivy toolConfigPath=.codacy/tools-configs/trivy.yaml
2026/07/10 20:49:22 Tool failed to run: failed to run Trivy: exit status 1
2026-07-10T20:49:30+02:00 [INFO] (codacy-cli-v2/cli-v2.go:27) Starting Codacy CLI version=1.0.0-main.380.sha.27e119a (27e119a) built at 2026-06-11T09:54:47Z
2026-07-10T20:49:30+02:00 [INFO] (codacy-cli-v2/cmd/root.go:34) Executing CLI command full_command=[/Users/Andreas/Library/Caches/Codacy/codacy-cli-v2/1.0.0-main.380.sha.27e119a/codacy-cli-v2 analyze /Users/Andreas/GitHub/gaia/.vscode/mcp.json --format sarif] args=[/Users/Andreas/GitHub/gaia/.vscode/mcp.json] command=analyze
2026/07/10 20:49:30 Running all configured tools...
2026/07/10 20:49:30 Skipping dartanalyzer as it doesn't support the specified file(s)
2026/07/10 20:49:30 Skipping eslint as it doesn't support the specified file(s)
2026/07/10 20:49:30 Skipping lizard as it doesn't support the specified file(s)
2026/07/10 20:49:30 Skipping opengrep as it doesn't support the specified file(s)
2026/07/10 20:49:30 Skipping pmd as it doesn't support the specified file(s)
2026/07/10 20:49:30 Skipping pylint as it doesn't support the specified file(s)
2026/07/10 20:49:30 Skipping revive as it doesn't support the specified file(s)
2026/07/10 20:49:30 Running tools for the specified file(s)...
2026/07/10 20:49:30 Running trivy...
2026-07-10T20:49:30+02:00 [INFO] (codacy-cli-v2/cmd/analyze.go:360) Config file found for tool tool=trivy toolConfigPath=.codacy/tools-configs/trivy.yaml
2026/07/10 20:49:30 Tool failed to run: failed to run Trivy: exit status 1
2026-07-10T20:49:51+02:00 [INFO] (codacy-cli-v2/cli-v2.go:27) Starting Codacy CLI version=1.0.0-main.380.sha.27e119a (27e119a) built at 2026-06-11T09:54:47Z
2026-07-10T20:49:51+02:00 [INFO] (codacy-cli-v2/cmd/root.go:34) Executing CLI command command=analyze full_command=[/Users/Andreas/Library/Caches/Codacy/codacy-cli-v2/1.0.0-main.380.sha.27e119a/codacy-cli-v2 analyze /Users/Andreas/GitHub/thalassa/.vscode/mcp.json --format sarif] args=[/Users/Andreas/GitHub/thalassa/.vscode/mcp.json]
2026/07/10 20:49:51 Running all configured tools...
2026/07/10 20:49:51 Skipping lizard as it doesn't support the specified file(s)
2026/07/10 20:49:51 Skipping opengrep as it doesn't support the specified file(s)
2026/07/10 20:49:51 Skipping pmd as it doesn't support the specified file(s)
2026/07/10 20:49:51 Skipping pylint as it doesn't support the specified file(s)
2026/07/10 20:49:51 Skipping revive as it doesn't support the specified file(s)
2026/07/10 20:49:51 Skipping dartanalyzer as it doesn't support the specified file(s)
2026/07/10 20:49:51 Skipping eslint as it doesn't support the specified file(s)
2026/07/10 20:49:51 Running tools for the specified file(s)...
2026/07/10 20:49:51 Running trivy...
2026-07-10T20:49:51+02:00 [INFO] (codacy-cli-v2/cmd/analyze.go:360) Config file found for tool toolConfigPath=.codacy/tools-configs/trivy.yaml tool=trivy
2026/07/10 20:49:52 Tool failed to run: failed to run Trivy: exit status 1
2026-07-10T20:52:16+02:00 [INFO] (codacy-cli-v2/cli-v2.go:27) Starting Codacy CLI version=1.0.0-main.380.sha.27e119a (27e119a) built at 2026-06-11T09:54:47Z
2026-07-10T20:52:16+02:00 [INFO] (codacy-cli-v2/cmd/root.go:34) Executing CLI command command=analyze full_command=[/Users/Andreas/Library/Caches/Codacy/codacy-cli-v2/1.0.0-main.380.sha.27e119a/codacy-cli-v2 analyze /Users/Andreas/Library/Application Support/Code/User/mcp.json --format sarif] args=[/Users/Andreas/Library/Application Support/Code/User/mcp.json]
2026/07/10 20:52:16 Running all configured tools...
2026/07/10 20:52:16 Skipping revive as it doesn't support the specified file(s)
2026/07/10 20:52:16 Skipping dartanalyzer as it doesn't support the specified file(s)
2026/07/10 20:52:16 Skipping eslint as it doesn't support the specified file(s)
2026/07/10 20:52:16 Skipping lizard as it doesn't support the specified file(s)
2026/07/10 20:52:16 Skipping opengrep as it doesn't support the specified file(s)
2026/07/10 20:52:16 Skipping pmd as it doesn't support the specified file(s)
2026/07/10 20:52:16 Skipping pylint as it doesn't support the specified file(s)
2026/07/10 20:52:16 Running tools for the specified file(s)...
2026/07/10 20:52:16 Running trivy...
2026-07-10T20:52:16+02:00 [INFO] (codacy-cli-v2/cmd/analyze.go:360) Config file found for tool toolConfigPath=.codacy/tools-configs/trivy.yaml tool=trivy
2026/07/10 20:52:17 Tool failed to run: failed to run Trivy: exit status 1
2026-07-10T20:52:22+02:00 [INFO] (codacy-cli-v2/cli-v2.go:27) Starting Codacy CLI version=1.0.0-main.380.sha.27e119a (27e119a) built at 2026-06-11T09:54:47Z
2026-07-10T20:52:22+02:00 [INFO] (codacy-cli-v2/cmd/root.go:34) Executing CLI command full_command=[/Users/Andreas/Library/Caches/Codacy/codacy-cli-v2/1.0.0-main.380.sha.27e119a/codacy-cli-v2 analyze /Users/Andreas/GitHub/hemera/.vscode/mcp.json --format sarif] args=[/Users/Andreas/GitHub/hemera/.vscode/mcp.json] command=analyze
2026/07/10 20:52:22 Running all configured tools...
2026/07/10 20:52:22 Skipping eslint as it doesn't support the specified file(s)
2026/07/10 20:52:22 Skipping lizard as it doesn't support the specified file(s)
2026/07/10 20:52:22 Skipping opengrep as it doesn't support the specified file(s)
2026/07/10 20:52:22 Skipping pmd as it doesn't support the specified file(s)
2026/07/10 20:52:22 Skipping pylint as it doesn't support the specified file(s)
2026/07/10 20:52:22 Skipping revive as it doesn't support the specified file(s)
2026/07/10 20:52:22 Skipping dartanalyzer as it doesn't support the specified file(s)
2026/07/10 20:52:22 Running tools for the specified file(s)...
2026/07/10 20:52:22 Running trivy...
2026-07-10T20:52:22+02:00 [INFO] (codacy-cli-v2/cmd/analyze.go:360) Config file found for tool tool=trivy toolConfigPath=.codacy/tools-configs/trivy.yaml
2026/07/10 20:52:22 Tool failed to run: failed to run Trivy: exit status 1
2026-07-10T20:52:30+02:00 [INFO] (codacy-cli-v2/cli-v2.go:27) Starting Codacy CLI version=1.0.0-main.380.sha.27e119a (27e119a) built at 2026-06-11T09:54:47Z
2026-07-10T20:52:30+02:00 [INFO] (codacy-cli-v2/cmd/root.go:34) Executing CLI command command=analyze full_command=[/Users/Andreas/Library/Caches/Codacy/codacy-cli-v2/1.0.0-main.380.sha.27e119a/codacy-cli-v2 analyze /Users/Andreas/GitHub/gaia/.vscode/mcp.json --format sarif] args=[/Users/Andreas/GitHub/gaia/.vscode/mcp.json]
2026/07/10 20:52:30 Running all configured tools...
2026/07/10 20:52:30 Skipping pylint as it doesn't support the specified file(s)
2026/07/10 20:52:30 Skipping revive as it doesn't support the specified file(s)
2026/07/10 20:52:30 Skipping dartanalyzer as it doesn't support the specified file(s)
2026/07/10 20:52:30 Skipping eslint as it doesn't support the specified file(s)
2026/07/10 20:52:30 Skipping lizard as it doesn't support the specified file(s)
2026/07/10 20:52:30 Skipping opengrep as it doesn't support the specified file(s)
2026/07/10 20:52:30 Skipping pmd as it doesn't support the specified file(s)
2026/07/10 20:52:30 Running tools for the specified file(s)...
2026/07/10 20:52:30 Running trivy...
2026-07-10T20:52:30+02:00 [INFO] (codacy-cli-v2/cmd/analyze.go:360) Config file found for tool tool=trivy toolConfigPath=.codacy/tools-configs/trivy.yaml
2026/07/10 20:52:31 Tool failed to run: failed to run Trivy: exit status 1
2026-07-10T20:52:52+02:00 [INFO] (codacy-cli-v2/cli-v2.go:27) Starting Codacy CLI version=1.0.0-main.380.sha.27e119a (27e119a) built at 2026-06-11T09:54:47Z
2026-07-10T20:52:52+02:00 [INFO] (codacy-cli-v2/cmd/root.go:34) Executing CLI command command=analyze full_command=[/Users/Andreas/Library/Caches/Codacy/codacy-cli-v2/1.0.0-main.380.sha.27e119a/codacy-cli-v2 analyze /Users/Andreas/GitHub/thalassa/.vscode/mcp.json --format sarif] args=[/Users/Andreas/GitHub/thalassa/.vscode/mcp.json]
2026/07/10 20:52:52 Running all configured tools...
2026/07/10 20:52:52 Skipping dartanalyzer as it doesn't support the specified file(s)
2026/07/10 20:52:52 Skipping eslint as it doesn't support the specified file(s)
2026/07/10 20:52:52 Skipping lizard as it doesn't support the specified file(s)
2026/07/10 20:52:52 Skipping opengrep as it doesn't support the specified file(s)
2026/07/10 20:52:52 Skipping pmd as it doesn't support the specified file(s)
2026/07/10 20:52:52 Skipping pylint as it doesn't support the specified file(s)
2026/07/10 20:52:52 Skipping revive as it doesn't support the specified file(s)
2026/07/10 20:52:52 Running tools for the specified file(s)...
2026/07/10 20:52:52 Running trivy...
2026-07-10T20:52:52+02:00 [INFO] (codacy-cli-v2/cmd/analyze.go:360) Config file found for tool toolConfigPath=.codacy/tools-configs/trivy.yaml tool=trivy
2026/07/10 20:52:53 Tool failed to run: failed to run Trivy: exit status 1
2026-07-10T20:55:16+02:00 [INFO] (codacy-cli-v2/cli-v2.go:27) Starting Codacy CLI version=1.0.0-main.380.sha.27e119a (27e119a) built at 2026-06-11T09:54:47Z
2026-07-10T20:55:16+02:00 [INFO] (codacy-cli-v2/cmd/root.go:34) Executing CLI command command=analyze full_command=[/Users/Andreas/Library/Caches/Codacy/codacy-cli-v2/1.0.0-main.380.sha.27e119a/codacy-cli-v2 analyze /Users/Andreas/Library/Application Support/Code/User/mcp.json --format sarif] args=[/Users/Andreas/Library/Application Support/Code/User/mcp.json]
2026/07/10 20:55:16 Running all configured tools...
2026/07/10 20:55:16 Skipping eslint as it doesn't support the specified file(s)
2026/07/10 20:55:16 Skipping lizard as it doesn't support the specified file(s)
2026/07/10 20:55:16 Skipping opengrep as it doesn't support the specified file(s)
2026/07/10 20:55:16 Skipping pmd as it doesn't support the specified file(s)
2026/07/10 20:55:16 Skipping pylint as it doesn't support the specified file(s)
2026/07/10 20:55:16 Skipping revive as it doesn't support the specified file(s)
2026/07/10 20:55:16 Skipping dartanalyzer as it doesn't support the specified file(s)
2026/07/10 20:55:16 Running tools for the specified file(s)...
2026/07/10 20:55:16 Running trivy...
2026-07-10T20:55:16+02:00 [INFO] (codacy-cli-v2/cmd/analyze.go:360) Config file found for tool tool=trivy toolConfigPath=.codacy/tools-configs/trivy.yaml
2026/07/10 20:55:17 Tool failed to run: failed to run Trivy: exit status 1
2026-07-10T20:55:23+02:00 [INFO] (codacy-cli-v2/cli-v2.go:27) Starting Codacy CLI version=1.0.0-main.380.sha.27e119a (27e119a) built at 2026-06-11T09:54:47Z
2026-07-10T20:55:23+02:00 [INFO] (codacy-cli-v2/cmd/root.go:34) Executing CLI command args=[/Users/Andreas/GitHub/hemera/.vscode/mcp.json] command=analyze full_command=[/Users/Andreas/Library/Caches/Codacy/codacy-cli-v2/1.0.0-main.380.sha.27e119a/codacy-cli-v2 analyze /Users/Andreas/GitHub/hemera/.vscode/mcp.json --format sarif]
2026/07/10 20:55:23 Running all configured tools...
2026/07/10 20:55:23 Skipping lizard as it doesn't support the specified file(s)
2026/07/10 20:55:23 Skipping opengrep as it doesn't support the specified file(s)
2026/07/10 20:55:23 Skipping pmd as it doesn't support the specified file(s)
2026/07/10 20:55:23 Skipping pylint as it doesn't support the specified file(s)
2026/07/10 20:55:23 Skipping revive as it doesn't support the specified file(s)
2026/07/10 20:55:23 Skipping dartanalyzer as it doesn't support the specified file(s)
2026/07/10 20:55:23 Skipping eslint as it doesn't support the specified file(s)
2026/07/10 20:55:23 Running tools for the specified file(s)...
2026/07/10 20:55:23 Running trivy...
2026-07-10T20:55:23+02:00 [INFO] (codacy-cli-v2/cmd/analyze.go:360) Config file found for tool tool=trivy toolConfigPath=.codacy/tools-configs/trivy.yaml
2026/07/10 20:55:23 Tool failed to run: failed to run Trivy: exit status 1
2026-07-10T20:55:31+02:00 [INFO] (codacy-cli-v2/cli-v2.go:27) Starting Codacy CLI version=1.0.0-main.380.sha.27e119a (27e119a) built at 2026-06-11T09:54:47Z
2026-07-10T20:55:31+02:00 [INFO] (codacy-cli-v2/cmd/root.go:34) Executing CLI command command=analyze full_command=[/Users/Andreas/Library/Caches/Codacy/codacy-cli-v2/1.0.0-main.380.sha.27e119a/codacy-cli-v2 analyze /Users/Andreas/GitHub/gaia/.vscode/mcp.json --format sarif] args=[/Users/Andreas/GitHub/gaia/.vscode/mcp.json]
2026/07/10 20:55:31 Running all configured tools...
2026/07/10 20:55:31 Skipping revive as it doesn't support the specified file(s)
2026/07/10 20:55:31 Skipping dartanalyzer as it doesn't support the specified file(s)
2026/07/10 20:55:31 Skipping eslint as it doesn't support the specified file(s)
2026/07/10 20:55:31 Skipping lizard as it doesn't support the specified file(s)
2026/07/10 20:55:31 Skipping opengrep as it doesn't support the specified file(s)
2026/07/10 20:55:31 Skipping pmd as it doesn't support the specified file(s)
2026/07/10 20:55:31 Skipping pylint as it doesn't support the specified file(s)
2026/07/10 20:55:31 Running tools for the specified file(s)...
2026/07/10 20:55:31 Running trivy...
2026-07-10T20:55:31+02:00 [INFO] (codacy-cli-v2/cmd/analyze.go:360) Config file found for tool tool=trivy toolConfigPath=.codacy/tools-configs/trivy.yaml
2026/07/10 20:55:32 Tool failed to run: failed to run Trivy: exit status 1
2026-07-10T20:55:53+02:00 [INFO] (codacy-cli-v2/cli-v2.go:27) Starting Codacy CLI version=1.0.0-main.380.sha.27e119a (27e119a) built at 2026-06-11T09:54:47Z
2026-07-10T20:55:53+02:00 [INFO] (codacy-cli-v2/cmd/root.go:34) Executing CLI command args=[/Users/Andreas/GitHub/thalassa/.vscode/mcp.json] command=analyze full_command=[/Users/Andreas/Library/Caches/Codacy/codacy-cli-v2/1.0.0-main.380.sha.27e119a/codacy-cli-v2 analyze /Users/Andreas/GitHub/thalassa/.vscode/mcp.json --format sarif]
2026/07/10 20:55:53 Running all configured tools...
2026/07/10 20:55:53 Skipping pylint as it doesn't support the specified file(s)
2026/07/10 20:55:53 Skipping revive as it doesn't support the specified file(s)
2026/07/10 20:55:53 Skipping dartanalyzer as it doesn't support the specified file(s)
2026/07/10 20:55:53 Skipping eslint as it doesn't support the specified file(s)
2026/07/10 20:55:53 Skipping lizard as it doesn't support the specified file(s)
2026/07/10 20:55:53 Skipping opengrep as it doesn't support the specified file(s)
2026/07/10 20:55:53 Skipping pmd as it doesn't support the specified file(s)
2026/07/10 20:55:53 Running tools for the specified file(s)...
2026/07/10 20:55:53 Running trivy...
2026-07-10T20:55:53+02:00 [INFO] (codacy-cli-v2/cmd/analyze.go:360) Config file found for tool tool=trivy toolConfigPath=.codacy/tools-configs/trivy.yaml
2026/07/10 20:55:54 Tool failed to run: failed to run Trivy: exit status 1
2026-07-10T20:58:17+02:00 [INFO] (codacy-cli-v2/cli-v2.go:27) Starting Codacy CLI version=1.0.0-main.380.sha.27e119a (27e119a) built at 2026-06-11T09:54:47Z
2026-07-10T20:58:17+02:00 [INFO] (codacy-cli-v2/cmd/root.go:34) Executing CLI command command=analyze full_command=[/Users/Andreas/Library/Caches/Codacy/codacy-cli-v2/1.0.0-main.380.sha.27e119a/codacy-cli-v2 analyze /Users/Andreas/Library/Application Support/Code/User/mcp.json --format sarif] args=[/Users/Andreas/Library/Application Support/Code/User/mcp.json]
2026/07/10 20:58:17 Running all configured tools...
2026/07/10 20:58:17 Skipping dartanalyzer as it doesn't support the specified file(s)
2026/07/10 20:58:17 Skipping eslint as it doesn't support the specified file(s)
2026/07/10 20:58:17 Skipping lizard as it doesn't support the specified file(s)
2026/07/10 20:58:17 Skipping opengrep as it doesn't support the specified file(s)
2026/07/10 20:58:17 Skipping pmd as it doesn't support the specified file(s)
2026/07/10 20:58:17 Skipping pylint as it doesn't support the specified file(s)
2026/07/10 20:58:17 Skipping revive as it doesn't support the specified file(s)
2026/07/10 20:58:17 Running tools for the specified file(s)...
2026/07/10 20:58:17 Running trivy...
2026-07-10T20:58:17+02:00 [INFO] (codacy-cli-v2/cmd/analyze.go:360) Config file found for tool toolConfigPath=.codacy/tools-configs/trivy.yaml tool=trivy
2026/07/10 20:58:18 Tool failed to run: failed to run Trivy: exit status 1
2026-07-10T20:58:24+02:00 [INFO] (codacy-cli-v2/cli-v2.go:27) Starting Codacy CLI version=1.0.0-main.380.sha.27e119a (27e119a) built at 2026-06-11T09:54:47Z
2026-07-10T20:58:24+02:00 [INFO] (codacy-cli-v2/cmd/root.go:34) Executing CLI command command=analyze full_command=[/Users/Andreas/Library/Caches/Codacy/codacy-cli-v2/1.0.0-main.380.sha.27e119a/codacy-cli-v2 analyze /Users/Andreas/GitHub/hemera/.vscode/mcp.json --format sarif] args=[/Users/Andreas/GitHub/hemera/.vscode/mcp.json]
2026/07/10 20:58:24 Running all configured tools...
2026/07/10 20:58:24 Skipping dartanalyzer as it doesn't support the specified file(s)
2026/07/10 20:58:24 Skipping eslint as it doesn't support the specified file(s)
2026/07/10 20:58:24 Skipping lizard as it doesn't support the specified file(s)
2026/07/10 20:58:24 Skipping opengrep as it doesn't support the specified file(s)
2026/07/10 20:58:24 Skipping pmd as it doesn't support the specified file(s)
2026/07/10 20:58:24 Skipping pylint as it doesn't support the specified file(s)
2026/07/10 20:58:24 Skipping revive as it doesn't support the specified file(s)
2026/07/10 20:58:24 Running tools for the specified file(s)...
2026/07/10 20:58:24 Running trivy...
2026-07-10T20:58:24+02:00 [INFO] (codacy-cli-v2/cmd/analyze.go:360) Config file found for tool tool=trivy toolConfigPath=.codacy/tools-configs/trivy.yaml
2026/07/10 20:58:24 Tool failed to run: failed to run Trivy: exit status 1
2026-07-10T20:58:32+02:00 [INFO] (codacy-cli-v2/cli-v2.go:27) Starting Codacy CLI version=1.0.0-main.380.sha.27e119a (27e119a) built at 2026-06-11T09:54:47Z
2026-07-10T20:58:32+02:00 [INFO] (codacy-cli-v2/cmd/root.go:34) Executing CLI command command=analyze full_command=[/Users/Andreas/Library/Caches/Codacy/codacy-cli-v2/1.0.0-main.380.sha.27e119a/codacy-cli-v2 analyze /Users/Andreas/GitHub/gaia/.vscode/mcp.json --format sarif] args=[/Users/Andreas/GitHub/gaia/.vscode/mcp.json]
2026/07/10 20:58:32 Running all configured tools...
2026/07/10 20:58:32 Skipping revive as it doesn't support the specified file(s)
2026/07/10 20:58:32 Skipping dartanalyzer as it doesn't support the specified file(s)
2026/07/10 20:58:32 Skipping eslint as it doesn't support the specified file(s)
2026/07/10 20:58:32 Skipping lizard as it doesn't support the specified file(s)
2026/07/10 20:58:32 Skipping opengrep as it doesn't support the specified file(s)
2026/07/10 20:58:32 Skipping pmd as it doesn't support the specified file(s)
2026/07/10 20:58:32 Skipping pylint as it doesn't support the specified file(s)
2026/07/10 20:58:32 Running tools for the specified file(s)...
2026/07/10 20:58:32 Running trivy...
2026-07-10T20:58:32+02:00 [INFO] (codacy-cli-v2/cmd/analyze.go:360) Config file found for tool tool=trivy toolConfigPath=.codacy/tools-configs/trivy.yaml
2026/07/10 20:58:32 Tool failed to run: failed to run Trivy: exit status 1
2026-07-10T20:58:54+02:00 [INFO] (codacy-cli-v2/cli-v2.go:27) Starting Codacy CLI version=1.0.0-main.380.sha.27e119a (27e119a) built at 2026-06-11T09:54:47Z
2026-07-10T20:58:54+02:00 [INFO] (codacy-cli-v2/cmd/root.go:34) Executing CLI command command=analyze full_command=[/Users/Andreas/Library/Caches/Codacy/codacy-cli-v2/1.0.0-main.380.sha.27e119a/codacy-cli-v2 analyze /Users/Andreas/GitHub/thalassa/.vscode/mcp.json --format sarif] args=[/Users/Andreas/GitHub/thalassa/.vscode/mcp.json]
2026/07/10 20:58:54 Running all configured tools...
2026/07/10 20:58:54 Skipping dartanalyzer as it doesn't support the specified file(s)
2026/07/10 20:58:54 Skipping eslint as it doesn't support the specified file(s)
2026/07/10 20:58:54 Skipping lizard as it doesn't support the specified file(s)
2026/07/10 20:58:54 Skipping opengrep as it doesn't support the specified file(s)
2026/07/10 20:58:54 Skipping pmd as it doesn't support the specified file(s)
2026/07/10 20:58:54 Skipping pylint as it doesn't support the specified file(s)
2026/07/10 20:58:54 Skipping revive as it doesn't support the specified file(s)
2026/07/10 20:58:54 Running tools for the specified file(s)...
2026/07/10 20:58:54 Running trivy...
2026-07-10T20:58:54+02:00 [INFO] (codacy-cli-v2/cmd/analyze.go:360) Config file found for tool tool=trivy toolConfigPath=.codacy/tools-configs/trivy.yaml
2026/07/10 20:58:55 Tool failed to run: failed to run Trivy: exit status 1
2026-07-10T21:01:17+02:00 [INFO] (codacy-cli-v2/cli-v2.go:27) Starting Codacy CLI version=1.0.0-main.380.sha.27e119a (27e119a) built at 2026-06-11T09:54:47Z
2026-07-10T21:01:17+02:00 [INFO] (codacy-cli-v2/cmd/root.go:34) Executing CLI command command=analyze full_command=[/Users/Andreas/Library/Caches/Codacy/codacy-cli-v2/1.0.0-main.380.sha.27e119a/codacy-cli-v2 analyze /Users/Andreas/Library/Application Support/Code/User/mcp.json --format sarif] args=[/Users/Andreas/Library/Application Support/Code/User/mcp.json]
2026/07/10 21:01:17 Running all configured tools...
2026/07/10 21:01:17 Skipping pmd as it doesn't support the specified file(s)
2026/07/10 21:01:17 Skipping pylint as it doesn't support the specified file(s)
2026/07/10 21:01:17 Skipping revive as it doesn't support the specified file(s)
2026/07/10 21:01:17 Skipping dartanalyzer as it doesn't support the specified file(s)
2026/07/10 21:01:17 Skipping eslint as it doesn't support the specified file(s)
2026/07/10 21:01:17 Skipping lizard as it doesn't support the specified file(s)
2026/07/10 21:01:17 Skipping opengrep as it doesn't support the specified file(s)
2026/07/10 21:01:17 Running tools for the specified file(s)...
2026/07/10 21:01:17 Running trivy...
2026-07-10T21:01:17+02:00 [INFO] (codacy-cli-v2/cmd/analyze.go:360) Config file found for tool toolConfigPath=.codacy/tools-configs/trivy.yaml tool=trivy
2026/07/10 21:01:18 Tool failed to run: failed to run Trivy: exit status 1
2026-07-10T21:01:24+02:00 [INFO] (codacy-cli-v2/cli-v2.go:27) Starting Codacy CLI version=1.0.0-main.380.sha.27e119a (27e119a) built at 2026-06-11T09:54:47Z
2026-07-10T21:01:24+02:00 [INFO] (codacy-cli-v2/cmd/root.go:34) Executing CLI command command=analyze full_command=[/Users/Andreas/Library/Caches/Codacy/codacy-cli-v2/1.0.0-main.380.sha.27e119a/codacy-cli-v2 analyze /Users/Andreas/GitHub/hemera/.vscode/mcp.json --format sarif] args=[/Users/Andreas/GitHub/hemera/.vscode/mcp.json]
2026/07/10 21:01:24 Running all configured tools...
2026/07/10 21:01:24 Skipping pylint as it doesn't support the specified file(s)
2026/07/10 21:01:24 Skipping revive as it doesn't support the specified file(s)
2026/07/10 21:01:24 Skipping dartanalyzer as it doesn't support the specified file(s)
2026/07/10 21:01:24 Skipping eslint as it doesn't support the specified file(s)
2026/07/10 21:01:24 Skipping lizard as it doesn't support the specified file(s)
2026/07/10 21:01:24 Skipping opengrep as it doesn't support the specified file(s)
2026/07/10 21:01:24 Skipping pmd as it doesn't support the specified file(s)
2026/07/10 21:01:24 Running tools for the specified file(s)...
2026/07/10 21:01:24 Running trivy...
2026-07-10T21:01:24+02:00 [INFO] (codacy-cli-v2/cmd/analyze.go:360) Config file found for tool tool=trivy toolConfigPath=.codacy/tools-configs/trivy.yaml
2026/07/10 21:01:25 Tool failed to run: failed to run Trivy: exit status 1
2026-07-10T21:01:32+02:00 [INFO] (codacy-cli-v2/cli-v2.go:27) Starting Codacy CLI version=1.0.0-main.380.sha.27e119a (27e119a) built at 2026-06-11T09:54:47Z
2026-07-10T21:01:32+02:00 [INFO] (codacy-cli-v2/cmd/root.go:34) Executing CLI command full_command=[/Users/Andreas/Library/Caches/Codacy/codacy-cli-v2/1.0.0-main.380.sha.27e119a/codacy-cli-v2 analyze /Users/Andreas/GitHub/gaia/.vscode/mcp.json --format sarif] args=[/Users/Andreas/GitHub/gaia/.vscode/mcp.json] command=analyze
2026/07/10 21:01:32 Running all configured tools...
2026/07/10 21:01:32 Skipping dartanalyzer as it doesn't support the specified file(s)
2026/07/10 21:01:32 Skipping eslint as it doesn't support the specified file(s)
2026/07/10 21:01:32 Skipping lizard as it doesn't support the specified file(s)
2026/07/10 21:01:32 Skipping opengrep as it doesn't support the specified file(s)
2026/07/10 21:01:32 Skipping pmd as it doesn't support the specified file(s)
2026/07/10 21:01:32 Skipping pylint as it doesn't support the specified file(s)
2026/07/10 21:01:32 Skipping revive as it doesn't support the specified file(s)
2026/07/10 21:01:32 Running tools for the specified file(s)...
2026/07/10 21:01:32 Running trivy...
2026-07-10T21:01:32+02:00 [INFO] (codacy-cli-v2/cmd/analyze.go:360) Config file found for tool tool=trivy toolConfigPath=.codacy/tools-configs/trivy.yaml
2026/07/10 21:01:33 Tool failed to run: failed to run Trivy: exit status 1
2026-07-10T21:01:55+02:00 [INFO] (codacy-cli-v2/cli-v2.go:27) Starting Codacy CLI version=1.0.0-main.380.sha.27e119a (27e119a) built at 2026-06-11T09:54:47Z
2026-07-10T21:01:55+02:00 [INFO] (codacy-cli-v2/cmd/root.go:34) Executing CLI command args=[/Users/Andreas/GitHub/thalassa/.vscode/mcp.json] command=analyze full_command=[/Users/Andreas/Library/Caches/Codacy/codacy-cli-v2/1.0.0-main.380.sha.27e119a/codacy-cli-v2 analyze /Users/Andreas/GitHub/thalassa/.vscode/mcp.json --format sarif]
2026/07/10 21:01:55 Running all configured tools...
2026/07/10 21:01:55 Skipping lizard as it doesn't support the specified file(s)
2026/07/10 21:01:55 Skipping opengrep as it doesn't support the specified file(s)
2026/07/10 21:01:55 Skipping pmd as it doesn't support the specified file(s)
2026/07/10 21:01:55 Skipping pylint as it doesn't support the specified file(s)
2026/07/10 21:01:55 Skipping revive as it doesn't support the specified file(s)
2026/07/10 21:01:55 Skipping dartanalyzer as it doesn't support the specified file(s)
2026/07/10 21:01:55 Skipping eslint as it doesn't support the specified file(s)
2026/07/10 21:01:55 Running tools for the specified file(s)...
2026/07/10 21:01:55 Running trivy...
2026-07-10T21:01:55+02:00 [INFO] (codacy-cli-v2/cmd/analyze.go:360) Config file found for tool tool=trivy toolConfigPath=.codacy/tools-configs/trivy.yaml
2026/07/10 21:01:56 Tool failed to run: failed to run Trivy: exit status 1
2026-07-10T21:04:18+02:00 [INFO] (codacy-cli-v2/cli-v2.go:27) Starting Codacy CLI version=1.0.0-main.380.sha.27e119a (27e119a) built at 2026-06-11T09:54:47Z
2026-07-10T21:04:18+02:00 [INFO] (codacy-cli-v2/cmd/root.go:34) Executing CLI command args=[/Users/Andreas/Library/Application Support/Code/User/mcp.json] command=analyze full_command=[/Users/Andreas/Library/Caches/Codacy/codacy-cli-v2/1.0.0-main.380.sha.27e119a/codacy-cli-v2 analyze /Users/Andreas/Library/Application Support/Code/User/mcp.json --format sarif]
2026/07/10 21:04:18 Running all configured tools...
2026/07/10 21:04:18 Skipping dartanalyzer as it doesn't support the specified file(s)
2026/07/10 21:04:18 Skipping eslint as it doesn't support the specified file(s)
2026/07/10 21:04:18 Skipping lizard as it doesn't support the specified file(s)
2026/07/10 21:04:18 Skipping opengrep as it doesn't support the specified file(s)
2026/07/10 21:04:18 Skipping pmd as it doesn't support the specified file(s)
2026/07/10 21:04:18 Skipping pylint as it doesn't support the specified file(s)
2026/07/10 21:04:18 Skipping revive as it doesn't support the specified file(s)
2026/07/10 21:04:18 Running tools for the specified file(s)...
2026/07/10 21:04:18 Running trivy...
2026-07-10T21:04:18+02:00 [INFO] (codacy-cli-v2/cmd/analyze.go:360) Config file found for tool tool=trivy toolConfigPath=.codacy/tools-configs/trivy.yaml
2026/07/10 21:04:18 Tool failed to run: failed to run Trivy: exit status 1
2026-07-10T21:04:24+02:00 [INFO] (codacy-cli-v2/cli-v2.go:27) Starting Codacy CLI version=1.0.0-main.380.sha.27e119a (27e119a) built at 2026-06-11T09:54:47Z
2026-07-10T21:04:24+02:00 [INFO] (codacy-cli-v2/cmd/root.go:34) Executing CLI command command=analyze full_command=[/Users/Andreas/Library/Caches/Codacy/codacy-cli-v2/1.0.0-main.380.sha.27e119a/codacy-cli-v2 analyze /Users/Andreas/GitHub/aither/.vscode/mcp.json --format sarif] args=[/Users/Andreas/GitHub/aither/.vscode/mcp.json]
2026/07/10 21:04:24 Running all configured tools...
2026/07/10 21:04:24 Skipping dartanalyzer as it doesn't support the specified file(s)
2026/07/10 21:04:24 Skipping eslint as it doesn't support the specified file(s)
2026/07/10 21:04:24 Skipping lizard as it doesn't support the specified file(s)
2026/07/10 21:04:24 Skipping opengrep as it doesn't support the specified file(s)
2026/07/10 21:04:24 Skipping pmd as it doesn't support the specified file(s)
2026/07/10 21:04:24 Skipping pylint as it doesn't support the specified file(s)
2026/07/10 21:04:24 Skipping revive as it doesn't support the specified file(s)
2026/07/10 21:04:24 Running tools for the specified file(s)...
2026/07/10 21:04:24 Running trivy...
2026-07-10T21:04:24+02:00 [INFO] (codacy-cli-v2/cmd/analyze.go:360) Config file found for tool toolConfigPath=.codacy/tools-configs/trivy.yaml tool=trivy
2026/07/10 21:04:24 Tool failed to run: failed to run Trivy: exit status 1
2026-07-10T21:04:26+02:00 [INFO] (codacy-cli-v2/cli-v2.go:27) Starting Codacy CLI version=1.0.0-main.380.sha.27e119a (27e119a) built at 2026-06-11T09:54:47Z
2026-07-10T21:04:26+02:00 [INFO] (codacy-cli-v2/cmd/root.go:34) Executing CLI command command=analyze full_command=[/Users/Andreas/Library/Caches/Codacy/codacy-cli-v2/1.0.0-main.380.sha.27e119a/codacy-cli-v2 analyze /Users/Andreas/GitHub/hemera/.vscode/mcp.json --format sarif] args=[/Users/Andreas/GitHub/hemera/.vscode/mcp.json]
2026/07/10 21:04:26 Running all configured tools...
2026/07/10 21:04:26 Skipping pmd as it doesn't support the specified file(s)
2026/07/10 21:04:26 Skipping pylint as it doesn't support the specified file(s)
2026/07/10 21:04:26 Skipping revive as it doesn't support the specified file(s)
2026/07/10 21:04:26 Skipping dartanalyzer as it doesn't support the specified file(s)
2026/07/10 21:04:26 Skipping eslint as it doesn't support the specified file(s)
2026/07/10 21:04:26 Skipping lizard as it doesn't support the specified file(s)
2026/07/10 21:04:26 Skipping opengrep as it doesn't support the specified file(s)
2026/07/10 21:04:26 Running tools for the specified file(s)...
2026/07/10 21:04:26 Running trivy...
2026-07-10T21:04:26+02:00 [INFO] (codacy-cli-v2/cmd/analyze.go:360) Config file found for tool toolConfigPath=.codacy/tools-configs/trivy.yaml tool=trivy
2026/07/10 21:04:27 Tool failed to run: failed to run Trivy: exit status 1
2026-07-10T21:04:33+02:00 [INFO] (codacy-cli-v2/cli-v2.go:27) Starting Codacy CLI version=1.0.0-main.380.sha.27e119a (27e119a) built at 2026-06-11T09:54:47Z
2026-07-10T21:04:33+02:00 [INFO] (codacy-cli-v2/cmd/root.go:34) Executing CLI command args=[/Users/Andreas/GitHub/gaia/.vscode/mcp.json] command=analyze full_command=[/Users/Andreas/Library/Caches/Codacy/codacy-cli-v2/1.0.0-main.380.sha.27e119a/codacy-cli-v2 analyze /Users/Andreas/GitHub/gaia/.vscode/mcp.json --format sarif]
2026/07/10 21:04:33 Running all configured tools...
2026/07/10 21:04:33 Skipping eslint as it doesn't support the specified file(s)
2026/07/10 21:04:33 Skipping lizard as it doesn't support the specified file(s)
2026/07/10 21:04:33 Skipping opengrep as it doesn't support the specified file(s)
2026/07/10 21:04:33 Skipping pmd as it doesn't support the specified file(s)
2026/07/10 21:04:33 Skipping pylint as it doesn't support the specified file(s)
2026/07/10 21:04:33 Skipping revive as it doesn't support the specified file(s)
2026/07/10 21:04:33 Skipping dartanalyzer as it doesn't support the specified file(s)
2026/07/10 21:04:33 Running tools for the specified file(s)...
2026/07/10 21:04:33 Running trivy...
2026-07-10T21:04:33+02:00 [INFO] (codacy-cli-v2/cmd/analyze.go:360) Config file found for tool tool=trivy toolConfigPath=.codacy/tools-configs/trivy.yaml
2026/07/10 21:04:34 Tool failed to run: failed to run Trivy: exit status 1
2026-07-10T21:04:56+02:00 [INFO] (codacy-cli-v2/cli-v2.go:27) Starting Codacy CLI version=1.0.0-main.380.sha.27e119a (27e119a) built at 2026-06-11T09:54:47Z
2026-07-10T21:04:56+02:00 [INFO] (codacy-cli-v2/cmd/root.go:34) Executing CLI command args=[/Users/Andreas/GitHub/thalassa/.vscode/mcp.json] command=analyze full_command=[/Users/Andreas/Library/Caches/Codacy/codacy-cli-v2/1.0.0-main.380.sha.27e119a/codacy-cli-v2 analyze /Users/Andreas/GitHub/thalassa/.vscode/mcp.json --format sarif]
2026/07/10 21:04:56 Running all configured tools...
2026/07/10 21:04:56 Skipping dartanalyzer as it doesn't support the specified file(s)
2026/07/10 21:04:56 Skipping eslint as it doesn't support the specified file(s)
2026/07/10 21:04:56 Skipping lizard as it doesn't support the specified file(s)
2026/07/10 21:04:56 Skipping opengrep as it doesn't support the specified file(s)
2026/07/10 21:04:56 Skipping pmd as it doesn't support the specified file(s)
2026/07/10 21:04:56 Skipping pylint as it doesn't support the specified file(s)
2026/07/10 21:04:56 Skipping revive as it doesn't support the specified file(s)
2026/07/10 21:04:56 Running tools for the specified file(s)...
2026/07/10 21:04:56 Running trivy...
2026-07-10T21:04:56+02:00 [INFO] (codacy-cli-v2/cmd/analyze.go:360) Config file found for tool tool=trivy toolConfigPath=.codacy/tools-configs/trivy.yaml
2026/07/10 21:04:57 Tool failed to run: failed to run Trivy: exit status 1
2026-07-10T21:07:19+02:00 [INFO] (codacy-cli-v2/cli-v2.go:27) Starting Codacy CLI version=1.0.0-main.380.sha.27e119a (27e119a) built at 2026-06-11T09:54:47Z
2026-07-10T21:07:19+02:00 [INFO] (codacy-cli-v2/cmd/root.go:34) Executing CLI command command=analyze full_command=[/Users/Andreas/Library/Caches/Codacy/codacy-cli-v2/1.0.0-main.380.sha.27e119a/codacy-cli-v2 analyze /Users/Andreas/Library/Application Support/Code/User/mcp.json --format sarif] args=[/Users/Andreas/Library/Application Support/Code/User/mcp.json]
2026/07/10 21:07:19 Running all configured tools...
2026/07/10 21:07:19 Skipping lizard as it doesn't support the specified file(s)
2026/07/10 21:07:19 Skipping opengrep as it doesn't support the specified file(s)
2026/07/10 21:07:19 Skipping pmd as it doesn't support the specified file(s)
2026/07/10 21:07:19 Skipping pylint as it doesn't support the specified file(s)
2026/07/10 21:07:19 Skipping revive as it doesn't support the specified file(s)
2026/07/10 21:07:19 Skipping dartanalyzer as it doesn't support the specified file(s)
2026/07/10 21:07:19 Skipping eslint as it doesn't support the specified file(s)
2026/07/10 21:07:19 Running tools for the specified file(s)...
2026/07/10 21:07:19 Running trivy...
2026-07-10T21:07:19+02:00 [INFO] (codacy-cli-v2/cmd/analyze.go:360) Config file found for tool tool=trivy toolConfigPath=.codacy/tools-configs/trivy.yaml
2026/07/10 21:07:19 Tool failed to run: failed to run Trivy: exit status 1
2026-07-10T21:07:26+02:00 [INFO] (codacy-cli-v2/cli-v2.go:27) Starting Codacy CLI version=1.0.0-main.380.sha.27e119a (27e119a) built at 2026-06-11T09:54:47Z
2026-07-10T21:07:26+02:00 [INFO] (codacy-cli-v2/cmd/root.go:34) Executing CLI command full_command=[/Users/Andreas/Library/Caches/Codacy/codacy-cli-v2/1.0.0-main.380.sha.27e119a/codacy-cli-v2 analyze /Users/Andreas/GitHub/hemera/.vscode/mcp.json --format sarif] args=[/Users/Andreas/GitHub/hemera/.vscode/mcp.json] command=analyze
2026/07/10 21:07:26 Running all configured tools...
2026/07/10 21:07:26 Skipping revive as it doesn't support the specified file(s)
2026/07/10 21:07:26 Skipping dartanalyzer as it doesn't support the specified file(s)
2026/07/10 21:07:26 Skipping eslint as it doesn't support the specified file(s)
2026/07/10 21:07:26 Skipping lizard as it doesn't support the specified file(s)
2026/07/10 21:07:26 Skipping opengrep as it doesn't support the specified file(s)
2026/07/10 21:07:26 Skipping pmd as it doesn't support the specified file(s)
2026/07/10 21:07:26 Skipping pylint as it doesn't support the specified file(s)
2026/07/10 21:07:26 Running tools for the specified file(s)...
2026/07/10 21:07:26 Running trivy...
2026-07-10T21:07:26+02:00 [INFO] (codacy-cli-v2/cmd/analyze.go:360) Config file found for tool tool=trivy toolConfigPath=.codacy/tools-configs/trivy.yaml
2026/07/10 21:07:27 Tool failed to run: failed to run Trivy: exit status 1
2026-07-10T21:07:34+02:00 [INFO] (codacy-cli-v2/cli-v2.go:27) Starting Codacy CLI version=1.0.0-main.380.sha.27e119a (27e119a) built at 2026-06-11T09:54:47Z
2026-07-10T21:07:34+02:00 [INFO] (codacy-cli-v2/cmd/root.go:34) Executing CLI command command=analyze full_command=[/Users/Andreas/Library/Caches/Codacy/codacy-cli-v2/1.0.0-main.380.sha.27e119a/codacy-cli-v2 analyze /Users/Andreas/GitHub/gaia/.vscode/mcp.json --format sarif] args=[/Users/Andreas/GitHub/gaia/.vscode/mcp.json]
2026/07/10 21:07:34 Running all configured tools...
2026/07/10 21:07:34 Skipping pylint as it doesn't support the specified file(s)
2026/07/10 21:07:34 Skipping revive as it doesn't support the specified file(s)
2026/07/10 21:07:34 Skipping dartanalyzer as it doesn't support the specified file(s)
2026/07/10 21:07:34 Skipping eslint as it doesn't support the specified file(s)
2026/07/10 21:07:34 Skipping lizard as it doesn't support the specified file(s)
2026/07/10 21:07:34 Skipping opengrep as it doesn't support the specified file(s)
2026/07/10 21:07:34 Skipping pmd as it doesn't support the specified file(s)
2026/07/10 21:07:34 Running tools for the specified file(s)...
2026/07/10 21:07:34 Running trivy...
2026-07-10T21:07:34+02:00 [INFO] (codacy-cli-v2/cmd/analyze.go:360) Config file found for tool tool=trivy toolConfigPath=.codacy/tools-configs/trivy.yaml
2026/07/10 21:07:35 Tool failed to run: failed to run Trivy: exit status 1
2026-07-10T21:07:57+02:00 [INFO] (codacy-cli-v2/cli-v2.go:27) Starting Codacy CLI version=1.0.0-main.380.sha.27e119a (27e119a) built at 2026-06-11T09:54:47Z
2026-07-10T21:07:57+02:00 [INFO] (codacy-cli-v2/cmd/root.go:34) Executing CLI command args=[/Users/Andreas/GitHub/thalassa/.vscode/mcp.json] command=analyze full_command=[/Users/Andreas/Library/Caches/Codacy/codacy-cli-v2/1.0.0-main.380.sha.27e119a/codacy-cli-v2 analyze /Users/Andreas/GitHub/thalassa/.vscode/mcp.json --format sarif]
2026/07/10 21:07:57 Running all configured tools...
2026/07/10 21:07:57 Skipping eslint as it doesn't support the specified file(s)
2026/07/10 21:07:57 Skipping lizard as it doesn't support the specified file(s)
2026/07/10 21:07:57 Skipping opengrep as it doesn't support the specified file(s)
2026/07/10 21:07:57 Skipping pmd as it doesn't support the specified file(s)
2026/07/10 21:07:57 Skipping pylint as it doesn't support the specified file(s)
2026/07/10 21:07:57 Skipping revive as it doesn't support the specified file(s)
2026/07/10 21:07:57 Skipping dartanalyzer as it doesn't support the specified file(s)
2026/07/10 21:07:57 Running tools for the specified file(s)...
2026/07/10 21:07:57 Running trivy...
2026-07-10T21:07:57+02:00 [INFO] (codacy-cli-v2/cmd/analyze.go:360) Config file found for tool toolConfigPath=.codacy/tools-configs/trivy.yaml tool=trivy
2026/07/10 21:07:57 Tool failed to run: failed to run Trivy: exit status 1
2026-07-10T21:10:19+02:00 [INFO] (codacy-cli-v2/cli-v2.go:27) Starting Codacy CLI version=1.0.0-main.380.sha.27e119a (27e119a) built at 2026-06-11T09:54:47Z
2026-07-10T21:10:19+02:00 [INFO] (codacy-cli-v2/cmd/root.go:34) Executing CLI command args=[/Users/Andreas/Library/Application Support/Code/User/mcp.json] command=analyze full_command=[/Users/Andreas/Library/Caches/Codacy/codacy-cli-v2/1.0.0-main.380.sha.27e119a/codacy-cli-v2 analyze /Users/Andreas/Library/Application Support/Code/User/mcp.json --format sarif]
2026/07/10 21:10:19 Running all configured tools...
2026/07/10 21:10:19 Skipping pylint as it doesn't support the specified file(s)
2026/07/10 21:10:19 Skipping revive as it doesn't support the specified file(s)
2026/07/10 21:10:19 Skipping dartanalyzer as it doesn't support the specified file(s)
2026/07/10 21:10:19 Skipping eslint as it doesn't support the specified file(s)
2026/07/10 21:10:19 Skipping lizard as it doesn't support the specified file(s)
2026/07/10 21:10:19 Skipping opengrep as it doesn't support the specified file(s)
2026/07/10 21:10:19 Skipping pmd as it doesn't support the specified file(s)
2026/07/10 21:10:19 Running tools for the specified file(s)...
2026/07/10 21:10:19 Running trivy...
2026-07-10T21:10:19+02:00 [INFO] (codacy-cli-v2/cmd/analyze.go:360) Config file found for tool toolConfigPath=.codacy/tools-configs/trivy.yaml tool=trivy
2026/07/10 21:10:20 Tool failed to run: failed to run Trivy: exit status 1
2026-07-10T21:10:27+02:00 [INFO] (codacy-cli-v2/cli-v2.go:27) Starting Codacy CLI version=1.0.0-main.380.sha.27e119a (27e119a) built at 2026-06-11T09:54:47Z
2026-07-10T21:10:27+02:00 [INFO] (codacy-cli-v2/cmd/root.go:34) Executing CLI command args=[/Users/Andreas/GitHub/hemera/.vscode/mcp.json] command=analyze full_command=[/Users/Andreas/Library/Caches/Codacy/codacy-cli-v2/1.0.0-main.380.sha.27e119a/codacy-cli-v2 analyze /Users/Andreas/GitHub/hemera/.vscode/mcp.json --format sarif]
2026/07/10 21:10:27 Running all configured tools...
2026/07/10 21:10:27 Skipping dartanalyzer as it doesn't support the specified file(s)
2026/07/10 21:10:27 Skipping eslint as it doesn't support the specified file(s)
2026/07/10 21:10:27 Skipping lizard as it doesn't support the specified file(s)
2026/07/10 21:10:27 Skipping opengrep as it doesn't support the specified file(s)
2026/07/10 21:10:27 Skipping pmd as it doesn't support the specified file(s)
2026/07/10 21:10:27 Skipping pylint as it doesn't support the specified file(s)
2026/07/10 21:10:27 Skipping revive as it doesn't support the specified file(s)
2026/07/10 21:10:27 Running tools for the specified file(s)...
2026/07/10 21:10:27 Running trivy...
2026-07-10T21:10:27+02:00 [INFO] (codacy-cli-v2/cmd/analyze.go:360) Config file found for tool toolConfigPath=.codacy/tools-configs/trivy.yaml tool=trivy
2026/07/10 21:10:27 Tool failed to run: failed to run Trivy: exit status 1
2026-07-10T21:10:35+02:00 [INFO] (codacy-cli-v2/cli-v2.go:27) Starting Codacy CLI version=1.0.0-main.380.sha.27e119a (27e119a) built at 2026-06-11T09:54:47Z
2026-07-10T21:10:35+02:00 [INFO] (codacy-cli-v2/cmd/root.go:34) Executing CLI command command=analyze full_command=[/Users/Andreas/Library/Caches/Codacy/codacy-cli-v2/1.0.0-main.380.sha.27e119a/codacy-cli-v2 analyze /Users/Andreas/GitHub/gaia/.vscode/mcp.json --format sarif] args=[/Users/Andreas/GitHub/gaia/.vscode/mcp.json]
2026/07/10 21:10:35 Running all configured tools...
2026/07/10 21:10:35 Skipping pylint as it doesn't support the specified file(s)
2026/07/10 21:10:35 Skipping revive as it doesn't support the specified file(s)
2026/07/10 21:10:35 Skipping dartanalyzer as it doesn't support the specified file(s)
2026/07/10 21:10:35 Skipping eslint as it doesn't support the specified file(s)
2026/07/10 21:10:35 Skipping lizard as it doesn't support the specified file(s)
2026/07/10 21:10:35 Skipping opengrep as it doesn't support the specified file(s)
2026/07/10 21:10:35 Skipping pmd as it doesn't support the specified file(s)
2026/07/10 21:10:35 Running tools for the specified file(s)...
2026/07/10 21:10:35 Running trivy...
2026-07-10T21:10:35+02:00 [INFO] (codacy-cli-v2/cmd/analyze.go:360) Config file found for tool tool=trivy toolConfigPath=.codacy/tools-configs/trivy.yaml
2026/07/10 21:10:35 Tool failed to run: failed to run Trivy: exit status 1
2026-07-10T21:10:59+02:00 [INFO] (codacy-cli-v2/cli-v2.go:27) Starting Codacy CLI version=1.0.0-main.380.sha.27e119a (27e119a) built at 2026-06-11T09:54:47Z
2026-07-10T21:10:59+02:00 [INFO] (codacy-cli-v2/cmd/root.go:34) Executing CLI command command=analyze full_command=[/Users/Andreas/Library/Caches/Codacy/codacy-cli-v2/1.0.0-main.380.sha.27e119a/codacy-cli-v2 analyze /Users/Andreas/GitHub/thalassa/.vscode/mcp.json --format sarif] args=[/Users/Andreas/GitHub/thalassa/.vscode/mcp.json]
2026/07/10 21:10:59 Running all configured tools...
2026/07/10 21:10:59 Skipping dartanalyzer as it doesn't support the specified file(s)
2026/07/10 21:10:59 Skipping eslint as it doesn't support the specified file(s)
2026/07/10 21:10:59 Skipping lizard as it doesn't support the specified file(s)
2026/07/10 21:10:59 Skipping opengrep as it doesn't support the specified file(s)
2026/07/10 21:10:59 Skipping pmd as it doesn't support the specified file(s)
2026/07/10 21:10:59 Skipping pylint as it doesn't support the specified file(s)
2026/07/10 21:10:59 Skipping revive as it doesn't support the specified file(s)
2026/07/10 21:10:59 Running tools for the specified file(s)...
2026/07/10 21:10:59 Running trivy...
2026-07-10T21:10:59+02:00 [INFO] (codacy-cli-v2/cmd/analyze.go:360) Config file found for tool tool=trivy toolConfigPath=.codacy/tools-configs/trivy.yaml
2026/07/10 21:11:00 Tool failed to run: failed to run Trivy: exit status 1
2026-07-10T21:13:19+02:00 [INFO] (codacy-cli-v2/cli-v2.go:27) Starting Codacy CLI version=1.0.0-main.380.sha.27e119a (27e119a) built at 2026-06-11T09:54:47Z
2026-07-10T21:13:19+02:00 [INFO] (codacy-cli-v2/cmd/root.go:34) Executing CLI command command=analyze full_command=[/Users/Andreas/Library/Caches/Codacy/codacy-cli-v2/1.0.0-main.380.sha.27e119a/codacy-cli-v2 analyze /Users/Andreas/Library/Application Support/Code/User/mcp.json --format sarif] args=[/Users/Andreas/Library/Application Support/Code/User/mcp.json]
2026/07/10 21:13:19 Running all configured tools...
2026/07/10 21:13:19 Skipping dartanalyzer as it doesn't support the specified file(s)
2026/07/10 21:13:19 Skipping eslint as it doesn't support the specified file(s)
2026/07/10 21:13:19 Skipping lizard as it doesn't support the specified file(s)
2026/07/10 21:13:19 Skipping opengrep as it doesn't support the specified file(s)
2026/07/10 21:13:19 Skipping pmd as it doesn't support the specified file(s)
2026/07/10 21:13:19 Skipping pylint as it doesn't support the specified file(s)
2026/07/10 21:13:19 Skipping revive as it doesn't support the specified file(s)
2026/07/10 21:13:19 Running tools for the specified file(s)...
2026/07/10 21:13:19 Running trivy...
2026-07-10T21:13:19+02:00 [INFO] (codacy-cli-v2/cmd/analyze.go:360) Config file found for tool tool=trivy toolConfigPath=.codacy/tools-configs/trivy.yaml
2026/07/10 21:13:20 Tool failed to run: failed to run Trivy: exit status 1
2026-07-10T21:13:27+02:00 [INFO] (codacy-cli-v2/cli-v2.go:27) Starting Codacy CLI version=1.0.0-main.380.sha.27e119a (27e119a) built at 2026-06-11T09:54:47Z
2026-07-10T21:13:27+02:00 [INFO] (codacy-cli-v2/cmd/root.go:34) Executing CLI command args=[/Users/Andreas/GitHub/hemera/.vscode/mcp.json] command=analyze full_command=[/Users/Andreas/Library/Caches/Codacy/codacy-cli-v2/1.0.0-main.380.sha.27e119a/codacy-cli-v2 analyze /Users/Andreas/GitHub/hemera/.vscode/mcp.json --format sarif]
2026/07/10 21:13:27 Running all configured tools...
2026/07/10 21:13:27 Skipping eslint as it doesn't support the specified file(s)
2026/07/10 21:13:27 Skipping lizard as it doesn't support the specified file(s)
2026/07/10 21:13:27 Skipping opengrep as it doesn't support the specified file(s)
2026/07/10 21:13:27 Skipping pmd as it doesn't support the specified file(s)
2026/07/10 21:13:27 Skipping pylint as it doesn't support the specified file(s)
2026/07/10 21:13:27 Skipping revive as it doesn't support the specified file(s)
2026/07/10 21:13:27 Skipping dartanalyzer as it doesn't support the specified file(s)
2026/07/10 21:13:27 Running tools for the specified file(s)...
2026/07/10 21:13:27 Running trivy...
2026-07-10T21:13:27+02:00 [INFO] (codacy-cli-v2/cmd/analyze.go:360) Config file found for tool toolConfigPath=.codacy/tools-configs/trivy.yaml tool=trivy
2026/07/10 21:13:28 Tool failed to run: failed to run Trivy: exit status 1
2026-07-10T21:13:36+02:00 [INFO] (codacy-cli-v2/cli-v2.go:27) Starting Codacy CLI version=1.0.0-main.380.sha.27e119a (27e119a) built at 2026-06-11T09:54:47Z
2026-07-10T21:13:36+02:00 [INFO] (codacy-cli-v2/cmd/root.go:34) Executing CLI command command=analyze full_command=[/Users/Andreas/Library/Caches/Codacy/codacy-cli-v2/1.0.0-main.380.sha.27e119a/codacy-cli-v2 analyze /Users/Andreas/GitHub/gaia/.vscode/mcp.json --format sarif] args=[/Users/Andreas/GitHub/gaia/.vscode/mcp.json]
2026/07/10 21:13:36 Running all configured tools...
2026/07/10 21:13:36 Skipping dartanalyzer as it doesn't support the specified file(s)
2026/07/10 21:13:36 Skipping eslint as it doesn't support the specified file(s)
2026/07/10 21:13:36 Skipping lizard as it doesn't support the specified file(s)
2026/07/10 21:13:36 Skipping opengrep as it doesn't support the specified file(s)
2026/07/10 21:13:36 Skipping pmd as it doesn't support the specified file(s)
2026/07/10 21:13:36 Skipping pylint as it doesn't support the specified file(s)
2026/07/10 21:13:36 Skipping revive as it doesn't support the specified file(s)
2026/07/10 21:13:36 Running tools for the specified file(s)...
2026/07/10 21:13:36 Running trivy...
2026-07-10T21:13:36+02:00 [INFO] (codacy-cli-v2/cmd/analyze.go:360) Config file found for tool tool=trivy toolConfigPath=.codacy/tools-configs/trivy.yaml
2026/07/10 21:13:36 Tool failed to run: failed to run Trivy: exit status 1
2026-07-10T21:14:01+02:00 [INFO] (codacy-cli-v2/cli-v2.go:27) Starting Codacy CLI version=1.0.0-main.380.sha.27e119a (27e119a) built at 2026-06-11T09:54:47Z
2026-07-10T21:14:01+02:00 [INFO] (codacy-cli-v2/cmd/root.go:34) Executing CLI command args=[/Users/Andreas/GitHub/thalassa/.vscode/mcp.json] command=analyze full_command=[/Users/Andreas/Library/Caches/Codacy/codacy-cli-v2/1.0.0-main.380.sha.27e119a/codacy-cli-v2 analyze /Users/Andreas/GitHub/thalassa/.vscode/mcp.json --format sarif]
2026/07/10 21:14:01 Running all configured tools...
2026/07/10 21:14:01 Skipping revive as it doesn't support the specified file(s)
2026/07/10 21:14:01 Skipping dartanalyzer as it doesn't support the specified file(s)
2026/07/10 21:14:01 Skipping eslint as it doesn't support the specified file(s)
2026/07/10 21:14:01 Skipping lizard as it doesn't support the specified file(s)
2026/07/10 21:14:01 Skipping opengrep as it doesn't support the specified file(s)
2026/07/10 21:14:01 Skipping pmd as it doesn't support the specified file(s)
2026/07/10 21:14:01 Skipping pylint as it doesn't support the specified file(s)
2026/07/10 21:14:01 Running tools for the specified file(s)...
2026/07/10 21:14:01 Running trivy...
2026-07-10T21:14:01+02:00 [INFO] (codacy-cli-v2/cmd/analyze.go:360) Config file found for tool toolConfigPath=.codacy/tools-configs/trivy.yaml tool=trivy
2026/07/10 21:14:02 Tool failed to run: failed to run Trivy: exit status 1
2026-07-10T21:16:20+02:00 [INFO] (codacy-cli-v2/cli-v2.go:27) Starting Codacy CLI version=1.0.0-main.380.sha.27e119a (27e119a) built at 2026-06-11T09:54:47Z
2026-07-10T21:16:20+02:00 [INFO] (codacy-cli-v2/cmd/root.go:34) Executing CLI command command=analyze full_command=[/Users/Andreas/Library/Caches/Codacy/codacy-cli-v2/1.0.0-main.380.sha.27e119a/codacy-cli-v2 analyze /Users/Andreas/Library/Application Support/Code/User/mcp.json --format sarif] args=[/Users/Andreas/Library/Application Support/Code/User/mcp.json]
2026/07/10 21:16:20 Running all configured tools...
2026/07/10 21:16:20 Skipping pylint as it doesn't support the specified file(s)
2026/07/10 21:16:20 Skipping revive as it doesn't support the specified file(s)
2026/07/10 21:16:20 Skipping dartanalyzer as it doesn't support the specified file(s)
2026/07/10 21:16:20 Skipping eslint as it doesn't support the specified file(s)
2026/07/10 21:16:20 Skipping lizard as it doesn't support the specified file(s)
2026/07/10 21:16:20 Skipping opengrep as it doesn't support the specified file(s)
2026/07/10 21:16:20 Skipping pmd as it doesn't support the specified file(s)
2026/07/10 21:16:20 Running tools for the specified file(s)...
2026/07/10 21:16:20 Running trivy...
2026-07-10T21:16:20+02:00 [INFO] (codacy-cli-v2/cmd/analyze.go:360) Config file found for tool tool=trivy toolConfigPath=.codacy/tools-configs/trivy.yaml
2026/07/10 21:16:21 Tool failed to run: failed to run Trivy: exit status 1
2026-07-10T21:16:26+02:00 [INFO] (codacy-cli-v2/cli-v2.go:27) Starting Codacy CLI version=1.0.0-main.380.sha.27e119a (27e119a) built at 2026-06-11T09:54:47Z
2026-07-10T21:16:26+02:00 [INFO] (codacy-cli-v2/cmd/root.go:34) Executing CLI command args=[/Users/Andreas/GitHub/aither/.vscode/mcp.json] command=analyze full_command=[/Users/Andreas/Library/Caches/Codacy/codacy-cli-v2/1.0.0-main.380.sha.27e119a/codacy-cli-v2 analyze /Users/Andreas/GitHub/aither/.vscode/mcp.json --format sarif]
2026/07/10 21:16:26 Running all configured tools...
2026/07/10 21:16:26 Skipping opengrep as it doesn't support the specified file(s)
2026/07/10 21:16:26 Skipping pmd as it doesn't support the specified file(s)
2026/07/10 21:16:26 Skipping pylint as it doesn't support the specified file(s)
2026/07/10 21:16:26 Skipping revive as it doesn't support the specified file(s)
2026/07/10 21:16:26 Skipping dartanalyzer as it doesn't support the specified file(s)
2026/07/10 21:16:26 Skipping eslint as it doesn't support the specified file(s)
2026/07/10 21:16:26 Skipping lizard as it doesn't support the specified file(s)
2026/07/10 21:16:26 Running tools for the specified file(s)...
2026/07/10 21:16:26 Running trivy...
2026-07-10T21:16:26+02:00 [INFO] (codacy-cli-v2/cmd/analyze.go:360) Config file found for tool tool=trivy toolConfigPath=.codacy/tools-configs/trivy.yaml
2026/07/10 21:16:26 Tool failed to run: failed to run Trivy: exit status 1
2026-07-10T21:16:29+02:00 [INFO] (codacy-cli-v2/cli-v2.go:27) Starting Codacy CLI version=1.0.0-main.380.sha.27e119a (27e119a) built at 2026-06-11T09:54:47Z
2026-07-10T21:16:29+02:00 [INFO] (codacy-cli-v2/cmd/root.go:34) Executing CLI command command=analyze full_command=[/Users/Andreas/Library/Caches/Codacy/codacy-cli-v2/1.0.0-main.380.sha.27e119a/codacy-cli-v2 analyze /Users/Andreas/GitHub/hemera/.vscode/mcp.json --format sarif] args=[/Users/Andreas/GitHub/hemera/.vscode/mcp.json]
2026/07/10 21:16:29 Running all configured tools...
2026/07/10 21:16:29 Skipping revive as it doesn't support the specified file(s)
2026/07/10 21:16:29 Skipping dartanalyzer as it doesn't support the specified file(s)
2026/07/10 21:16:29 Skipping eslint as it doesn't support the specified file(s)
2026/07/10 21:16:29 Skipping lizard as it doesn't support the specified file(s)
2026/07/10 21:16:29 Skipping opengrep as it doesn't support the specified file(s)
2026/07/10 21:16:29 Skipping pmd as it doesn't support the specified file(s)
2026/07/10 21:16:29 Skipping pylint as it doesn't support the specified file(s)
2026/07/10 21:16:29 Running tools for the specified file(s)...
2026/07/10 21:16:29 Running trivy...
2026-07-10T21:16:29+02:00 [INFO] (codacy-cli-v2/cmd/analyze.go:360) Config file found for tool tool=trivy toolConfigPath=.codacy/tools-configs/trivy.yaml
2026/07/10 21:16:29 Tool failed to run: failed to run Trivy: exit status 1
2026-07-10T21:16:36+02:00 [INFO] (codacy-cli-v2/cli-v2.go:27) Starting Codacy CLI version=1.0.0-main.380.sha.27e119a (27e119a) built at 2026-06-11T09:54:47Z
2026-07-10T21:16:36+02:00 [INFO] (codacy-cli-v2/cmd/root.go:34) Executing CLI command command=analyze full_command=[/Users/Andreas/Library/Caches/Codacy/codacy-cli-v2/1.0.0-main.380.sha.27e119a/codacy-cli-v2 analyze /Users/Andreas/GitHub/gaia/.vscode/mcp.json --format sarif] args=[/Users/Andreas/GitHub/gaia/.vscode/mcp.json]
2026/07/10 21:16:36 Running all configured tools...
2026/07/10 21:16:36 Skipping pmd as it doesn't support the specified file(s)
2026/07/10 21:16:36 Skipping pylint as it doesn't support the specified file(s)
2026/07/10 21:16:36 Skipping revive as it doesn't support the specified file(s)
2026/07/10 21:16:36 Skipping dartanalyzer as it doesn't support the specified file(s)
2026/07/10 21:16:36 Skipping eslint as it doesn't support the specified file(s)
2026/07/10 21:16:36 Skipping lizard as it doesn't support the specified file(s)
2026/07/10 21:16:36 Skipping opengrep as it doesn't support the specified file(s)
2026/07/10 21:16:36 Running tools for the specified file(s)...
2026/07/10 21:16:36 Running trivy...
2026-07-10T21:16:36+02:00 [INFO] (codacy-cli-v2/cmd/analyze.go:360) Config file found for tool tool=trivy toolConfigPath=.codacy/tools-configs/trivy.yaml
2026/07/10 21:16:36 Tool failed to run: failed to run Trivy: exit status 1
2026-07-10T21:17:03+02:00 [INFO] (codacy-cli-v2/cli-v2.go:27) Starting Codacy CLI version=1.0.0-main.380.sha.27e119a (27e119a) built at 2026-06-11T09:54:47Z
2026-07-10T21:17:03+02:00 [INFO] (codacy-cli-v2/cmd/root.go:34) Executing CLI command args=[/Users/Andreas/GitHub/thalassa/.vscode/mcp.json] command=analyze full_command=[/Users/Andreas/Library/Caches/Codacy/codacy-cli-v2/1.0.0-main.380.sha.27e119a/codacy-cli-v2 analyze /Users/Andreas/GitHub/thalassa/.vscode/mcp.json --format sarif]
2026/07/10 21:17:03 Running all configured tools...
2026/07/10 21:17:03 Skipping opengrep as it doesn't support the specified file(s)
2026/07/10 21:17:03 Skipping pmd as it doesn't support the specified file(s)
2026/07/10 21:17:03 Skipping pylint as it doesn't support the specified file(s)
2026/07/10 21:17:03 Skipping revive as it doesn't support the specified file(s)
2026/07/10 21:17:03 Skipping dartanalyzer as it doesn't support the specified file(s)
2026/07/10 21:17:03 Skipping eslint as it doesn't support the specified file(s)
2026/07/10 21:17:03 Skipping lizard as it doesn't support the specified file(s)
2026/07/10 21:17:03 Running tools for the specified file(s)...
2026/07/10 21:17:03 Running trivy...
2026-07-10T21:17:03+02:00 [INFO] (codacy-cli-v2/cmd/analyze.go:360) Config file found for tool toolConfigPath=.codacy/tools-configs/trivy.yaml tool=trivy
2026/07/10 21:17:04 Tool failed to run: failed to run Trivy: exit status 1
2026-07-10T21:19:21+02:00 [INFO] (codacy-cli-v2/cli-v2.go:27) Starting Codacy CLI version=1.0.0-main.380.sha.27e119a (27e119a) built at 2026-06-11T09:54:47Z
2026-07-10T21:19:21+02:00 [INFO] (codacy-cli-v2/cmd/root.go:34) Executing CLI command command=analyze full_command=[/Users/Andreas/Library/Caches/Codacy/codacy-cli-v2/1.0.0-main.380.sha.27e119a/codacy-cli-v2 analyze /Users/Andreas/Library/Application Support/Code/User/mcp.json --format sarif] args=[/Users/Andreas/Library/Application Support/Code/User/mcp.json]
2026/07/10 21:19:21 Running all configured tools...
2026/07/10 21:19:21 Skipping opengrep as it doesn't support the specified file(s)
2026/07/10 21:19:21 Skipping pmd as it doesn't support the specified file(s)
2026/07/10 21:19:21 Skipping pylint as it doesn't support the specified file(s)
2026/07/10 21:19:21 Skipping revive as it doesn't support the specified file(s)
2026/07/10 21:19:21 Skipping dartanalyzer as it doesn't support the specified file(s)
2026/07/10 21:19:21 Skipping eslint as it doesn't support the specified file(s)
2026/07/10 21:19:21 Skipping lizard as it doesn't support the specified file(s)
2026/07/10 21:19:21 Running tools for the specified file(s)...
2026/07/10 21:19:21 Running trivy...
2026-07-10T21:19:21+02:00 [INFO] (codacy-cli-v2/cmd/analyze.go:360) Config file found for tool tool=trivy toolConfigPath=.codacy/tools-configs/trivy.yaml
2026/07/10 21:19:22 Tool failed to run: failed to run Trivy: exit status 1
2026-07-10T21:19:27+02:00 [INFO] (codacy-cli-v2/cli-v2.go:27) Starting Codacy CLI version=1.0.0-main.380.sha.27e119a (27e119a) built at 2026-06-11T09:54:47Z
2026-07-10T21:19:27+02:00 [INFO] (codacy-cli-v2/cmd/root.go:34) Executing CLI command args=[/Users/Andreas/GitHub/aither/.vscode/mcp.json] command=analyze full_command=[/Users/Andreas/Library/Caches/Codacy/codacy-cli-v2/1.0.0-main.380.sha.27e119a/codacy-cli-v2 analyze /Users/Andreas/GitHub/aither/.vscode/mcp.json --format sarif]
2026/07/10 21:19:27 Running all configured tools...
2026/07/10 21:19:27 Skipping eslint as it doesn't support the specified file(s)
2026/07/10 21:19:27 Skipping lizard as it doesn't support the specified file(s)
2026/07/10 21:19:27 Skipping opengrep as it doesn't support the specified file(s)
2026/07/10 21:19:27 Skipping pmd as it doesn't support the specified file(s)
2026/07/10 21:19:27 Skipping pylint as it doesn't support the specified file(s)
2026/07/10 21:19:27 Skipping revive as it doesn't support the specified file(s)
2026/07/10 21:19:27 Skipping dartanalyzer as it doesn't support the specified file(s)
2026/07/10 21:19:27 Running tools for the specified file(s)...
2026/07/10 21:19:27 Running trivy...
2026-07-10T21:19:27+02:00 [INFO] (codacy-cli-v2/cmd/analyze.go:360) Config file found for tool tool=trivy toolConfigPath=.codacy/tools-configs/trivy.yaml
2026/07/10 21:19:27 Tool failed to run: failed to run Trivy: exit status 1
2026-07-10T21:19:29+02:00 [INFO] (codacy-cli-v2/cli-v2.go:27) Starting Codacy CLI version=1.0.0-main.380.sha.27e119a (27e119a) built at 2026-06-11T09:54:47Z
2026-07-10T21:19:29+02:00 [INFO] (codacy-cli-v2/cmd/root.go:34) Executing CLI command full_command=[/Users/Andreas/Library/Caches/Codacy/codacy-cli-v2/1.0.0-main.380.sha.27e119a/codacy-cli-v2 analyze /Users/Andreas/GitHub/hemera/.vscode/mcp.json --format sarif] args=[/Users/Andreas/GitHub/hemera/.vscode/mcp.json] command=analyze
2026/07/10 21:19:29 Running all configured tools...
2026/07/10 21:19:29 Skipping lizard as it doesn't support the specified file(s)
2026/07/10 21:19:29 Skipping opengrep as it doesn't support the specified file(s)
2026/07/10 21:19:29 Skipping pmd as it doesn't support the specified file(s)
2026/07/10 21:19:29 Skipping pylint as it doesn't support the specified file(s)
2026/07/10 21:19:29 Skipping revive as it doesn't support the specified file(s)
2026/07/10 21:19:29 Skipping dartanalyzer as it doesn't support the specified file(s)
2026/07/10 21:19:29 Skipping eslint as it doesn't support the specified file(s)
2026/07/10 21:19:29 Running tools for the specified file(s)...
2026/07/10 21:19:29 Running trivy...
2026-07-10T21:19:29+02:00 [INFO] (codacy-cli-v2/cmd/analyze.go:360) Config file found for tool toolConfigPath=.codacy/tools-configs/trivy.yaml tool=trivy
2026/07/10 21:19:30 Tool failed to run: failed to run Trivy: exit status 1
2026-07-10T21:19:38+02:00 [INFO] (codacy-cli-v2/cli-v2.go:27) Starting Codacy CLI version=1.0.0-main.380.sha.27e119a (27e119a) built at 2026-06-11T09:54:47Z
2026-07-10T21:19:38+02:00 [INFO] (codacy-cli-v2/cmd/root.go:34) Executing CLI command full_command=[/Users/Andreas/Library/Caches/Codacy/codacy-cli-v2/1.0.0-main.380.sha.27e119a/codacy-cli-v2 analyze /Users/Andreas/GitHub/gaia/.vscode/mcp.json --format sarif] args=[/Users/Andreas/GitHub/gaia/.vscode/mcp.json] command=analyze
2026/07/10 21:19:38 Running all configured tools...
2026/07/10 21:19:38 Skipping lizard as it doesn't support the specified file(s)
2026/07/10 21:19:38 Skipping opengrep as it doesn't support the specified file(s)
2026/07/10 21:19:38 Skipping pmd as it doesn't support the specified file(s)
2026/07/10 21:19:38 Skipping pylint as it doesn't support the specified file(s)
2026/07/10 21:19:38 Skipping revive as it doesn't support the specified file(s)
2026/07/10 21:19:38 Skipping dartanalyzer as it doesn't support the specified file(s)
2026/07/10 21:19:38 Skipping eslint as it doesn't support the specified file(s)
2026/07/10 21:19:38 Running tools for the specified file(s)...
2026/07/10 21:19:38 Running trivy...
2026-07-10T21:19:38+02:00 [INFO] (codacy-cli-v2/cmd/analyze.go:360) Config file found for tool tool=trivy toolConfigPath=.codacy/tools-configs/trivy.yaml
2026/07/10 21:19:38 Tool failed to run: failed to run Trivy: exit status 1
2026-07-10T21:20:03+02:00 [INFO] (codacy-cli-v2/cli-v2.go:27) Starting Codacy CLI version=1.0.0-main.380.sha.27e119a (27e119a) built at 2026-06-11T09:54:47Z
2026-07-10T21:20:03+02:00 [INFO] (codacy-cli-v2/cmd/root.go:34) Executing CLI command command=analyze full_command=[/Users/Andreas/Library/Caches/Codacy/codacy-cli-v2/1.0.0-main.380.sha.27e119a/codacy-cli-v2 analyze /Users/Andreas/GitHub/thalassa/.vscode/mcp.json --format sarif] args=[/Users/Andreas/GitHub/thalassa/.vscode/mcp.json]
2026/07/10 21:20:03 Running all configured tools...
2026/07/10 21:20:03 Skipping eslint as it doesn't support the specified file(s)
2026/07/10 21:20:03 Skipping lizard as it doesn't support the specified file(s)
2026/07/10 21:20:03 Skipping opengrep as it doesn't support the specified file(s)
2026/07/10 21:20:03 Skipping pmd as it doesn't support the specified file(s)
2026/07/10 21:20:03 Skipping pylint as it doesn't support the specified file(s)
2026/07/10 21:20:03 Skipping revive as it doesn't support the specified file(s)
2026/07/10 21:20:03 Skipping dartanalyzer as it doesn't support the specified file(s)
2026/07/10 21:20:03 Running tools for the specified file(s)...
2026/07/10 21:20:03 Running trivy...
2026-07-10T21:20:03+02:00 [INFO] (codacy-cli-v2/cmd/analyze.go:360) Config file found for tool tool=trivy toolConfigPath=.codacy/tools-configs/trivy.yaml
2026/07/10 21:20:04 Tool failed to run: failed to run Trivy: exit status 1
2026-07-10T21:22:21+02:00 [INFO] (codacy-cli-v2/cli-v2.go:27) Starting Codacy CLI version=1.0.0-main.380.sha.27e119a (27e119a) built at 2026-06-11T09:54:47Z
2026-07-10T21:22:21+02:00 [INFO] (codacy-cli-v2/cmd/root.go:34) Executing CLI command command=analyze full_command=[/Users/Andreas/Library/Caches/Codacy/codacy-cli-v2/1.0.0-main.380.sha.27e119a/codacy-cli-v2 analyze /Users/Andreas/Library/Application Support/Code/User/mcp.json --format sarif] args=[/Users/Andreas/Library/Application Support/Code/User/mcp.json]
2026/07/10 21:22:21 Running all configured tools...
2026/07/10 21:22:21 Skipping dartanalyzer as it doesn't support the specified file(s)
2026/07/10 21:22:21 Skipping eslint as it doesn't support the specified file(s)
2026/07/10 21:22:21 Skipping lizard as it doesn't support the specified file(s)
2026/07/10 21:22:21 Skipping opengrep as it doesn't support the specified file(s)
2026/07/10 21:22:21 Skipping pmd as it doesn't support the specified file(s)
2026/07/10 21:22:21 Skipping pylint as it doesn't support the specified file(s)
2026/07/10 21:22:21 Skipping revive as it doesn't support the specified file(s)
2026/07/10 21:22:21 Running tools for the specified file(s)...
2026/07/10 21:22:21 Running trivy...
2026-07-10T21:22:21+02:00 [INFO] (codacy-cli-v2/cmd/analyze.go:360) Config file found for tool tool=trivy toolConfigPath=.codacy/tools-configs/trivy.yaml
2026/07/10 21:22:22 Tool failed to run: failed to run Trivy: exit status 1
2026-07-10T21:22:28+02:00 [INFO] (codacy-cli-v2/cli-v2.go:27) Starting Codacy CLI version=1.0.0-main.380.sha.27e119a (27e119a) built at 2026-06-11T09:54:47Z
2026-07-10T21:22:28+02:00 [INFO] (codacy-cli-v2/cmd/root.go:34) Executing CLI command command=analyze full_command=[/Users/Andreas/Library/Caches/Codacy/codacy-cli-v2/1.0.0-main.380.sha.27e119a/codacy-cli-v2 analyze /Users/Andreas/GitHub/aither/.vscode/mcp.json --format sarif] args=[/Users/Andreas/GitHub/aither/.vscode/mcp.json]
2026/07/10 21:22:28 Running all configured tools...
2026/07/10 21:22:28 Skipping dartanalyzer as it doesn't support the specified file(s)
2026/07/10 21:22:28 Skipping eslint as it doesn't support the specified file(s)
2026/07/10 21:22:28 Skipping lizard as it doesn't support the specified file(s)
2026/07/10 21:22:28 Skipping opengrep as it doesn't support the specified file(s)
2026/07/10 21:22:28 Skipping pmd as it doesn't support the specified file(s)
2026/07/10 21:22:28 Skipping pylint as it doesn't support the specified file(s)
2026/07/10 21:22:28 Skipping revive as it doesn't support the specified file(s)
2026/07/10 21:22:28 Running tools for the specified file(s)...
2026/07/10 21:22:28 Running trivy...
2026-07-10T21:22:28+02:00 [INFO] (codacy-cli-v2/cmd/analyze.go:360) Config file found for tool toolConfigPath=.codacy/tools-configs/trivy.yaml tool=trivy
2026/07/10 21:22:29 Tool failed to run: failed to run Trivy: exit status 1
2026-07-10T21:22:31+02:00 [INFO] (codacy-cli-v2/cli-v2.go:27) Starting Codacy CLI version=1.0.0-main.380.sha.27e119a (27e119a) built at 2026-06-11T09:54:47Z
2026-07-10T21:22:31+02:00 [INFO] (codacy-cli-v2/cmd/root.go:34) Executing CLI command command=analyze full_command=[/Users/Andreas/Library/Caches/Codacy/codacy-cli-v2/1.0.0-main.380.sha.27e119a/codacy-cli-v2 analyze /Users/Andreas/GitHub/hemera/.vscode/mcp.json --format sarif] args=[/Users/Andreas/GitHub/hemera/.vscode/mcp.json]
2026/07/10 21:22:31 Running all configured tools...
2026/07/10 21:22:31 Skipping pylint as it doesn't support the specified file(s)
2026/07/10 21:22:31 Skipping revive as it doesn't support the specified file(s)
2026/07/10 21:22:31 Skipping dartanalyzer as it doesn't support the specified file(s)
2026/07/10 21:22:31 Skipping eslint as it doesn't support the specified file(s)
2026/07/10 21:22:31 Skipping lizard as it doesn't support the specified file(s)
2026/07/10 21:22:31 Skipping opengrep as it doesn't support the specified file(s)
2026/07/10 21:22:31 Skipping pmd as it doesn't support the specified file(s)
2026/07/10 21:22:31 Running tools for the specified file(s)...
2026/07/10 21:22:31 Running trivy...
2026-07-10T21:22:31+02:00 [INFO] (codacy-cli-v2/cmd/analyze.go:360) Config file found for tool tool=trivy toolConfigPath=.codacy/tools-configs/trivy.yaml
2026/07/10 21:22:31 Tool failed to run: failed to run Trivy: exit status 1
2026-07-10T21:22:39+02:00 [INFO] (codacy-cli-v2/cli-v2.go:27) Starting Codacy CLI version=1.0.0-main.380.sha.27e119a (27e119a) built at 2026-06-11T09:54:47Z
2026-07-10T21:22:39+02:00 [INFO] (codacy-cli-v2/cmd/root.go:34) Executing CLI command command=analyze full_command=[/Users/Andreas/Library/Caches/Codacy/codacy-cli-v2/1.0.0-main.380.sha.27e119a/codacy-cli-v2 analyze /Users/Andreas/GitHub/gaia/.vscode/mcp.json --format sarif] args=[/Users/Andreas/GitHub/gaia/.vscode/mcp.json]
2026/07/10 21:22:39 Running all configured tools...
2026/07/10 21:22:39 Skipping dartanalyzer as it doesn't support the specified file(s)
2026/07/10 21:22:39 Skipping eslint as it doesn't support the specified file(s)
2026/07/10 21:22:39 Skipping lizard as it doesn't support the specified file(s)
2026/07/10 21:22:39 Skipping opengrep as it doesn't support the specified file(s)
2026/07/10 21:22:39 Skipping pmd as it doesn't support the specified file(s)
2026/07/10 21:22:39 Skipping pylint as it doesn't support the specified file(s)
2026/07/10 21:22:39 Skipping revive as it doesn't support the specified file(s)
2026/07/10 21:22:39 Running tools for the specified file(s)...
2026/07/10 21:22:39 Running trivy...
2026-07-10T21:22:39+02:00 [INFO] (codacy-cli-v2/cmd/analyze.go:360) Config file found for tool tool=trivy toolConfigPath=.codacy/tools-configs/trivy.yaml
2026/07/10 21:22:40 Tool failed to run: failed to run Trivy: exit status 1
2026-07-10T21:23:04+02:00 [INFO] (codacy-cli-v2/cli-v2.go:27) Starting Codacy CLI version=1.0.0-main.380.sha.27e119a (27e119a) built at 2026-06-11T09:54:47Z
2026-07-10T21:23:04+02:00 [INFO] (codacy-cli-v2/cmd/root.go:34) Executing CLI command full_command=[/Users/Andreas/Library/Caches/Codacy/codacy-cli-v2/1.0.0-main.380.sha.27e119a/codacy-cli-v2 analyze /Users/Andreas/GitHub/thalassa/.vscode/mcp.json --format sarif] args=[/Users/Andreas/GitHub/thalassa/.vscode/mcp.json] command=analyze
2026/07/10 21:23:04 Running all configured tools...
2026/07/10 21:23:04 Skipping opengrep as it doesn't support the specified file(s)
2026/07/10 21:23:04 Skipping pmd as it doesn't support the specified file(s)
2026/07/10 21:23:04 Skipping pylint as it doesn't support the specified file(s)
2026/07/10 21:23:04 Skipping revive as it doesn't support the specified file(s)
2026/07/10 21:23:04 Skipping dartanalyzer as it doesn't support the specified file(s)
2026/07/10 21:23:04 Skipping eslint as it doesn't support the specified file(s)
2026/07/10 21:23:04 Skipping lizard as it doesn't support the specified file(s)
2026/07/10 21:23:04 Running tools for the specified file(s)...
2026/07/10 21:23:04 Running trivy...
2026-07-10T21:23:04+02:00 [INFO] (codacy-cli-v2/cmd/analyze.go:360) Config file found for tool tool=trivy toolConfigPath=.codacy/tools-configs/trivy.yaml
2026/07/10 21:23:05 Tool failed to run: failed to run Trivy: exit status 1
2026-07-10T21:25:22+02:00 [INFO] (codacy-cli-v2/cli-v2.go:27) Starting Codacy CLI version=1.0.0-main.380.sha.27e119a (27e119a) built at 2026-06-11T09:54:47Z
2026-07-10T21:25:23+02:00 [INFO] (codacy-cli-v2/cmd/root.go:34) Executing CLI command command=analyze full_command=[/Users/Andreas/Library/Caches/Codacy/codacy-cli-v2/1.0.0-main.380.sha.27e119a/codacy-cli-v2 analyze /Users/Andreas/Library/Application Support/Code/User/mcp.json --format sarif] args=[/Users/Andreas/Library/Application Support/Code/User/mcp.json]
2026/07/10 21:25:23 Running all configured tools...
2026/07/10 21:25:23 Skipping dartanalyzer as it doesn't support the specified file(s)
2026/07/10 21:25:23 Skipping eslint as it doesn't support the specified file(s)
2026/07/10 21:25:23 Skipping lizard as it doesn't support the specified file(s)
2026/07/10 21:25:23 Skipping opengrep as it doesn't support the specified file(s)
2026/07/10 21:25:23 Skipping pmd as it doesn't support the specified file(s)
2026/07/10 21:25:23 Skipping pylint as it doesn't support the specified file(s)
2026/07/10 21:25:23 Skipping revive as it doesn't support the specified file(s)
2026/07/10 21:25:23 Running tools for the specified file(s)...
2026/07/10 21:25:23 Running trivy...
2026-07-10T21:25:23+02:00 [INFO] (codacy-cli-v2/cmd/analyze.go:360) Config file found for tool toolConfigPath=.codacy/tools-configs/trivy.yaml tool=trivy
2026/07/10 21:25:24 Tool failed to run: failed to run Trivy: exit status 1
2026-07-10T21:25:28+02:00 [INFO] (codacy-cli-v2/cli-v2.go:27) Starting Codacy CLI version=1.0.0-main.380.sha.27e119a (27e119a) built at 2026-06-11T09:54:47Z
2026-07-10T21:25:28+02:00 [INFO] (codacy-cli-v2/cmd/root.go:34) Executing CLI command full_command=[/Users/Andreas/Library/Caches/Codacy/codacy-cli-v2/1.0.0-main.380.sha.27e119a/codacy-cli-v2 analyze /Users/Andreas/GitHub/aither/.vscode/mcp.json --format sarif] args=[/Users/Andreas/GitHub/aither/.vscode/mcp.json] command=analyze
2026/07/10 21:25:28 Running all configured tools...
2026/07/10 21:25:28 Skipping pmd as it doesn't support the specified file(s)
2026/07/10 21:25:28 Skipping pylint as it doesn't support the specified file(s)
2026/07/10 21:25:28 Skipping revive as it doesn't support the specified file(s)
2026/07/10 21:25:28 Skipping dartanalyzer as it doesn't support the specified file(s)
2026/07/10 21:25:28 Skipping eslint as it doesn't support the specified file(s)
2026/07/10 21:25:28 Skipping lizard as it doesn't support the specified file(s)
2026/07/10 21:25:28 Skipping opengrep as it doesn't support the specified file(s)
2026/07/10 21:25:28 Running tools for the specified file(s)...
2026/07/10 21:25:28 Running trivy...
2026-07-10T21:25:28+02:00 [INFO] (codacy-cli-v2/cmd/analyze.go:360) Config file found for tool toolConfigPath=.codacy/tools-configs/trivy.yaml tool=trivy
2026/07/10 21:25:29 Tool failed to run: failed to run Trivy: exit status 1
2026-07-10T21:25:32+02:00 [INFO] (codacy-cli-v2/cli-v2.go:27) Starting Codacy CLI version=1.0.0-main.380.sha.27e119a (27e119a) built at 2026-06-11T09:54:47Z
2026-07-10T21:25:32+02:00 [INFO] (codacy-cli-v2/cmd/root.go:34) Executing CLI command args=[/Users/Andreas/GitHub/hemera/.vscode/mcp.json] command=analyze full_command=[/Users/Andreas/Library/Caches/Codacy/codacy-cli-v2/1.0.0-main.380.sha.27e119a/codacy-cli-v2 analyze /Users/Andreas/GitHub/hemera/.vscode/mcp.json --format sarif]
2026/07/10 21:25:32 Running all configured tools...
2026/07/10 21:25:32 Skipping dartanalyzer as it doesn't support the specified file(s)
2026/07/10 21:25:32 Skipping eslint as it doesn't support the specified file(s)
2026/07/10 21:25:32 Skipping lizard as it doesn't support the specified file(s)
2026/07/10 21:25:32 Skipping opengrep as it doesn't support the specified file(s)
2026/07/10 21:25:32 Skipping pmd as it doesn't support the specified file(s)
2026/07/10 21:25:32 Skipping pylint as it doesn't support the specified file(s)
2026/07/10 21:25:32 Skipping revive as it doesn't support the specified file(s)
2026/07/10 21:25:32 Running tools for the specified file(s)...
2026/07/10 21:25:32 Running trivy...
2026-07-10T21:25:32+02:00 [INFO] (codacy-cli-v2/cmd/analyze.go:360) Config file found for tool tool=trivy toolConfigPath=.codacy/tools-configs/trivy.yaml
2026/07/10 21:25:33 Tool failed to run: failed to run Trivy: exit status 1
2026-07-10T21:25:40+02:00 [INFO] (codacy-cli-v2/cli-v2.go:27) Starting Codacy CLI version=1.0.0-main.380.sha.27e119a (27e119a) built at 2026-06-11T09:54:47Z
2026-07-10T21:25:40+02:00 [INFO] (codacy-cli-v2/cmd/root.go:34) Executing CLI command command=analyze full_command=[/Users/Andreas/Library/Caches/Codacy/codacy-cli-v2/1.0.0-main.380.sha.27e119a/codacy-cli-v2 analyze /Users/Andreas/GitHub/gaia/.vscode/mcp.json --format sarif] args=[/Users/Andreas/GitHub/gaia/.vscode/mcp.json]
2026/07/10 21:25:40 Running all configured tools...
2026/07/10 21:25:40 Skipping pmd as it doesn't support the specified file(s)
2026/07/10 21:25:40 Skipping pylint as it doesn't support the specified file(s)
2026/07/10 21:25:40 Skipping revive as it doesn't support the specified file(s)
2026/07/10 21:25:40 Skipping dartanalyzer as it doesn't support the specified file(s)
2026/07/10 21:25:40 Skipping eslint as it doesn't support the specified file(s)
2026/07/10 21:25:40 Skipping lizard as it doesn't support the specified file(s)
2026/07/10 21:25:40 Skipping opengrep as it doesn't support the specified file(s)
2026/07/10 21:25:40 Running tools for the specified file(s)...
2026/07/10 21:25:40 Running trivy...
2026-07-10T21:25:40+02:00 [INFO] (codacy-cli-v2/cmd/analyze.go:360) Config file found for tool toolConfigPath=.codacy/tools-configs/trivy.yaml tool=trivy
2026/07/10 21:25:40 Tool failed to run: failed to run Trivy: exit status 1
2026-07-10T21:26:04+02:00 [INFO] (codacy-cli-v2/cli-v2.go:27) Starting Codacy CLI version=1.0.0-main.380.sha.27e119a (27e119a) built at 2026-06-11T09:54:47Z
2026-07-10T21:26:04+02:00 [INFO] (codacy-cli-v2/cmd/root.go:34) Executing CLI command full_command=[/Users/Andreas/Library/Caches/Codacy/codacy-cli-v2/1.0.0-main.380.sha.27e119a/codacy-cli-v2 analyze /Users/Andreas/GitHub/thalassa/.vscode/mcp.json --format sarif] args=[/Users/Andreas/GitHub/thalassa/.vscode/mcp.json] command=analyze
2026/07/10 21:26:04 Running all configured tools...
2026/07/10 21:26:04 Skipping lizard as it doesn't support the specified file(s)
2026/07/10 21:26:04 Skipping opengrep as it doesn't support the specified file(s)
2026/07/10 21:26:04 Skipping pmd as it doesn't support the specified file(s)
2026/07/10 21:26:04 Skipping pylint as it doesn't support the specified file(s)
2026/07/10 21:26:04 Skipping revive as it doesn't support the specified file(s)
2026/07/10 21:26:04 Skipping dartanalyzer as it doesn't support the specified file(s)
2026/07/10 21:26:04 Skipping eslint as it doesn't support the specified file(s)
2026/07/10 21:26:04 Running tools for the specified file(s)...
2026/07/10 21:26:04 Running trivy...
2026-07-10T21:26:04+02:00 [INFO] (codacy-cli-v2/cmd/analyze.go:360) Config file found for tool tool=trivy toolConfigPath=.codacy/tools-configs/trivy.yaml
2026/07/10 21:26:05 Tool failed to run: failed to run Trivy: exit status 1
2026-07-10T21:28:23+02:00 [INFO] (codacy-cli-v2/cli-v2.go:27) Starting Codacy CLI version=1.0.0-main.380.sha.27e119a (27e119a) built at 2026-06-11T09:54:47Z
2026-07-10T21:28:23+02:00 [INFO] (codacy-cli-v2/cmd/root.go:34) Executing CLI command command=analyze full_command=[/Users/Andreas/Library/Caches/Codacy/codacy-cli-v2/1.0.0-main.380.sha.27e119a/codacy-cli-v2 analyze /Users/Andreas/Library/Application Support/Code/User/mcp.json --format sarif] args=[/Users/Andreas/Library/Application Support/Code/User/mcp.json]
2026/07/10 21:28:23 Running all configured tools...
2026/07/10 21:28:23 Skipping revive as it doesn't support the specified file(s)
2026/07/10 21:28:23 Skipping dartanalyzer as it doesn't support the specified file(s)
2026/07/10 21:28:23 Skipping eslint as it doesn't support the specified file(s)
2026/07/10 21:28:23 Skipping lizard as it doesn't support the specified file(s)
2026/07/10 21:28:23 Skipping opengrep as it doesn't support the specified file(s)
2026/07/10 21:28:23 Skipping pmd as it doesn't support the specified file(s)
2026/07/10 21:28:23 Skipping pylint as it doesn't support the specified file(s)
2026/07/10 21:28:23 Running tools for the specified file(s)...
2026/07/10 21:28:23 Running trivy...
2026-07-10T21:28:23+02:00 [INFO] (codacy-cli-v2/cmd/analyze.go:360) Config file found for tool tool=trivy toolConfigPath=.codacy/tools-configs/trivy.yaml
2026/07/10 21:28:24 Tool failed to run: failed to run Trivy: exit status 1
2026-07-10T21:28:29+02:00 [INFO] (codacy-cli-v2/cli-v2.go:27) Starting Codacy CLI version=1.0.0-main.380.sha.27e119a (27e119a) built at 2026-06-11T09:54:47Z
2026-07-10T21:28:29+02:00 [INFO] (codacy-cli-v2/cmd/root.go:34) Executing CLI command command=analyze full_command=[/Users/Andreas/Library/Caches/Codacy/codacy-cli-v2/1.0.0-main.380.sha.27e119a/codacy-cli-v2 analyze /Users/Andreas/GitHub/aither/.vscode/mcp.json --format sarif] args=[/Users/Andreas/GitHub/aither/.vscode/mcp.json]
2026/07/10 21:28:29 Running all configured tools...
2026/07/10 21:28:29 Skipping eslint as it doesn't support the specified file(s)
2026/07/10 21:28:29 Skipping lizard as it doesn't support the specified file(s)
2026/07/10 21:28:29 Skipping opengrep as it doesn't support the specified file(s)
2026/07/10 21:28:29 Skipping pmd as it doesn't support the specified file(s)
2026/07/10 21:28:29 Skipping pylint as it doesn't support the specified file(s)
2026/07/10 21:28:29 Skipping revive as it doesn't support the specified file(s)
2026/07/10 21:28:29 Skipping dartanalyzer as it doesn't support the specified file(s)
2026/07/10 21:28:29 Running tools for the specified file(s)...
2026/07/10 21:28:29 Running trivy...
2026-07-10T21:28:29+02:00 [INFO] (codacy-cli-v2/cmd/analyze.go:360) Config file found for tool tool=trivy toolConfigPath=.codacy/tools-configs/trivy.yaml
2026/07/10 21:28:29 Tool failed to run: failed to run Trivy: exit status 1
2026-07-10T21:28:34+02:00 [INFO] (codacy-cli-v2/cli-v2.go:27) Starting Codacy CLI version=1.0.0-main.380.sha.27e119a (27e119a) built at 2026-06-11T09:54:47Z
2026-07-10T21:28:34+02:00 [INFO] (codacy-cli-v2/cmd/root.go:34) Executing CLI command command=analyze full_command=[/Users/Andreas/Library/Caches/Codacy/codacy-cli-v2/1.0.0-main.380.sha.27e119a/codacy-cli-v2 analyze /Users/Andreas/GitHub/hemera/.vscode/mcp.json --format sarif] args=[/Users/Andreas/GitHub/hemera/.vscode/mcp.json]
2026/07/10 21:28:34 Running all configured tools...
2026/07/10 21:28:34 Skipping dartanalyzer as it doesn't support the specified file(s)
2026/07/10 21:28:34 Skipping eslint as it doesn't support the specified file(s)
2026/07/10 21:28:34 Skipping lizard as it doesn't support the specified file(s)
2026/07/10 21:28:34 Skipping opengrep as it doesn't support the specified file(s)
2026/07/10 21:28:34 Skipping pmd as it doesn't support the specified file(s)
2026/07/10 21:28:34 Skipping pylint as it doesn't support the specified file(s)
2026/07/10 21:28:34 Skipping revive as it doesn't support the specified file(s)
2026/07/10 21:28:34 Running tools for the specified file(s)...
2026/07/10 21:28:34 Running trivy...
2026-07-10T21:28:34+02:00 [INFO] (codacy-cli-v2/cmd/analyze.go:360) Config file found for tool toolConfigPath=.codacy/tools-configs/trivy.yaml tool=trivy
2026/07/10 21:28:34 Tool failed to run: failed to run Trivy: exit status 1
2026-07-10T21:28:40+02:00 [INFO] (codacy-cli-v2/cli-v2.go:27) Starting Codacy CLI version=1.0.0-main.380.sha.27e119a (27e119a) built at 2026-06-11T09:54:47Z
2026-07-10T21:28:40+02:00 [INFO] (codacy-cli-v2/cmd/root.go:34) Executing CLI command command=analyze full_command=[/Users/Andreas/Library/Caches/Codacy/codacy-cli-v2/1.0.0-main.380.sha.27e119a/codacy-cli-v2 analyze /Users/Andreas/GitHub/gaia/.vscode/mcp.json --format sarif] args=[/Users/Andreas/GitHub/gaia/.vscode/mcp.json]
2026/07/10 21:28:40 Running all configured tools...
2026/07/10 21:28:40 Skipping dartanalyzer as it doesn't support the specified file(s)
2026/07/10 21:28:40 Skipping eslint as it doesn't support the specified file(s)
2026/07/10 21:28:40 Skipping lizard as it doesn't support the specified file(s)
2026/07/10 21:28:40 Skipping opengrep as it doesn't support the specified file(s)
2026/07/10 21:28:40 Skipping pmd as it doesn't support the specified file(s)
2026/07/10 21:28:40 Skipping pylint as it doesn't support the specified file(s)
2026/07/10 21:28:40 Skipping revive as it doesn't support the specified file(s)
2026/07/10 21:28:40 Running tools for the specified file(s)...
2026/07/10 21:28:40 Running trivy...
2026-07-10T21:28:40+02:00 [INFO] (codacy-cli-v2/cmd/analyze.go:360) Config file found for tool toolConfigPath=.codacy/tools-configs/trivy.yaml tool=trivy
2026/07/10 21:28:41 Tool failed to run: failed to run Trivy: exit status 1
2026-07-10T21:29:06+02:00 [INFO] (codacy-cli-v2/cli-v2.go:27) Starting Codacy CLI version=1.0.0-main.380.sha.27e119a (27e119a) built at 2026-06-11T09:54:47Z
2026-07-10T21:29:06+02:00 [INFO] (codacy-cli-v2/cmd/root.go:34) Executing CLI command args=[/Users/Andreas/GitHub/thalassa/.vscode/mcp.json] command=analyze full_command=[/Users/Andreas/Library/Caches/Codacy/codacy-cli-v2/1.0.0-main.380.sha.27e119a/codacy-cli-v2 analyze /Users/Andreas/GitHub/thalassa/.vscode/mcp.json --format sarif]
2026/07/10 21:29:06 Running all configured tools...
2026/07/10 21:29:06 Skipping pmd as it doesn't support the specified file(s)
2026/07/10 21:29:06 Skipping pylint as it doesn't support the specified file(s)
2026/07/10 21:29:06 Skipping revive as it doesn't support the specified file(s)
2026/07/10 21:29:06 Skipping dartanalyzer as it doesn't support the specified file(s)
2026/07/10 21:29:06 Skipping eslint as it doesn't support the specified file(s)
2026/07/10 21:29:06 Skipping lizard as it doesn't support the specified file(s)
2026/07/10 21:29:06 Skipping opengrep as it doesn't support the specified file(s)
2026/07/10 21:29:06 Running tools for the specified file(s)...
2026/07/10 21:29:06 Running trivy...
2026-07-10T21:29:06+02:00 [INFO] (codacy-cli-v2/cmd/analyze.go:360) Config file found for tool tool=trivy toolConfigPath=.codacy/tools-configs/trivy.yaml
2026/07/10 21:29:06 Tool failed to run: failed to run Trivy: exit status 1
2026-07-10T21:31:24+02:00 [INFO] (codacy-cli-v2/cli-v2.go:27) Starting Codacy CLI version=1.0.0-main.380.sha.27e119a (27e119a) built at 2026-06-11T09:54:47Z
2026-07-10T21:31:24+02:00 [INFO] (codacy-cli-v2/cmd/root.go:34) Executing CLI command command=analyze full_command=[/Users/Andreas/Library/Caches/Codacy/codacy-cli-v2/1.0.0-main.380.sha.27e119a/codacy-cli-v2 analyze /Users/Andreas/Library/Application Support/Code/User/mcp.json --format sarif] args=[/Users/Andreas/Library/Application Support/Code/User/mcp.json]
2026/07/10 21:31:24 Running all configured tools...
2026/07/10 21:31:24 Skipping pylint as it doesn't support the specified file(s)
2026/07/10 21:31:24 Skipping revive as it doesn't support the specified file(s)
2026/07/10 21:31:24 Skipping dartanalyzer as it doesn't support the specified file(s)
2026/07/10 21:31:24 Skipping eslint as it doesn't support the specified file(s)
2026/07/10 21:31:24 Skipping lizard as it doesn't support the specified file(s)
2026/07/10 21:31:24 Skipping opengrep as it doesn't support the specified file(s)
2026/07/10 21:31:24 Skipping pmd as it doesn't support the specified file(s)
2026/07/10 21:31:24 Running tools for the specified file(s)...
2026/07/10 21:31:24 Running trivy...
2026-07-10T21:31:24+02:00 [INFO] (codacy-cli-v2/cmd/analyze.go:360) Config file found for tool tool=trivy toolConfigPath=.codacy/tools-configs/trivy.yaml
2026/07/10 21:31:24 Tool failed to run: failed to run Trivy: exit status 1
2026-07-10T21:31:29+02:00 [INFO] (codacy-cli-v2/cli-v2.go:27) Starting Codacy CLI version=1.0.0-main.380.sha.27e119a (27e119a) built at 2026-06-11T09:54:47Z
2026-07-10T21:31:29+02:00 [INFO] (codacy-cli-v2/cmd/root.go:34) Executing CLI command full_command=[/Users/Andreas/Library/Caches/Codacy/codacy-cli-v2/1.0.0-main.380.sha.27e119a/codacy-cli-v2 analyze /Users/Andreas/GitHub/aither/.vscode/mcp.json --format sarif] args=[/Users/Andreas/GitHub/aither/.vscode/mcp.json] command=analyze
2026/07/10 21:31:29 Running all configured tools...
2026/07/10 21:31:29 Skipping lizard as it doesn't support the specified file(s)
2026/07/10 21:31:29 Skipping opengrep as it doesn't support the specified file(s)
2026/07/10 21:31:29 Skipping pmd as it doesn't support the specified file(s)
2026/07/10 21:31:29 Skipping pylint as it doesn't support the specified file(s)
2026/07/10 21:31:29 Skipping revive as it doesn't support the specified file(s)
2026/07/10 21:31:29 Skipping dartanalyzer as it doesn't support the specified file(s)
2026/07/10 21:31:29 Skipping eslint as it doesn't support the specified file(s)
2026/07/10 21:31:29 Running tools for the specified file(s)...
2026/07/10 21:31:29 Running trivy...
2026-07-10T21:31:29+02:00 [INFO] (codacy-cli-v2/cmd/analyze.go:360) Config file found for tool tool=trivy toolConfigPath=.codacy/tools-configs/trivy.yaml
2026/07/10 21:31:30 Tool failed to run: failed to run Trivy: exit status 1
2026-07-10T21:31:34+02:00 [INFO] (codacy-cli-v2/cli-v2.go:27) Starting Codacy CLI version=1.0.0-main.380.sha.27e119a (27e119a) built at 2026-06-11T09:54:47Z
2026-07-10T21:31:34+02:00 [INFO] (codacy-cli-v2/cmd/root.go:34) Executing CLI command command=analyze full_command=[/Users/Andreas/Library/Caches/Codacy/codacy-cli-v2/1.0.0-main.380.sha.27e119a/codacy-cli-v2 analyze /Users/Andreas/GitHub/hemera/.vscode/mcp.json --format sarif] args=[/Users/Andreas/GitHub/hemera/.vscode/mcp.json]
2026/07/10 21:31:34 Running all configured tools...
2026/07/10 21:31:34 Skipping dartanalyzer as it doesn't support the specified file(s)
2026/07/10 21:31:34 Skipping eslint as it doesn't support the specified file(s)
2026/07/10 21:31:34 Skipping lizard as it doesn't support the specified file(s)
2026/07/10 21:31:34 Skipping opengrep as it doesn't support the specified file(s)
2026/07/10 21:31:34 Skipping pmd as it doesn't support the specified file(s)
2026/07/10 21:31:34 Skipping pylint as it doesn't support the specified file(s)
2026/07/10 21:31:34 Skipping revive as it doesn't support the specified file(s)
2026/07/10 21:31:34 Running tools for the specified file(s)...
2026/07/10 21:31:34 Running trivy...
2026-07-10T21:31:34+02:00 [INFO] (codacy-cli-v2/cmd/analyze.go:360) Config file found for tool tool=trivy toolConfigPath=.codacy/tools-configs/trivy.yaml
2026/07/10 21:31:34 Tool failed to run: failed to run Trivy: exit status 1
2026-07-10T21:31:41+02:00 [INFO] (codacy-cli-v2/cli-v2.go:27) Starting Codacy CLI version=1.0.0-main.380.sha.27e119a (27e119a) built at 2026-06-11T09:54:47Z
2026-07-10T21:31:41+02:00 [INFO] (codacy-cli-v2/cmd/root.go:34) Executing CLI command command=analyze full_command=[/Users/Andreas/Library/Caches/Codacy/codacy-cli-v2/1.0.0-main.380.sha.27e119a/codacy-cli-v2 analyze /Users/Andreas/GitHub/gaia/.vscode/mcp.json --format sarif] args=[/Users/Andreas/GitHub/gaia/.vscode/mcp.json]
2026/07/10 21:31:41 Running all configured tools...
2026/07/10 21:31:41 Skipping eslint as it doesn't support the specified file(s)
2026/07/10 21:31:41 Skipping lizard as it doesn't support the specified file(s)
2026/07/10 21:31:41 Skipping opengrep as it doesn't support the specified file(s)
2026/07/10 21:31:41 Skipping pmd as it doesn't support the specified file(s)
2026/07/10 21:31:41 Skipping pylint as it doesn't support the specified file(s)
2026/07/10 21:31:41 Skipping revive as it doesn't support the specified file(s)
2026/07/10 21:31:41 Skipping dartanalyzer as it doesn't support the specified file(s)
2026/07/10 21:31:41 Running tools for the specified file(s)...
2026/07/10 21:31:41 Running trivy...
2026-07-10T21:31:41+02:00 [INFO] (codacy-cli-v2/cmd/analyze.go:360) Config file found for tool tool=trivy toolConfigPath=.codacy/tools-configs/trivy.yaml
2026/07/10 21:31:41 Tool failed to run: failed to run Trivy: exit status 1
2026-07-10T21:32:08+02:00 [INFO] (codacy-cli-v2/cli-v2.go:27) Starting Codacy CLI version=1.0.0-main.380.sha.27e119a (27e119a) built at 2026-06-11T09:54:47Z
2026-07-10T21:32:08+02:00 [INFO] (codacy-cli-v2/cmd/root.go:34) Executing CLI command full_command=[/Users/Andreas/Library/Caches/Codacy/codacy-cli-v2/1.0.0-main.380.sha.27e119a/codacy-cli-v2 analyze /Users/Andreas/GitHub/thalassa/.vscode/mcp.json --format sarif] args=[/Users/Andreas/GitHub/thalassa/.vscode/mcp.json] command=analyze
2026/07/10 21:32:08 Running all configured tools...
2026/07/10 21:32:08 Skipping pylint as it doesn't support the specified file(s)
2026/07/10 21:32:08 Skipping revive as it doesn't support the specified file(s)
2026/07/10 21:32:08 Skipping dartanalyzer as it doesn't support the specified file(s)
2026/07/10 21:32:08 Skipping eslint as it doesn't support the specified file(s)
2026/07/10 21:32:08 Skipping lizard as it doesn't support the specified file(s)
2026/07/10 21:32:08 Skipping opengrep as it doesn't support the specified file(s)
2026/07/10 21:32:08 Skipping pmd as it doesn't support the specified file(s)
2026/07/10 21:32:08 Running tools for the specified file(s)...
2026/07/10 21:32:08 Running trivy...
2026-07-10T21:32:08+02:00 [INFO] (codacy-cli-v2/cmd/analyze.go:360) Config file found for tool tool=trivy toolConfigPath=.codacy/tools-configs/trivy.yaml
2026/07/10 21:32:08 Tool failed to run: failed to run Trivy: exit status 1
2026-07-10T21:34:24+02:00 [INFO] (codacy-cli-v2/cli-v2.go:27) Starting Codacy CLI version=1.0.0-main.380.sha.27e119a (27e119a) built at 2026-06-11T09:54:47Z
2026-07-10T21:34:24+02:00 [INFO] (codacy-cli-v2/cmd/root.go:34) Executing CLI command args=[/Users/Andreas/Library/Application Support/Code/User/mcp.json] command=analyze full_command=[/Users/Andreas/Library/Caches/Codacy/codacy-cli-v2/1.0.0-main.380.sha.27e119a/codacy-cli-v2 analyze /Users/Andreas/Library/Application Support/Code/User/mcp.json --format sarif]
2026/07/10 21:34:24 Running all configured tools...
2026/07/10 21:34:24 Skipping eslint as it doesn't support the specified file(s)
2026/07/10 21:34:24 Skipping lizard as it doesn't support the specified file(s)
2026/07/10 21:34:24 Skipping opengrep as it doesn't support the specified file(s)
2026/07/10 21:34:24 Skipping pmd as it doesn't support the specified file(s)
2026/07/10 21:34:24 Skipping pylint as it doesn't support the specified file(s)
2026/07/10 21:34:24 Skipping revive as it doesn't support the specified file(s)
2026/07/10 21:34:24 Skipping dartanalyzer as it doesn't support the specified file(s)
2026/07/10 21:34:24 Running tools for the specified file(s)...
2026/07/10 21:34:24 Running trivy...
2026-07-10T21:34:24+02:00 [INFO] (codacy-cli-v2/cmd/analyze.go:360) Config file found for tool tool=trivy toolConfigPath=.codacy/tools-configs/trivy.yaml
2026/07/10 21:34:25 Tool failed to run: failed to run Trivy: exit status 1
2026-07-10T21:34:30+02:00 [INFO] (codacy-cli-v2/cli-v2.go:27) Starting Codacy CLI version=1.0.0-main.380.sha.27e119a (27e119a) built at 2026-06-11T09:54:47Z
2026-07-10T21:34:30+02:00 [INFO] (codacy-cli-v2/cmd/root.go:34) Executing CLI command command=analyze full_command=[/Users/Andreas/Library/Caches/Codacy/codacy-cli-v2/1.0.0-main.380.sha.27e119a/codacy-cli-v2 analyze /Users/Andreas/GitHub/aither/.vscode/mcp.json --format sarif] args=[/Users/Andreas/GitHub/aither/.vscode/mcp.json]
2026/07/10 21:34:30 Running all configured tools...
2026/07/10 21:34:30 Skipping revive as it doesn't support the specified file(s)
2026/07/10 21:34:30 Skipping dartanalyzer as it doesn't support the specified file(s)
2026/07/10 21:34:30 Skipping eslint as it doesn't support the specified file(s)
2026/07/10 21:34:30 Skipping lizard as it doesn't support the specified file(s)
2026/07/10 21:34:30 Skipping opengrep as it doesn't support the specified file(s)
2026/07/10 21:34:30 Skipping pmd as it doesn't support the specified file(s)
2026/07/10 21:34:30 Skipping pylint as it doesn't support the specified file(s)
2026/07/10 21:34:30 Running tools for the specified file(s)...
2026/07/10 21:34:30 Running trivy...
2026-07-10T21:34:30+02:00 [INFO] (codacy-cli-v2/cmd/analyze.go:360) Config file found for tool tool=trivy toolConfigPath=.codacy/tools-configs/trivy.yaml
2026/07/10 21:34:30 Tool failed to run: failed to run Trivy: exit status 1
2026-07-10T21:34:35+02:00 [INFO] (codacy-cli-v2/cli-v2.go:27) Starting Codacy CLI version=1.0.0-main.380.sha.27e119a (27e119a) built at 2026-06-11T09:54:47Z
2026-07-10T21:34:35+02:00 [INFO] (codacy-cli-v2/cmd/root.go:34) Executing CLI command full_command=[/Users/Andreas/Library/Caches/Codacy/codacy-cli-v2/1.0.0-main.380.sha.27e119a/codacy-cli-v2 analyze /Users/Andreas/GitHub/hemera/.vscode/mcp.json --format sarif] args=[/Users/Andreas/GitHub/hemera/.vscode/mcp.json] command=analyze
2026/07/10 21:34:35 Running all configured tools...
2026/07/10 21:34:35 Skipping pylint as it doesn't support the specified file(s)
2026/07/10 21:34:35 Skipping revive as it doesn't support the specified file(s)
2026/07/10 21:34:35 Skipping dartanalyzer as it doesn't support the specified file(s)
2026/07/10 21:34:35 Skipping eslint as it doesn't support the specified file(s)
2026/07/10 21:34:35 Skipping lizard as it doesn't support the specified file(s)
2026/07/10 21:34:35 Skipping opengrep as it doesn't support the specified file(s)
2026/07/10 21:34:35 Skipping pmd as it doesn't support the specified file(s)
2026/07/10 21:34:35 Running tools for the specified file(s)...
2026/07/10 21:34:35 Running trivy...
2026-07-10T21:34:35+02:00 [INFO] (codacy-cli-v2/cmd/analyze.go:360) Config file found for tool tool=trivy toolConfigPath=.codacy/tools-configs/trivy.yaml
2026/07/10 21:34:36 Tool failed to run: failed to run Trivy: exit status 1
2026-07-10T21:34:41+02:00 [INFO] (codacy-cli-v2/cli-v2.go:27) Starting Codacy CLI version=1.0.0-main.380.sha.27e119a (27e119a) built at 2026-06-11T09:54:47Z
2026-07-10T21:34:41+02:00 [INFO] (codacy-cli-v2/cmd/root.go:34) Executing CLI command command=analyze full_command=[/Users/Andreas/Library/Caches/Codacy/codacy-cli-v2/1.0.0-main.380.sha.27e119a/codacy-cli-v2 analyze /Users/Andreas/GitHub/gaia/.vscode/mcp.json --format sarif] args=[/Users/Andreas/GitHub/gaia/.vscode/mcp.json]
2026/07/10 21:34:41 Running all configured tools...
2026/07/10 21:34:41 Skipping eslint as it doesn't support the specified file(s)
2026/07/10 21:34:41 Skipping lizard as it doesn't support the specified file(s)
2026/07/10 21:34:41 Skipping opengrep as it doesn't support the specified file(s)
2026/07/10 21:34:41 Skipping pmd as it doesn't support the specified file(s)
2026/07/10 21:34:41 Skipping pylint as it doesn't support the specified file(s)
2026/07/10 21:34:41 Skipping revive as it doesn't support the specified file(s)
2026/07/10 21:34:41 Skipping dartanalyzer as it doesn't support the specified file(s)
2026/07/10 21:34:41 Running tools for the specified file(s)...
2026/07/10 21:34:41 Running trivy...
2026-07-10T21:34:41+02:00 [INFO] (codacy-cli-v2/cmd/analyze.go:360) Config file found for tool tool=trivy toolConfigPath=.codacy/tools-configs/trivy.yaml
2026/07/10 21:34:41 Tool failed to run: failed to run Trivy: exit status 1
2026-07-10T21:35:09+02:00 [INFO] (codacy-cli-v2/cli-v2.go:27) Starting Codacy CLI version=1.0.0-main.380.sha.27e119a (27e119a) built at 2026-06-11T09:54:47Z
2026-07-10T21:35:09+02:00 [INFO] (codacy-cli-v2/cmd/root.go:34) Executing CLI command command=analyze full_command=[/Users/Andreas/Library/Caches/Codacy/codacy-cli-v2/1.0.0-main.380.sha.27e119a/codacy-cli-v2 analyze /Users/Andreas/GitHub/thalassa/.vscode/mcp.json --format sarif] args=[/Users/Andreas/GitHub/thalassa/.vscode/mcp.json]
2026/07/10 21:35:09 Running all configured tools...
2026/07/10 21:35:09 Skipping dartanalyzer as it doesn't support the specified file(s)
2026/07/10 21:35:09 Skipping eslint as it doesn't support the specified file(s)
2026/07/10 21:35:09 Skipping lizard as it doesn't support the specified file(s)
2026/07/10 21:35:09 Skipping opengrep as it doesn't support the specified file(s)
2026/07/10 21:35:09 Skipping pmd as it doesn't support the specified file(s)
2026/07/10 21:35:09 Skipping pylint as it doesn't support the specified file(s)
2026/07/10 21:35:09 Skipping revive as it doesn't support the specified file(s)
2026/07/10 21:35:09 Running tools for the specified file(s)...
2026/07/10 21:35:09 Running trivy...
2026-07-10T21:35:09+02:00 [INFO] (codacy-cli-v2/cmd/analyze.go:360) Config file found for tool tool=trivy toolConfigPath=.codacy/tools-configs/trivy.yaml
2026/07/10 21:35:10 Tool failed to run: failed to run Trivy: exit status 1
2026-07-10T21:37:25+02:00 [INFO] (codacy-cli-v2/cli-v2.go:27) Starting Codacy CLI version=1.0.0-main.380.sha.27e119a (27e119a) built at 2026-06-11T09:54:47Z
2026-07-10T21:37:25+02:00 [INFO] (codacy-cli-v2/cmd/root.go:34) Executing CLI command command=analyze full_command=[/Users/Andreas/Library/Caches/Codacy/codacy-cli-v2/1.0.0-main.380.sha.27e119a/codacy-cli-v2 analyze /Users/Andreas/Library/Application Support/Code/User/mcp.json --format sarif] args=[/Users/Andreas/Library/Application Support/Code/User/mcp.json]
2026/07/10 21:37:25 Running all configured tools...
2026/07/10 21:37:25 Skipping opengrep as it doesn't support the specified file(s)
2026/07/10 21:37:25 Skipping pmd as it doesn't support the specified file(s)
2026/07/10 21:37:25 Skipping pylint as it doesn't support the specified file(s)
2026/07/10 21:37:25 Skipping revive as it doesn't support the specified file(s)
2026/07/10 21:37:25 Skipping dartanalyzer as it doesn't support the specified file(s)
2026/07/10 21:37:25 Skipping eslint as it doesn't support the specified file(s)
2026/07/10 21:37:25 Skipping lizard as it doesn't support the specified file(s)
2026/07/10 21:37:25 Running tools for the specified file(s)...
2026/07/10 21:37:25 Running trivy...
2026-07-10T21:37:25+02:00 [INFO] (codacy-cli-v2/cmd/analyze.go:360) Config file found for tool toolConfigPath=.codacy/tools-configs/trivy.yaml tool=trivy
2026/07/10 21:37:26 Tool failed to run: failed to run Trivy: exit status 1
2026-07-10T21:37:31+02:00 [INFO] (codacy-cli-v2/cli-v2.go:27) Starting Codacy CLI version=1.0.0-main.380.sha.27e119a (27e119a) built at 2026-06-11T09:54:47Z
2026-07-10T21:37:31+02:00 [INFO] (codacy-cli-v2/cmd/root.go:34) Executing CLI command args=[/Users/Andreas/GitHub/aither/.vscode/mcp.json] command=analyze full_command=[/Users/Andreas/Library/Caches/Codacy/codacy-cli-v2/1.0.0-main.380.sha.27e119a/codacy-cli-v2 analyze /Users/Andreas/GitHub/aither/.vscode/mcp.json --format sarif]
2026/07/10 21:37:31 Running all configured tools...
2026/07/10 21:37:31 Skipping dartanalyzer as it doesn't support the specified file(s)
2026/07/10 21:37:31 Skipping eslint as it doesn't support the specified file(s)
2026/07/10 21:37:31 Skipping lizard as it doesn't support the specified file(s)
2026/07/10 21:37:31 Skipping opengrep as it doesn't support the specified file(s)
2026/07/10 21:37:31 Skipping pmd as it doesn't support the specified file(s)
2026/07/10 21:37:31 Skipping pylint as it doesn't support the specified file(s)
2026/07/10 21:37:31 Skipping revive as it doesn't support the specified file(s)
2026/07/10 21:37:31 Running tools for the specified file(s)...
2026/07/10 21:37:31 Running trivy...
2026-07-10T21:37:31+02:00 [INFO] (codacy-cli-v2/cmd/analyze.go:360) Config file found for tool tool=trivy toolConfigPath=.codacy/tools-configs/trivy.yaml
2026/07/10 21:37:32 Tool failed to run: failed to run Trivy: exit status 1
2026-07-10T21:37:36+02:00 [INFO] (codacy-cli-v2/cli-v2.go:27) Starting Codacy CLI version=1.0.0-main.380.sha.27e119a (27e119a) built at 2026-06-11T09:54:47Z
2026-07-10T21:37:36+02:00 [INFO] (codacy-cli-v2/cmd/root.go:34) Executing CLI command full_command=[/Users/Andreas/Library/Caches/Codacy/codacy-cli-v2/1.0.0-main.380.sha.27e119a/codacy-cli-v2 analyze /Users/Andreas/GitHub/hemera/.vscode/mcp.json --format sarif] args=[/Users/Andreas/GitHub/hemera/.vscode/mcp.json] command=analyze
2026/07/10 21:37:36 Running all configured tools...
2026/07/10 21:37:36 Skipping lizard as it doesn't support the specified file(s)
2026/07/10 21:37:36 Skipping opengrep as it doesn't support the specified file(s)
2026/07/10 21:37:36 Skipping pmd as it doesn't support the specified file(s)
2026/07/10 21:37:36 Skipping pylint as it doesn't support the specified file(s)
2026/07/10 21:37:36 Skipping revive as it doesn't support the specified file(s)
2026/07/10 21:37:36 Skipping dartanalyzer as it doesn't support the specified file(s)
2026/07/10 21:37:36 Skipping eslint as it doesn't support the specified file(s)
2026/07/10 21:37:36 Running tools for the specified file(s)...
2026/07/10 21:37:36 Running trivy...
2026-07-10T21:37:36+02:00 [INFO] (codacy-cli-v2/cmd/analyze.go:360) Config file found for tool tool=trivy toolConfigPath=.codacy/tools-configs/trivy.yaml
2026/07/10 21:37:36 Tool failed to run: failed to run Trivy: exit status 1
2026-07-10T21:37:42+02:00 [INFO] (codacy-cli-v2/cli-v2.go:27) Starting Codacy CLI version=1.0.0-main.380.sha.27e119a (27e119a) built at 2026-06-11T09:54:47Z
2026-07-10T21:37:42+02:00 [INFO] (codacy-cli-v2/cmd/root.go:34) Executing CLI command command=analyze full_command=[/Users/Andreas/Library/Caches/Codacy/codacy-cli-v2/1.0.0-main.380.sha.27e119a/codacy-cli-v2 analyze /Users/Andreas/GitHub/gaia/.vscode/mcp.json --format sarif] args=[/Users/Andreas/GitHub/gaia/.vscode/mcp.json]
2026/07/10 21:37:42 Running all configured tools...
2026/07/10 21:37:42 Skipping pylint as it doesn't support the specified file(s)
2026/07/10 21:37:42 Skipping revive as it doesn't support the specified file(s)
2026/07/10 21:37:42 Skipping dartanalyzer as it doesn't support the specified file(s)
2026/07/10 21:37:42 Skipping eslint as it doesn't support the specified file(s)
2026/07/10 21:37:42 Skipping lizard as it doesn't support the specified file(s)
2026/07/10 21:37:42 Skipping opengrep as it doesn't support the specified file(s)
2026/07/10 21:37:42 Skipping pmd as it doesn't support the specified file(s)
2026/07/10 21:37:42 Running tools for the specified file(s)...
2026/07/10 21:37:42 Running trivy...
2026-07-10T21:37:42+02:00 [INFO] (codacy-cli-v2/cmd/analyze.go:360) Config file found for tool toolConfigPath=.codacy/tools-configs/trivy.yaml tool=trivy
2026/07/10 21:37:42 Tool failed to run: failed to run Trivy: exit status 1
2026-07-10T21:38:12+02:00 [INFO] (codacy-cli-v2/cli-v2.go:27) Starting Codacy CLI version=1.0.0-main.380.sha.27e119a (27e119a) built at 2026-06-11T09:54:47Z
2026-07-10T21:38:12+02:00 [INFO] (codacy-cli-v2/cmd/root.go:34) Executing CLI command args=[/Users/Andreas/GitHub/thalassa/.vscode/mcp.json] command=analyze full_command=[/Users/Andreas/Library/Caches/Codacy/codacy-cli-v2/1.0.0-main.380.sha.27e119a/codacy-cli-v2 analyze /Users/Andreas/GitHub/thalassa/.vscode/mcp.json --format sarif]
2026/07/10 21:38:12 Running all configured tools...
2026/07/10 21:38:12 Skipping opengrep as it doesn't support the specified file(s)
2026/07/10 21:38:12 Skipping pmd as it doesn't support the specified file(s)
2026/07/10 21:38:12 Skipping pylint as it doesn't support the specified file(s)
2026/07/10 21:38:12 Skipping revive as it doesn't support the specified file(s)
2026/07/10 21:38:12 Skipping dartanalyzer as it doesn't support the specified file(s)
2026/07/10 21:38:12 Skipping eslint as it doesn't support the specified file(s)
2026/07/10 21:38:12 Skipping lizard as it doesn't support the specified file(s)
2026/07/10 21:38:12 Running tools for the specified file(s)...
2026/07/10 21:38:12 Running trivy...
2026-07-10T21:38:12+02:00 [INFO] (codacy-cli-v2/cmd/analyze.go:360) Config file found for tool tool=trivy toolConfigPath=.codacy/tools-configs/trivy.yaml
2026/07/10 21:38:12 Tool failed to run: failed to run Trivy: exit status 1
2026-07-10T21:40:25+02:00 [INFO] (codacy-cli-v2/cli-v2.go:27) Starting Codacy CLI version=1.0.0-main.380.sha.27e119a (27e119a) built at 2026-06-11T09:54:47Z
2026-07-10T21:40:25+02:00 [INFO] (codacy-cli-v2/cmd/root.go:34) Executing CLI command args=[/Users/Andreas/Library/Application Support/Code/User/mcp.json] command=analyze full_command=[/Users/Andreas/Library/Caches/Codacy/codacy-cli-v2/1.0.0-main.380.sha.27e119a/codacy-cli-v2 analyze /Users/Andreas/Library/Application Support/Code/User/mcp.json --format sarif]
2026/07/10 21:40:25 Running all configured tools...
2026/07/10 21:40:25 Skipping eslint as it doesn't support the specified file(s)
2026/07/10 21:40:25 Skipping lizard as it doesn't support the specified file(s)
2026/07/10 21:40:25 Skipping opengrep as it doesn't support the specified file(s)
2026/07/10 21:40:25 Skipping pmd as it doesn't support the specified file(s)
2026/07/10 21:40:25 Skipping pylint as it doesn't support the specified file(s)
2026/07/10 21:40:25 Skipping revive as it doesn't support the specified file(s)
2026/07/10 21:40:25 Skipping dartanalyzer as it doesn't support the specified file(s)
2026/07/10 21:40:25 Running tools for the specified file(s)...
2026/07/10 21:40:25 Running trivy...
2026-07-10T21:40:25+02:00 [INFO] (codacy-cli-v2/cmd/analyze.go:360) Config file found for tool tool=trivy toolConfigPath=.codacy/tools-configs/trivy.yaml
2026/07/10 21:40:26 Tool failed to run: failed to run Trivy: exit status 1
2026-07-10T21:40:32+02:00 [INFO] (codacy-cli-v2/cli-v2.go:27) Starting Codacy CLI version=1.0.0-main.380.sha.27e119a (27e119a) built at 2026-06-11T09:54:47Z
2026-07-10T21:40:33+02:00 [INFO] (codacy-cli-v2/cmd/root.go:34) Executing CLI command full_command=[/Users/Andreas/Library/Caches/Codacy/codacy-cli-v2/1.0.0-main.380.sha.27e119a/codacy-cli-v2 analyze /Users/Andreas/GitHub/aither/.vscode/mcp.json --format sarif] args=[/Users/Andreas/GitHub/aither/.vscode/mcp.json] command=analyze
2026/07/10 21:40:33 Running all configured tools...
2026/07/10 21:40:33 Skipping dartanalyzer as it doesn't support the specified file(s)
2026/07/10 21:40:33 Skipping eslint as it doesn't support the specified file(s)
2026/07/10 21:40:33 Skipping lizard as it doesn't support the specified file(s)
2026/07/10 21:40:33 Skipping opengrep as it doesn't support the specified file(s)
2026/07/10 21:40:33 Skipping pmd as it doesn't support the specified file(s)
2026/07/10 21:40:33 Skipping pylint as it doesn't support the specified file(s)
2026/07/10 21:40:33 Skipping revive as it doesn't support the specified file(s)
2026/07/10 21:40:33 Running tools for the specified file(s)...
2026/07/10 21:40:33 Running trivy...
2026-07-10T21:40:33+02:00 [INFO] (codacy-cli-v2/cmd/analyze.go:360) Config file found for tool toolConfigPath=.codacy/tools-configs/trivy.yaml tool=trivy
2026/07/10 21:40:33 Tool failed to run: failed to run Trivy: exit status 1
2026-07-10T21:40:37+02:00 [INFO] (codacy-cli-v2/cli-v2.go:27) Starting Codacy CLI version=1.0.0-main.380.sha.27e119a (27e119a) built at 2026-06-11T09:54:47Z
2026-07-10T21:40:37+02:00 [INFO] (codacy-cli-v2/cmd/root.go:34) Executing CLI command command=analyze full_command=[/Users/Andreas/Library/Caches/Codacy/codacy-cli-v2/1.0.0-main.380.sha.27e119a/codacy-cli-v2 analyze /Users/Andreas/GitHub/hemera/.vscode/mcp.json --format sarif] args=[/Users/Andreas/GitHub/hemera/.vscode/mcp.json]
2026/07/10 21:40:37 Running all configured tools...
2026/07/10 21:40:37 Skipping eslint as it doesn't support the specified file(s)
2026/07/10 21:40:37 Skipping lizard as it doesn't support the specified file(s)
2026/07/10 21:40:37 Skipping opengrep as it doesn't support the specified file(s)
2026/07/10 21:40:37 Skipping pmd as it doesn't support the specified file(s)
2026/07/10 21:40:37 Skipping pylint as it doesn't support the specified file(s)
2026/07/10 21:40:37 Skipping revive as it doesn't support the specified file(s)
2026/07/10 21:40:37 Skipping dartanalyzer as it doesn't support the specified file(s)
2026/07/10 21:40:37 Running tools for the specified file(s)...
2026/07/10 21:40:37 Running trivy...
2026-07-10T21:40:37+02:00 [INFO] (codacy-cli-v2/cmd/analyze.go:360) Config file found for tool toolConfigPath=.codacy/tools-configs/trivy.yaml tool=trivy
2026/07/10 21:40:38 Tool failed to run: failed to run Trivy: exit status 1
2026-07-10T21:40:42+02:00 [INFO] (codacy-cli-v2/cli-v2.go:27) Starting Codacy CLI version=1.0.0-main.380.sha.27e119a (27e119a) built at 2026-06-11T09:54:47Z
2026-07-10T21:40:42+02:00 [INFO] (codacy-cli-v2/cmd/root.go:34) Executing CLI command command=analyze full_command=[/Users/Andreas/Library/Caches/Codacy/codacy-cli-v2/1.0.0-main.380.sha.27e119a/codacy-cli-v2 analyze /Users/Andreas/GitHub/gaia/.vscode/mcp.json --format sarif] args=[/Users/Andreas/GitHub/gaia/.vscode/mcp.json]
2026/07/10 21:40:42 Running all configured tools...
2026/07/10 21:40:42 Skipping opengrep as it doesn't support the specified file(s)
2026/07/10 21:40:42 Skipping pmd as it doesn't support the specified file(s)
2026/07/10 21:40:42 Skipping pylint as it doesn't support the specified file(s)
2026/07/10 21:40:42 Skipping revive as it doesn't support the specified file(s)
2026/07/10 21:40:42 Skipping dartanalyzer as it doesn't support the specified file(s)
2026/07/10 21:40:42 Skipping eslint as it doesn't support the specified file(s)
2026/07/10 21:40:42 Skipping lizard as it doesn't support the specified file(s)
2026/07/10 21:40:42 Running tools for the specified file(s)...
2026/07/10 21:40:42 Running trivy...
2026-07-10T21:40:42+02:00 [INFO] (codacy-cli-v2/cmd/analyze.go:360) Config file found for tool toolConfigPath=.codacy/tools-configs/trivy.yaml tool=trivy
2026/07/10 21:40:42 Tool failed to run: failed to run Trivy: exit status 1
2026-07-10T21:41:12+02:00 [INFO] (codacy-cli-v2/cli-v2.go:27) Starting Codacy CLI version=1.0.0-main.380.sha.27e119a (27e119a) built at 2026-06-11T09:54:47Z
2026-07-10T21:41:12+02:00 [INFO] (codacy-cli-v2/cmd/root.go:34) Executing CLI command command=analyze full_command=[/Users/Andreas/Library/Caches/Codacy/codacy-cli-v2/1.0.0-main.380.sha.27e119a/codacy-cli-v2 analyze /Users/Andreas/GitHub/thalassa/.vscode/mcp.json --format sarif] args=[/Users/Andreas/GitHub/thalassa/.vscode/mcp.json]
2026/07/10 21:41:12 Running all configured tools...
2026/07/10 21:41:12 Skipping pmd as it doesn't support the specified file(s)
2026/07/10 21:41:12 Skipping pylint as it doesn't support the specified file(s)
2026/07/10 21:41:12 Skipping revive as it doesn't support the specified file(s)
2026/07/10 21:41:12 Skipping dartanalyzer as it doesn't support the specified file(s)
2026/07/10 21:41:12 Skipping eslint as it doesn't support the specified file(s)
2026/07/10 21:41:12 Skipping lizard as it doesn't support the specified file(s)
2026/07/10 21:41:12 Skipping opengrep as it doesn't support the specified file(s)
2026/07/10 21:41:12 Running tools for the specified file(s)...
2026/07/10 21:41:12 Running trivy...
2026-07-10T21:41:12+02:00 [INFO] (codacy-cli-v2/cmd/analyze.go:360) Config file found for tool tool=trivy toolConfigPath=.codacy/tools-configs/trivy.yaml
2026/07/10 21:41:13 Tool failed to run: failed to run Trivy: exit status 1
2026-07-10T21:41:53+02:00 [INFO] (codacy-cli-v2/cli-v2.go:27) Starting Codacy CLI version=1.0.0-main.380.sha.27e119a (27e119a) built at 2026-06-11T09:54:47Z
2026-07-10T21:41:53+02:00 [INFO] (codacy-cli-v2/cmd/root.go:34) Executing CLI command command=analyze full_command=[/Users/Andreas/Library/Caches/Codacy/codacy-cli-v2/1.0.0-main.380.sha.27e119a/codacy-cli-v2 analyze /Users/Andreas/Library/Application Support/Code/User/prompts/push.prompt.md --format sarif] args=[/Users/Andreas/Library/Application Support/Code/User/prompts/push.prompt.md]
2026/07/10 21:41:53 Running all configured tools...
2026/07/10 21:41:53 Skipping eslint as it doesn't support the specified file(s)
2026/07/10 21:41:53 Skipping lizard as it doesn't support the specified file(s)
2026/07/10 21:41:53 Skipping opengrep as it doesn't support the specified file(s)
2026/07/10 21:41:53 Skipping pmd as it doesn't support the specified file(s)
2026/07/10 21:41:53 Skipping pylint as it doesn't support the specified file(s)
2026/07/10 21:41:53 Skipping revive as it doesn't support the specified file(s)
2026/07/10 21:41:53 Skipping trivy as it doesn't support the specified file(s)
2026/07/10 21:41:53 Skipping dartanalyzer as it doesn't support the specified file(s)
2026/07/10 21:41:53 No tools support the specified file(s). Skipping analysis.
2026-07-10T21:43:26+02:00 [INFO] (codacy-cli-v2/cli-v2.go:27) Starting Codacy CLI version=1.0.0-main.380.sha.27e119a (27e119a) built at 2026-06-11T09:54:47Z
2026-07-10T21:43:26+02:00 [INFO] (codacy-cli-v2/cmd/root.go:34) Executing CLI command full_command=[/Users/Andreas/Library/Caches/Codacy/codacy-cli-v2/1.0.0-main.380.sha.27e119a/codacy-cli-v2 analyze /Users/Andreas/Library/Application Support/Code/User/mcp.json --format sarif] args=[/Users/Andreas/Library/Application Support/Code/User/mcp.json] command=analyze
2026/07/10 21:43:26 Running all configured tools...
2026/07/10 21:43:26 Skipping lizard as it doesn't support the specified file(s)
2026/07/10 21:43:26 Skipping opengrep as it doesn't support the specified file(s)
2026/07/10 21:43:26 Skipping pmd as it doesn't support the specified file(s)
2026/07/10 21:43:26 Skipping pylint as it doesn't support the specified file(s)
2026/07/10 21:43:26 Skipping revive as it doesn't support the specified file(s)
2026/07/10 21:43:26 Skipping dartanalyzer as it doesn't support the specified file(s)
2026/07/10 21:43:26 Skipping eslint as it doesn't support the specified file(s)
2026/07/10 21:43:26 Running tools for the specified file(s)...
2026/07/10 21:43:26 Running trivy...
2026-07-10T21:43:26+02:00 [INFO] (codacy-cli-v2/cmd/analyze.go:360) Config file found for tool toolConfigPath=.codacy/tools-configs/trivy.yaml tool=trivy
2026/07/10 21:43:27 Tool failed to run: failed to run Trivy: exit status 1
2026-07-10T21:43:33+02:00 [INFO] (codacy-cli-v2/cli-v2.go:27) Starting Codacy CLI version=1.0.0-main.380.sha.27e119a (27e119a) built at 2026-06-11T09:54:47Z
2026-07-10T21:43:33+02:00 [INFO] (codacy-cli-v2/cmd/root.go:34) Executing CLI command args=[/Users/Andreas/GitHub/aither/.vscode/mcp.json] command=analyze full_command=[/Users/Andreas/Library/Caches/Codacy/codacy-cli-v2/1.0.0-main.380.sha.27e119a/codacy-cli-v2 analyze /Users/Andreas/GitHub/aither/.vscode/mcp.json --format sarif]
2026/07/10 21:43:33 Running all configured tools...
2026/07/10 21:43:33 Skipping dartanalyzer as it doesn't support the specified file(s)
2026/07/10 21:43:33 Skipping eslint as it doesn't support the specified file(s)
2026/07/10 21:43:33 Skipping lizard as it doesn't support the specified file(s)
2026/07/10 21:43:33 Skipping opengrep as it doesn't support the specified file(s)
2026/07/10 21:43:33 Skipping pmd as it doesn't support the specified file(s)
2026/07/10 21:43:33 Skipping pylint as it doesn't support the specified file(s)
2026/07/10 21:43:33 Skipping revive as it doesn't support the specified file(s)
2026/07/10 21:43:33 Running tools for the specified file(s)...
2026/07/10 21:43:33 Running trivy...
2026-07-10T21:43:33+02:00 [INFO] (codacy-cli-v2/cmd/analyze.go:360) Config file found for tool tool=trivy toolConfigPath=.codacy/tools-configs/trivy.yaml
2026/07/10 21:43:33 Tool failed to run: failed to run Trivy: exit status 1
2026-07-10T21:43:39+02:00 [INFO] (codacy-cli-v2/cli-v2.go:27) Starting Codacy CLI version=1.0.0-main.380.sha.27e119a (27e119a) built at 2026-06-11T09:54:47Z
2026-07-10T21:43:39+02:00 [INFO] (codacy-cli-v2/cmd/root.go:34) Executing CLI command full_command=[/Users/Andreas/Library/Caches/Codacy/codacy-cli-v2/1.0.0-main.380.sha.27e119a/codacy-cli-v2 analyze /Users/Andreas/GitHub/hemera/.vscode/mcp.json --format sarif] args=[/Users/Andreas/GitHub/hemera/.vscode/mcp.json] command=analyze
2026/07/10 21:43:39 Running all configured tools...
2026/07/10 21:43:39 Skipping dartanalyzer as it doesn't support the specified file(s)
2026/07/10 21:43:39 Skipping eslint as it doesn't support the specified file(s)
2026/07/10 21:43:39 Skipping lizard as it doesn't support the specified file(s)
2026/07/10 21:43:39 Skipping opengrep as it doesn't support the specified file(s)
2026/07/10 21:43:39 Skipping pmd as it doesn't support the specified file(s)
2026/07/10 21:43:39 Skipping pylint as it doesn't support the specified file(s)
2026/07/10 21:43:39 Skipping revive as it doesn't support the specified file(s)
2026/07/10 21:43:39 Running tools for the specified file(s)...
2026/07/10 21:43:39 Running trivy...
2026-07-10T21:43:39+02:00 [INFO] (codacy-cli-v2/cmd/analyze.go:360) Config file found for tool tool=trivy toolConfigPath=.codacy/tools-configs/trivy.yaml
2026/07/10 21:43:39 Tool failed to run: failed to run Trivy: exit status 1
2026-07-10T21:43:44+02:00 [INFO] (codacy-cli-v2/cli-v2.go:27) Starting Codacy CLI version=1.0.0-main.380.sha.27e119a (27e119a) built at 2026-06-11T09:54:47Z
2026-07-10T21:43:44+02:00 [INFO] (codacy-cli-v2/cmd/root.go:34) Executing CLI command command=analyze full_command=[/Users/Andreas/Library/Caches/Codacy/codacy-cli-v2/1.0.0-main.380.sha.27e119a/codacy-cli-v2 analyze /Users/Andreas/GitHub/gaia/.vscode/mcp.json --format sarif] args=[/Users/Andreas/GitHub/gaia/.vscode/mcp.json]
2026/07/10 21:43:44 Running all configured tools...
2026/07/10 21:43:44 Skipping pmd as it doesn't support the specified file(s)
2026/07/10 21:43:44 Skipping pylint as it doesn't support the specified file(s)
2026/07/10 21:43:44 Skipping revive as it doesn't support the specified file(s)
2026/07/10 21:43:44 Skipping dartanalyzer as it doesn't support the specified file(s)
2026/07/10 21:43:44 Skipping eslint as it doesn't support the specified file(s)
2026/07/10 21:43:44 Skipping lizard as it doesn't support the specified file(s)
2026/07/10 21:43:44 Skipping opengrep as it doesn't support the specified file(s)
2026/07/10 21:43:44 Running tools for the specified file(s)...
2026/07/10 21:43:44 Running trivy...
2026-07-10T21:43:44+02:00 [INFO] (codacy-cli-v2/cmd/analyze.go:360) Config file found for tool tool=trivy toolConfigPath=.codacy/tools-configs/trivy.yaml
2026/07/10 21:43:44 Tool failed to run: failed to run Trivy: exit status 1
2026-07-10T21:44:13+02:00 [INFO] (codacy-cli-v2/cli-v2.go:27) Starting Codacy CLI version=1.0.0-main.380.sha.27e119a (27e119a) built at 2026-06-11T09:54:47Z
2026-07-10T21:44:13+02:00 [INFO] (codacy-cli-v2/cmd/root.go:34) Executing CLI command command=analyze full_command=[/Users/Andreas/Library/Caches/Codacy/codacy-cli-v2/1.0.0-main.380.sha.27e119a/codacy-cli-v2 analyze /Users/Andreas/GitHub/thalassa/.vscode/mcp.json --format sarif] args=[/Users/Andreas/GitHub/thalassa/.vscode/mcp.json]
2026/07/10 21:44:13 Running all configured tools...
2026/07/10 21:44:13 Skipping dartanalyzer as it doesn't support the specified file(s)
2026/07/10 21:44:13 Skipping eslint as it doesn't support the specified file(s)
2026/07/10 21:44:13 Skipping lizard as it doesn't support the specified file(s)
2026/07/10 21:44:13 Skipping opengrep as it doesn't support the specified file(s)
2026/07/10 21:44:13 Skipping pmd as it doesn't support the specified file(s)
2026/07/10 21:44:13 Skipping pylint as it doesn't support the specified file(s)
2026/07/10 21:44:13 Skipping revive as it doesn't support the specified file(s)
2026/07/10 21:44:13 Running tools for the specified file(s)...
2026/07/10 21:44:13 Running trivy...
2026-07-10T21:44:13+02:00 [INFO] (codacy-cli-v2/cmd/analyze.go:360) Config file found for tool tool=trivy toolConfigPath=.codacy/tools-configs/trivy.yaml
2026/07/10 21:44:14 Tool failed to run: failed to run Trivy: exit status 1
2026-07-10T21:46:34+02:00 [INFO] (codacy-cli-v2/cli-v2.go:27) Starting Codacy CLI version=1.0.0-main.380.sha.27e119a (27e119a) built at 2026-06-11T09:54:47Z
2026-07-10T21:46:34+02:00 [INFO] (codacy-cli-v2/cmd/root.go:34) Executing CLI command full_command=[/Users/Andreas/Library/Caches/Codacy/codacy-cli-v2/1.0.0-main.380.sha.27e119a/codacy-cli-v2 analyze /Users/Andreas/GitHub/aither/.vscode/mcp.json --format sarif] args=[/Users/Andreas/GitHub/aither/.vscode/mcp.json] command=analyze
2026/07/10 21:46:34 Running all configured tools...
2026/07/10 21:46:34 Skipping pylint as it doesn't support the specified file(s)
2026/07/10 21:46:34 Skipping revive as it doesn't support the specified file(s)
2026/07/10 21:46:34 Skipping dartanalyzer as it doesn't support the specified file(s)
2026/07/10 21:46:34 Skipping eslint as it doesn't support the specified file(s)
2026/07/10 21:46:34 Skipping lizard as it doesn't support the specified file(s)
2026/07/10 21:46:34 Skipping opengrep as it doesn't support the specified file(s)
2026/07/10 21:46:34 Skipping pmd as it doesn't support the specified file(s)
2026/07/10 21:46:34 Running tools for the specified file(s)...
2026/07/10 21:46:34 Running trivy...
2026-07-10T21:46:34+02:00 [INFO] (codacy-cli-v2/cmd/analyze.go:360) Config file found for tool toolConfigPath=.codacy/tools-configs/trivy.yaml tool=trivy
2026/07/10 21:46:35 Tool failed to run: failed to run Trivy: exit status 1
2026-07-10T21:46:39+02:00 [INFO] (codacy-cli-v2/cli-v2.go:27) Starting Codacy CLI version=1.0.0-main.380.sha.27e119a (27e119a) built at 2026-06-11T09:54:47Z
2026-07-10T21:46:39+02:00 [INFO] (codacy-cli-v2/cmd/root.go:34) Executing CLI command args=[/Users/Andreas/GitHub/hemera/.vscode/mcp.json] command=analyze full_command=[/Users/Andreas/Library/Caches/Codacy/codacy-cli-v2/1.0.0-main.380.sha.27e119a/codacy-cli-v2 analyze /Users/Andreas/GitHub/hemera/.vscode/mcp.json --format sarif]
2026/07/10 21:46:39 Running all configured tools...
2026/07/10 21:46:39 Skipping pylint as it doesn't support the specified file(s)
2026/07/10 21:46:39 Skipping revive as it doesn't support the specified file(s)
2026/07/10 21:46:39 Skipping dartanalyzer as it doesn't support the specified file(s)
2026/07/10 21:46:39 Skipping eslint as it doesn't support the specified file(s)
2026/07/10 21:46:39 Skipping lizard as it doesn't support the specified file(s)
2026/07/10 21:46:39 Skipping opengrep as it doesn't support the specified file(s)
2026/07/10 21:46:39 Skipping pmd as it doesn't support the specified file(s)
2026/07/10 21:46:39 Running tools for the specified file(s)...
2026/07/10 21:46:39 Running trivy...
2026-07-10T21:46:39+02:00 [INFO] (codacy-cli-v2/cmd/analyze.go:360) Config file found for tool tool=trivy toolConfigPath=.codacy/tools-configs/trivy.yaml
2026/07/10 21:46:39 Tool failed to run: failed to run Trivy: exit status 1
2026-07-10T21:46:45+02:00 [INFO] (codacy-cli-v2/cli-v2.go:27) Starting Codacy CLI version=1.0.0-main.380.sha.27e119a (27e119a) built at 2026-06-11T09:54:47Z
2026-07-10T21:46:45+02:00 [INFO] (codacy-cli-v2/cmd/root.go:34) Executing CLI command args=[/Users/Andreas/GitHub/gaia/.vscode/mcp.json] command=analyze full_command=[/Users/Andreas/Library/Caches/Codacy/codacy-cli-v2/1.0.0-main.380.sha.27e119a/codacy-cli-v2 analyze /Users/Andreas/GitHub/gaia/.vscode/mcp.json --format sarif]
2026/07/10 21:46:45 Running all configured tools...
2026/07/10 21:46:45 Skipping opengrep as it doesn't support the specified file(s)
2026/07/10 21:46:45 Skipping pmd as it doesn't support the specified file(s)
2026/07/10 21:46:45 Skipping pylint as it doesn't support the specified file(s)
2026/07/10 21:46:45 Skipping revive as it doesn't support the specified file(s)
2026/07/10 21:46:45 Skipping dartanalyzer as it doesn't support the specified file(s)
2026/07/10 21:46:45 Skipping eslint as it doesn't support the specified file(s)
2026/07/10 21:46:45 Skipping lizard as it doesn't support the specified file(s)
2026/07/10 21:46:45 Running tools for the specified file(s)...
2026/07/10 21:46:45 Running trivy...
2026-07-10T21:46:45+02:00 [INFO] (codacy-cli-v2/cmd/analyze.go:360) Config file found for tool toolConfigPath=.codacy/tools-configs/trivy.yaml tool=trivy
2026/07/10 21:46:45 Tool failed to run: failed to run Trivy: exit status 1
2026-07-10T21:47:02+02:00 [INFO] (codacy-cli-v2/cli-v2.go:27) Starting Codacy CLI version=1.0.0-main.380.sha.27e119a (27e119a) built at 2026-06-11T09:54:47Z
2026-07-10T21:47:02+02:00 [INFO] (codacy-cli-v2/cmd/root.go:34) Executing CLI command command=analyze full_command=[/Users/Andreas/Library/Caches/Codacy/codacy-cli-v2/1.0.0-main.380.sha.27e119a/codacy-cli-v2 analyze /Users/Andreas/Library/Application Support/Code/User/prompts/push.prompt.md --format sarif] args=[/Users/Andreas/Library/Application Support/Code/User/prompts/push.prompt.md]
2026/07/10 21:47:02 Running all configured tools...
2026/07/10 21:47:02 Skipping eslint as it doesn't support the specified file(s)
2026/07/10 21:47:02 Skipping lizard as it doesn't support the specified file(s)
2026/07/10 21:47:02 Skipping opengrep as it doesn't support the specified file(s)
2026/07/10 21:47:02 Skipping pmd as it doesn't support the specified file(s)
2026/07/10 21:47:02 Skipping pylint as it doesn't support the specified file(s)
2026/07/10 21:47:02 Skipping revive as it doesn't support the specified file(s)
2026/07/10 21:47:02 Skipping trivy as it doesn't support the specified file(s)
2026/07/10 21:47:02 Skipping dartanalyzer as it doesn't support the specified file(s)
2026/07/10 21:47:02 No tools support the specified file(s). Skipping analysis.
2026-07-10T21:47:14+02:00 [INFO] (codacy-cli-v2/cli-v2.go:27) Starting Codacy CLI version=1.0.0-main.380.sha.27e119a (27e119a) built at 2026-06-11T09:54:47Z
2026-07-10T21:47:14+02:00 [INFO] (codacy-cli-v2/cmd/root.go:34) Executing CLI command full_command=[/Users/Andreas/Library/Caches/Codacy/codacy-cli-v2/1.0.0-main.380.sha.27e119a/codacy-cli-v2 analyze /Users/Andreas/GitHub/thalassa/.vscode/mcp.json --format sarif] args=[/Users/Andreas/GitHub/thalassa/.vscode/mcp.json] command=analyze
2026/07/10 21:47:14 Running all configured tools...
2026/07/10 21:47:14 Skipping dartanalyzer as it doesn't support the specified file(s)
2026/07/10 21:47:14 Skipping eslint as it doesn't support the specified file(s)
2026/07/10 21:47:14 Skipping lizard as it doesn't support the specified file(s)
2026/07/10 21:47:14 Skipping opengrep as it doesn't support the specified file(s)
2026/07/10 21:47:14 Skipping pmd as it doesn't support the specified file(s)
2026/07/10 21:47:14 Skipping pylint as it doesn't support the specified file(s)
2026/07/10 21:47:14 Skipping revive as it doesn't support the specified file(s)
2026/07/10 21:47:14 Running tools for the specified file(s)...
2026/07/10 21:47:14 Running trivy...
2026-07-10T21:47:14+02:00 [INFO] (codacy-cli-v2/cmd/analyze.go:360) Config file found for tool tool=trivy toolConfigPath=.codacy/tools-configs/trivy.yaml
2026/07/10 21:47:15 Tool failed to run: failed to run Trivy: exit status 1
2026-07-10T21:50:29+02:00 [INFO] (codacy-cli-v2/cli-v2.go:27) Starting Codacy CLI version=1.0.0-main.380.sha.27e119a (27e119a) built at 2026-06-11T09:54:47Z
2026-07-10T21:50:29+02:00 [INFO] (codacy-cli-v2/cmd/root.go:34) Executing CLI command command=analyze full_command=[/Users/Andreas/Library/Caches/Codacy/codacy-cli-v2/1.0.0-main.380.sha.27e119a/codacy-cli-v2 analyze /Users/Andreas/GitHub/gaia/.vscode/mcp.json --format sarif] args=[/Users/Andreas/GitHub/gaia/.vscode/mcp.json]
2026/07/10 21:50:29 Running all configured tools...
2026/07/10 21:50:29 Skipping opengrep as it doesn't support the specified file(s)
2026/07/10 21:50:29 Skipping pmd as it doesn't support the specified file(s)
2026/07/10 21:50:29 Skipping pylint as it doesn't support the specified file(s)
2026/07/10 21:50:29 Skipping revive as it doesn't support the specified file(s)
2026/07/10 21:50:29 Skipping dartanalyzer as it doesn't support the specified file(s)
2026/07/10 21:50:29 Skipping eslint as it doesn't support the specified file(s)
2026/07/10 21:50:29 Skipping lizard as it doesn't support the specified file(s)
2026/07/10 21:50:29 Running tools for the specified file(s)...
2026/07/10 21:50:29 Running trivy...
2026-07-10T21:50:29+02:00 [INFO] (codacy-cli-v2/cmd/analyze.go:360) Config file found for tool tool=trivy toolConfigPath=.codacy/tools-configs/trivy.yaml
2026/07/10 21:50:30 Tool failed to run: failed to run Trivy: exit status 1
2026-07-10T21:50:36+02:00 [INFO] (codacy-cli-v2/cli-v2.go:27) Starting Codacy CLI version=1.0.0-main.380.sha.27e119a (27e119a) built at 2026-06-11T09:54:47Z
2026-07-10T21:50:36+02:00 [INFO] (codacy-cli-v2/cmd/root.go:34) Executing CLI command command=analyze full_command=[/Users/Andreas/Library/Caches/Codacy/codacy-cli-v2/1.0.0-main.380.sha.27e119a/codacy-cli-v2 analyze /Users/Andreas/GitHub/hemera/.vscode/mcp.json --format sarif] args=[/Users/Andreas/GitHub/hemera/.vscode/mcp.json]
2026/07/10 21:50:36 Running all configured tools...
2026/07/10 21:50:36 Skipping revive as it doesn't support the specified file(s)
2026/07/10 21:50:36 Skipping dartanalyzer as it doesn't support the specified file(s)
2026/07/10 21:50:36 Skipping eslint as it doesn't support the specified file(s)
2026/07/10 21:50:36 Skipping lizard as it doesn't support the specified file(s)
2026/07/10 21:50:36 Skipping opengrep as it doesn't support the specified file(s)
2026/07/10 21:50:36 Skipping pmd as it doesn't support the specified file(s)
2026/07/10 21:50:36 Skipping pylint as it doesn't support the specified file(s)
2026/07/10 21:50:36 Running tools for the specified file(s)...
2026/07/10 21:50:36 Running trivy...
2026-07-10T21:50:36+02:00 [INFO] (codacy-cli-v2/cmd/analyze.go:360) Config file found for tool toolConfigPath=.codacy/tools-configs/trivy.yaml tool=trivy
2026/07/10 21:50:36 Tool failed to run: failed to run Trivy: exit status 1
2026-07-10T21:51:45+02:00 [INFO] (codacy-cli-v2/cli-v2.go:27) Starting Codacy CLI version=1.0.0-main.380.sha.27e119a (27e119a) built at 2026-06-11T09:54:47Z
2026-07-10T21:51:45+02:00 [INFO] (codacy-cli-v2/cmd/root.go:34) Executing CLI command args=[/Users/Andreas/GitHub/thalassa/.vscode/mcp.json] command=analyze full_command=[/Users/Andreas/Library/Caches/Codacy/codacy-cli-v2/1.0.0-main.380.sha.27e119a/codacy-cli-v2 analyze /Users/Andreas/GitHub/thalassa/.vscode/mcp.json --format sarif]
2026/07/10 21:51:45 Running all configured tools...
2026/07/10 21:51:45 Skipping dartanalyzer as it doesn't support the specified file(s)
2026/07/10 21:51:45 Skipping eslint as it doesn't support the specified file(s)
2026/07/10 21:51:45 Skipping lizard as it doesn't support the specified file(s)
2026/07/10 21:51:45 Skipping opengrep as it doesn't support the specified file(s)
2026/07/10 21:51:45 Skipping pmd as it doesn't support the specified file(s)
2026/07/10 21:51:45 Skipping pylint as it doesn't support the specified file(s)
2026/07/10 21:51:45 Skipping revive as it doesn't support the specified file(s)
2026/07/10 21:51:45 Running tools for the specified file(s)...
2026/07/10 21:51:45 Running trivy...
2026-07-10T21:51:45+02:00 [INFO] (codacy-cli-v2/cmd/analyze.go:360) Config file found for tool tool=trivy toolConfigPath=.codacy/tools-configs/trivy.yaml
2026/07/10 21:51:45 Tool failed to run: failed to run Trivy: exit status 1
2026-07-10T21:54:30+02:00 [INFO] (codacy-cli-v2/cli-v2.go:27) Starting Codacy CLI version=1.0.0-main.380.sha.27e119a (27e119a) built at 2026-06-11T09:54:47Z
2026-07-10T21:54:30+02:00 [INFO] (codacy-cli-v2/cmd/root.go:34) Executing CLI command args=[/Users/Andreas/GitHub/gaia/.vscode/mcp.json] command=analyze full_command=[/Users/Andreas/Library/Caches/Codacy/codacy-cli-v2/1.0.0-main.380.sha.27e119a/codacy-cli-v2 analyze /Users/Andreas/GitHub/gaia/.vscode/mcp.json --format sarif]
2026/07/10 21:54:30 Running all configured tools...
2026/07/10 21:54:30 Skipping opengrep as it doesn't support the specified file(s)
2026/07/10 21:54:30 Skipping pmd as it doesn't support the specified file(s)
2026/07/10 21:54:30 Skipping pylint as it doesn't support the specified file(s)
2026/07/10 21:54:30 Skipping revive as it doesn't support the specified file(s)
2026/07/10 21:54:30 Skipping dartanalyzer as it doesn't support the specified file(s)
2026/07/10 21:54:30 Skipping eslint as it doesn't support the specified file(s)
2026/07/10 21:54:30 Skipping lizard as it doesn't support the specified file(s)
2026/07/10 21:54:30 Running tools for the specified file(s)...
2026/07/10 21:54:30 Running trivy...
2026-07-10T21:54:30+02:00 [INFO] (codacy-cli-v2/cmd/analyze.go:360) Config file found for tool toolConfigPath=.codacy/tools-configs/trivy.yaml tool=trivy
2026/07/10 21:54:31 Tool failed to run: failed to run Trivy: exit status 1
2026-07-10T21:54:50+02:00 [INFO] (codacy-cli-v2/cli-v2.go:27) Starting Codacy CLI version=1.0.0-main.380.sha.27e119a (27e119a) built at 2026-06-11T09:54:47Z
2026-07-10T21:54:50+02:00 [INFO] (codacy-cli-v2/cmd/root.go:34) Executing CLI command command=analyze full_command=[/Users/Andreas/Library/Caches/Codacy/codacy-cli-v2/1.0.0-main.380.sha.27e119a/codacy-cli-v2 analyze /Users/Andreas/GitHub/aither/.vscode/mcp.json --format sarif] args=[/Users/Andreas/GitHub/aither/.vscode/mcp.json]
2026/07/10 21:54:50 Running all configured tools...
2026/07/10 21:54:50 Skipping opengrep as it doesn't support the specified file(s)
2026/07/10 21:54:50 Skipping pmd as it doesn't support the specified file(s)
2026/07/10 21:54:50 Skipping pylint as it doesn't support the specified file(s)
2026/07/10 21:54:50 Skipping revive as it doesn't support the specified file(s)
2026/07/10 21:54:50 Skipping dartanalyzer as it doesn't support the specified file(s)
2026/07/10 21:54:50 Skipping eslint as it doesn't support the specified file(s)
2026/07/10 21:54:50 Skipping lizard as it doesn't support the specified file(s)
2026/07/10 21:54:50 Running tools for the specified file(s)...
2026/07/10 21:54:50 Running trivy...
2026-07-10T21:54:50+02:00 [INFO] (codacy-cli-v2/cmd/analyze.go:360) Config file found for tool tool=trivy toolConfigPath=.codacy/tools-configs/trivy.yaml
2026/07/10 21:54:51 Tool failed to run: failed to run Trivy: exit status 1
2026-07-10T21:55:09+02:00 [INFO] (codacy-cli-v2/cli-v2.go:27) Starting Codacy CLI version=1.0.0-main.380.sha.27e119a (27e119a) built at 2026-06-11T09:54:47Z
2026-07-10T21:55:09+02:00 [INFO] (codacy-cli-v2/cmd/root.go:34) Executing CLI command full_command=[/Users/Andreas/Library/Caches/Codacy/codacy-cli-v2/1.0.0-main.380.sha.27e119a/codacy-cli-v2 analyze /Users/Andreas/GitHub/thalassa/.vscode/mcp.json --format sarif] args=[/Users/Andreas/GitHub/thalassa/.vscode/mcp.json] command=analyze
2026/07/10 21:55:09 Running all configured tools...
2026/07/10 21:55:09 Skipping lizard as it doesn't support the specified file(s)
2026/07/10 21:55:09 Skipping opengrep as it doesn't support the specified file(s)
2026/07/10 21:55:09 Skipping pmd as it doesn't support the specified file(s)
2026/07/10 21:55:09 Skipping pylint as it doesn't support the specified file(s)
2026/07/10 21:55:09 Skipping revive as it doesn't support the specified file(s)
2026/07/10 21:55:09 Skipping dartanalyzer as it doesn't support the specified file(s)
2026/07/10 21:55:09 Skipping eslint as it doesn't support the specified file(s)
2026/07/10 21:55:09 Running tools for the specified file(s)...
2026/07/10 21:55:09 Running trivy...
2026-07-10T21:55:09+02:00 [INFO] (codacy-cli-v2/cmd/analyze.go:360) Config file found for tool tool=trivy toolConfigPath=.codacy/tools-configs/trivy.yaml
2026/07/10 21:55:10 Tool failed to run: failed to run Trivy: exit status 1
2026-07-10T21:58:17+02:00 [INFO] (codacy-cli-v2/cli-v2.go:27) Starting Codacy CLI version=1.0.0-main.380.sha.27e119a (27e119a) built at 2026-06-11T09:54:47Z
2026-07-10T21:58:17+02:00 [INFO] (codacy-cli-v2/cmd/root.go:34) Executing CLI command full_command=[/Users/Andreas/Library/Caches/Codacy/codacy-cli-v2/1.0.0-main.380.sha.27e119a/codacy-cli-v2 analyze /Users/Andreas/GitHub/hemera/.vscode/mcp.json --format sarif] args=[/Users/Andreas/GitHub/hemera/.vscode/mcp.json] command=analyze
2026/07/10 21:58:17 Running all configured tools...
2026/07/10 21:58:17 Skipping dartanalyzer as it doesn't support the specified file(s)
2026/07/10 21:58:17 Skipping eslint as it doesn't support the specified file(s)
2026/07/10 21:58:17 Skipping lizard as it doesn't support the specified file(s)
2026/07/10 21:58:17 Skipping opengrep as it doesn't support the specified file(s)
2026/07/10 21:58:17 Skipping pmd as it doesn't support the specified file(s)
2026/07/10 21:58:17 Skipping pylint as it doesn't support the specified file(s)
2026/07/10 21:58:17 Skipping revive as it doesn't support the specified file(s)
2026/07/10 21:58:17 Running tools for the specified file(s)...
2026/07/10 21:58:17 Running trivy...
2026-07-10T21:58:17+02:00 [INFO] (codacy-cli-v2/cmd/analyze.go:360) Config file found for tool tool=trivy toolConfigPath=.codacy/tools-configs/trivy.yaml
2026/07/10 21:58:17 Tool failed to run: failed to run Trivy: exit status 1
2026-07-10T21:58:34+02:00 [INFO] (codacy-cli-v2/cli-v2.go:27) Starting Codacy CLI version=1.0.0-main.380.sha.27e119a (27e119a) built at 2026-06-11T09:54:47Z
2026-07-10T21:58:34+02:00 [INFO] (codacy-cli-v2/cmd/root.go:34) Executing CLI command command=analyze full_command=[/Users/Andreas/Library/Caches/Codacy/codacy-cli-v2/1.0.0-main.380.sha.27e119a/codacy-cli-v2 analyze /Users/Andreas/GitHub/aither/.vscode/mcp.json --format sarif] args=[/Users/Andreas/GitHub/aither/.vscode/mcp.json]
2026/07/10 21:58:34 Running all configured tools...
2026/07/10 21:58:34 Skipping dartanalyzer as it doesn't support the specified file(s)
2026/07/10 21:58:34 Skipping eslint as it doesn't support the specified file(s)
2026/07/10 21:58:34 Skipping lizard as it doesn't support the specified file(s)
2026/07/10 21:58:34 Skipping opengrep as it doesn't support the specified file(s)
2026/07/10 21:58:34 Skipping pmd as it doesn't support the specified file(s)
2026/07/10 21:58:34 Skipping pylint as it doesn't support the specified file(s)
2026/07/10 21:58:34 Skipping revive as it doesn't support the specified file(s)
2026/07/10 21:58:34 Running tools for the specified file(s)...
2026/07/10 21:58:34 Running trivy...
2026-07-10T21:58:34+02:00 [INFO] (codacy-cli-v2/cmd/analyze.go:360) Config file found for tool toolConfigPath=.codacy/tools-configs/trivy.yaml tool=trivy
2026/07/10 21:58:35 Tool failed to run: failed to run Trivy: exit status 1
2026-07-10T21:58:48+02:00 [INFO] (codacy-cli-v2/cli-v2.go:27) Starting Codacy CLI version=1.0.0-main.380.sha.27e119a (27e119a) built at 2026-06-11T09:54:47Z
2026-07-10T21:58:48+02:00 [INFO] (codacy-cli-v2/cmd/root.go:34) Executing CLI command command=analyze full_command=[/Users/Andreas/Library/Caches/Codacy/codacy-cli-v2/1.0.0-main.380.sha.27e119a/codacy-cli-v2 analyze /Users/Andreas/GitHub/thalassa/.vscode/mcp.json --format sarif] args=[/Users/Andreas/GitHub/thalassa/.vscode/mcp.json]
2026/07/10 21:58:48 Running all configured tools...
2026/07/10 21:58:48 Skipping pylint as it doesn't support the specified file(s)
2026/07/10 21:58:48 Skipping revive as it doesn't support the specified file(s)
2026/07/10 21:58:48 Skipping dartanalyzer as it doesn't support the specified file(s)
2026/07/10 21:58:48 Skipping eslint as it doesn't support the specified file(s)
2026/07/10 21:58:48 Skipping lizard as it doesn't support the specified file(s)
2026/07/10 21:58:48 Skipping opengrep as it doesn't support the specified file(s)
2026/07/10 21:58:48 Skipping pmd as it doesn't support the specified file(s)
2026/07/10 21:58:48 Running tools for the specified file(s)...
2026/07/10 21:58:48 Running trivy...
2026-07-10T21:58:48+02:00 [INFO] (codacy-cli-v2/cmd/analyze.go:360) Config file found for tool toolConfigPath=.codacy/tools-configs/trivy.yaml tool=trivy
2026/07/10 21:58:49 Tool failed to run: failed to run Trivy: exit status 1
2026-07-10T22:02:53+02:00 [INFO] (codacy-cli-v2/cli-v2.go:27) Starting Codacy CLI version=1.0.0-main.380.sha.27e119a (27e119a) built at 2026-06-11T09:54:47Z
2026-07-10T22:02:53+02:00 [INFO] (codacy-cli-v2/cmd/root.go:34) Executing CLI command full_command=[/Users/Andreas/Library/Caches/Codacy/codacy-cli-v2/1.0.0-main.380.sha.27e119a/codacy-cli-v2 analyze /Users/Andreas/GitHub/thalassa/.vscode/mcp.json --format sarif] args=[/Users/Andreas/GitHub/thalassa/.vscode/mcp.json] command=analyze
2026/07/10 22:02:53 Running all configured tools...
2026/07/10 22:02:53 Skipping pylint as it doesn't support the specified file(s)
2026/07/10 22:02:53 Skipping revive as it doesn't support the specified file(s)
2026/07/10 22:02:53 Skipping dartanalyzer as it doesn't support the specified file(s)
2026/07/10 22:02:53 Skipping eslint as it doesn't support the specified file(s)
2026/07/10 22:02:53 Skipping lizard as it doesn't support the specified file(s)
2026/07/10 22:02:53 Skipping opengrep as it doesn't support the specified file(s)
2026/07/10 22:02:53 Skipping pmd as it doesn't support the specified file(s)
2026/07/10 22:02:53 Running tools for the specified file(s)...
2026/07/10 22:02:53 Running trivy...
2026-07-10T22:02:53+02:00 [INFO] (codacy-cli-v2/cmd/analyze.go:360) Config file found for tool tool=trivy toolConfigPath=.codacy/tools-configs/trivy.yaml
2026/07/10 22:02:54 Tool failed to run: failed to run Trivy: exit status 1
2026-07-10T22:06:55+02:00 [INFO] (codacy-cli-v2/cli-v2.go:27) Starting Codacy CLI version=1.0.0-main.380.sha.27e119a (27e119a) built at 2026-06-11T09:54:47Z
2026-07-10T22:06:55+02:00 [INFO] (codacy-cli-v2/cmd/root.go:34) Executing CLI command command=analyze full_command=[/Users/Andreas/Library/Caches/Codacy/codacy-cli-v2/1.0.0-main.380.sha.27e119a/codacy-cli-v2 analyze /Users/Andreas/GitHub/thalassa/.vscode/mcp.json --format sarif] args=[/Users/Andreas/GitHub/thalassa/.vscode/mcp.json]
2026/07/10 22:06:55 Running all configured tools...
2026/07/10 22:06:55 Skipping lizard as it doesn't support the specified file(s)
2026/07/10 22:06:55 Skipping opengrep as it doesn't support the specified file(s)
2026/07/10 22:06:55 Skipping pmd as it doesn't support the specified file(s)
2026/07/10 22:06:55 Skipping pylint as it doesn't support the specified file(s)
2026/07/10 22:06:55 Skipping revive as it doesn't support the specified file(s)
2026/07/10 22:06:55 Skipping dartanalyzer as it doesn't support the specified file(s)
2026/07/10 22:06:55 Skipping eslint as it doesn't support the specified file(s)
2026/07/10 22:06:55 Running tools for the specified file(s)...
2026/07/10 22:06:55 Running trivy...
2026-07-10T22:06:55+02:00 [INFO] (codacy-cli-v2/cmd/analyze.go:360) Config file found for tool tool=trivy toolConfigPath=.codacy/tools-configs/trivy.yaml
2026/07/10 22:06:56 Tool failed to run: failed to run Trivy: exit status 1
2026-07-10T22:10:53+02:00 [INFO] (codacy-cli-v2/cli-v2.go:27) Starting Codacy CLI version=1.0.0-main.380.sha.27e119a (27e119a) built at 2026-06-11T09:54:47Z
2026-07-10T22:10:53+02:00 [INFO] (codacy-cli-v2/cmd/root.go:34) Executing CLI command command=analyze full_command=[/Users/Andreas/Library/Caches/Codacy/codacy-cli-v2/1.0.0-main.380.sha.27e119a/codacy-cli-v2 analyze /Users/Andreas/GitHub/gaia/.vscode/mcp.json --format sarif] args=[/Users/Andreas/GitHub/gaia/.vscode/mcp.json]
2026/07/10 22:10:53 Running all configured tools...
2026/07/10 22:10:53 Skipping pmd as it doesn't support the specified file(s)
2026/07/10 22:10:53 Skipping pylint as it doesn't support the specified file(s)
2026/07/10 22:10:53 Skipping revive as it doesn't support the specified file(s)
2026/07/10 22:10:53 Skipping dartanalyzer as it doesn't support the specified file(s)
2026/07/10 22:10:53 Skipping eslint as it doesn't support the specified file(s)
2026/07/10 22:10:53 Skipping lizard as it doesn't support the specified file(s)
2026/07/10 22:10:53 Skipping opengrep as it doesn't support the specified file(s)
2026/07/10 22:10:53 Running tools for the specified file(s)...
2026/07/10 22:10:53 Running trivy...
2026-07-10T22:10:53+02:00 [INFO] (codacy-cli-v2/cmd/analyze.go:360) Config file found for tool tool=trivy toolConfigPath=.codacy/tools-configs/trivy.yaml
2026/07/10 22:10:54 Tool failed to run: failed to run Trivy: exit status 1
2026-07-10T22:14:54+02:00 [INFO] (codacy-cli-v2/cli-v2.go:27) Starting Codacy CLI version=1.0.0-main.380.sha.27e119a (27e119a) built at 2026-06-11T09:54:47Z
2026-07-10T22:14:54+02:00 [INFO] (codacy-cli-v2/cmd/root.go:34) Executing CLI command full_command=[/Users/Andreas/Library/Caches/Codacy/codacy-cli-v2/1.0.0-main.380.sha.27e119a/codacy-cli-v2 analyze /Users/Andreas/GitHub/thalassa/.vscode/mcp.json --format sarif] args=[/Users/Andreas/GitHub/thalassa/.vscode/mcp.json] command=analyze
2026/07/10 22:14:54 Running all configured tools...
2026/07/10 22:14:54 Skipping dartanalyzer as it doesn't support the specified file(s)
2026/07/10 22:14:54 Skipping eslint as it doesn't support the specified file(s)
2026/07/10 22:14:54 Skipping lizard as it doesn't support the specified file(s)
2026/07/10 22:14:54 Skipping opengrep as it doesn't support the specified file(s)
2026/07/10 22:14:54 Skipping pmd as it doesn't support the specified file(s)
2026/07/10 22:14:54 Skipping pylint as it doesn't support the specified file(s)
2026/07/10 22:14:54 Skipping revive as it doesn't support the specified file(s)
2026/07/10 22:14:54 Running tools for the specified file(s)...
2026/07/10 22:14:54 Running trivy...
2026-07-10T22:14:54+02:00 [INFO] (codacy-cli-v2/cmd/analyze.go:360) Config file found for tool tool=trivy toolConfigPath=.codacy/tools-configs/trivy.yaml
2026/07/10 22:14:55 Tool failed to run: failed to run Trivy: exit status 1
2026-07-10T22:18:54+02:00 [INFO] (codacy-cli-v2/cli-v2.go:27) Starting Codacy CLI version=1.0.0-main.380.sha.27e119a (27e119a) built at 2026-06-11T09:54:47Z
2026-07-10T22:18:54+02:00 [INFO] (codacy-cli-v2/cmd/root.go:34) Executing CLI command command=analyze full_command=[/Users/Andreas/Library/Caches/Codacy/codacy-cli-v2/1.0.0-main.380.sha.27e119a/codacy-cli-v2 analyze /Users/Andreas/GitHub/gaia/.vscode/mcp.json --format sarif] args=[/Users/Andreas/GitHub/gaia/.vscode/mcp.json]
2026/07/10 22:18:54 Running all configured tools...
2026/07/10 22:18:54 Skipping dartanalyzer as it doesn't support the specified file(s)
2026/07/10 22:18:54 Skipping eslint as it doesn't support the specified file(s)
2026/07/10 22:18:54 Skipping lizard as it doesn't support the specified file(s)
2026/07/10 22:18:54 Skipping opengrep as it doesn't support the specified file(s)
2026/07/10 22:18:54 Skipping pmd as it doesn't support the specified file(s)
2026/07/10 22:18:54 Skipping pylint as it doesn't support the specified file(s)
2026/07/10 22:18:54 Skipping revive as it doesn't support the specified file(s)
2026/07/10 22:18:54 Running tools for the specified file(s)...
2026/07/10 22:18:54 Running trivy...
2026-07-10T22:18:54+02:00 [INFO] (codacy-cli-v2/cmd/analyze.go:360) Config file found for tool toolConfigPath=.codacy/tools-configs/trivy.yaml tool=trivy
2026/07/10 22:18:55 Tool failed to run: failed to run Trivy: exit status 1
2026-07-10T22:22:53+02:00 [INFO] (codacy-cli-v2/cli-v2.go:27) Starting Codacy CLI version=1.0.0-main.380.sha.27e119a (27e119a) built at 2026-06-11T09:54:47Z
2026-07-10T22:22:53+02:00 [INFO] (codacy-cli-v2/cmd/root.go:34) Executing CLI command command=analyze full_command=[/Users/Andreas/Library/Caches/Codacy/codacy-cli-v2/1.0.0-main.380.sha.27e119a/codacy-cli-v2 analyze /Users/Andreas/GitHub/hemera/.vscode/mcp.json --format sarif] args=[/Users/Andreas/GitHub/hemera/.vscode/mcp.json]
2026/07/10 22:22:53 Running all configured tools...
2026/07/10 22:22:53 Skipping lizard as it doesn't support the specified file(s)
2026/07/10 22:22:53 Skipping opengrep as it doesn't support the specified file(s)
2026/07/10 22:22:53 Skipping pmd as it doesn't support the specified file(s)
2026/07/10 22:22:53 Skipping pylint as it doesn't support the specified file(s)
2026/07/10 22:22:53 Skipping revive as it doesn't support the specified file(s)
2026/07/10 22:22:53 Skipping dartanalyzer as it doesn't support the specified file(s)
2026/07/10 22:22:53 Skipping eslint as it doesn't support the specified file(s)
2026/07/10 22:22:53 Running tools for the specified file(s)...
2026/07/10 22:22:53 Running trivy...
2026-07-10T22:22:53+02:00 [INFO] (codacy-cli-v2/cmd/analyze.go:360) Config file found for tool toolConfigPath=.codacy/tools-configs/trivy.yaml tool=trivy
2026/07/10 22:22:53 Tool failed to run: failed to run Trivy: exit status 1
2026-07-10T22:23:19+02:00 [INFO] (codacy-cli-v2/cli-v2.go:27) Starting Codacy CLI version=1.0.0-main.380.sha.27e119a (27e119a) built at 2026-06-11T09:54:47Z
2026-07-10T22:23:19+02:00 [INFO] (codacy-cli-v2/cmd/root.go:34) Executing CLI command command=analyze full_command=[/Users/Andreas/Library/Caches/Codacy/codacy-cli-v2/1.0.0-main.380.sha.27e119a/codacy-cli-v2 analyze /Users/Andreas/GitHub/aither/.vscode/mcp.json --format sarif] args=[/Users/Andreas/GitHub/aither/.vscode/mcp.json]
2026/07/10 22:23:19 Running all configured tools...
2026/07/10 22:23:19 Skipping eslint as it doesn't support the specified file(s)
2026/07/10 22:23:19 Skipping lizard as it doesn't support the specified file(s)
2026/07/10 22:23:19 Skipping opengrep as it doesn't support the specified file(s)
2026/07/10 22:23:19 Skipping pmd as it doesn't support the specified file(s)
2026/07/10 22:23:19 Skipping pylint as it doesn't support the specified file(s)
2026/07/10 22:23:19 Skipping revive as it doesn't support the specified file(s)
2026/07/10 22:23:19 Skipping dartanalyzer as it doesn't support the specified file(s)
2026/07/10 22:23:19 Running tools for the specified file(s)...
2026/07/10 22:23:19 Running trivy...
2026-07-10T22:23:19+02:00 [INFO] (codacy-cli-v2/cmd/analyze.go:360) Config file found for tool toolConfigPath=.codacy/tools-configs/trivy.yaml tool=trivy
2026/07/10 22:23:20 Tool failed to run: failed to run Trivy: exit status 1
2026-07-10T22:23:33+02:00 [INFO] (codacy-cli-v2/cli-v2.go:27) Starting Codacy CLI version=1.0.0-main.380.sha.27e119a (27e119a) built at 2026-06-11T09:54:47Z
2026-07-10T22:23:33+02:00 [INFO] (codacy-cli-v2/cmd/root.go:34) Executing CLI command args=[/Users/Andreas/GitHub/thalassa/.vscode/mcp.json] command=analyze full_command=[/Users/Andreas/Library/Caches/Codacy/codacy-cli-v2/1.0.0-main.380.sha.27e119a/codacy-cli-v2 analyze /Users/Andreas/GitHub/thalassa/.vscode/mcp.json --format sarif]
2026/07/10 22:23:33 Running all configured tools...
2026/07/10 22:23:33 Skipping pmd as it doesn't support the specified file(s)
2026/07/10 22:23:33 Skipping pylint as it doesn't support the specified file(s)
2026/07/10 22:23:33 Skipping revive as it doesn't support the specified file(s)
2026/07/10 22:23:33 Skipping dartanalyzer as it doesn't support the specified file(s)
2026/07/10 22:23:33 Skipping eslint as it doesn't support the specified file(s)
2026/07/10 22:23:33 Skipping lizard as it doesn't support the specified file(s)
2026/07/10 22:23:33 Skipping opengrep as it doesn't support the specified file(s)
2026/07/10 22:23:33 Running tools for the specified file(s)...
2026/07/10 22:23:33 Running trivy...
2026-07-10T22:23:33+02:00 [INFO] (codacy-cli-v2/cmd/analyze.go:360) Config file found for tool tool=trivy toolConfigPath=.codacy/tools-configs/trivy.yaml
2026/07/10 22:23:33 Tool failed to run: failed to run Trivy: exit status 1
2026-07-10T22:26:54+02:00 [INFO] (codacy-cli-v2/cli-v2.go:27) Starting Codacy CLI version=1.0.0-main.380.sha.27e119a (27e119a) built at 2026-06-11T09:54:47Z
2026-07-10T22:26:54+02:00 [INFO] (codacy-cli-v2/cmd/root.go:34) Executing CLI command command=analyze full_command=[/Users/Andreas/Library/Caches/Codacy/codacy-cli-v2/1.0.0-main.380.sha.27e119a/codacy-cli-v2 analyze /Users/Andreas/Library/Application Support/Code/User/mcp.json --format sarif] args=[/Users/Andreas/Library/Application Support/Code/User/mcp.json]
2026/07/10 22:26:54 Running all configured tools...
2026/07/10 22:26:54 Skipping dartanalyzer as it doesn't support the specified file(s)
2026/07/10 22:26:54 Skipping eslint as it doesn't support the specified file(s)
2026/07/10 22:26:54 Skipping lizard as it doesn't support the specified file(s)
2026/07/10 22:26:54 Skipping opengrep as it doesn't support the specified file(s)
2026/07/10 22:26:54 Skipping pmd as it doesn't support the specified file(s)
2026/07/10 22:26:54 Skipping pylint as it doesn't support the specified file(s)
2026/07/10 22:26:54 Skipping revive as it doesn't support the specified file(s)
2026/07/10 22:26:54 Running tools for the specified file(s)...
2026/07/10 22:26:54 Running trivy...
2026-07-10T22:26:54+02:00 [INFO] (codacy-cli-v2/cmd/analyze.go:360) Config file found for tool toolConfigPath=.codacy/tools-configs/trivy.yaml tool=trivy
2026/07/10 22:26:55 Tool failed to run: failed to run Trivy: exit status 1
2026-07-10T22:27:15+02:00 [INFO] (codacy-cli-v2/cli-v2.go:27) Starting Codacy CLI version=1.0.0-main.380.sha.27e119a (27e119a) built at 2026-06-11T09:54:47Z
2026-07-10T22:27:15+02:00 [INFO] (codacy-cli-v2/cmd/root.go:34) Executing CLI command args=[/Users/Andreas/GitHub/aither/.vscode/mcp.json] command=analyze full_command=[/Users/Andreas/Library/Caches/Codacy/codacy-cli-v2/1.0.0-main.380.sha.27e119a/codacy-cli-v2 analyze /Users/Andreas/GitHub/aither/.vscode/mcp.json --format sarif]
2026/07/10 22:27:15 Running all configured tools...
2026/07/10 22:27:15 Skipping pmd as it doesn't support the specified file(s)
2026/07/10 22:27:15 Skipping pylint as it doesn't support the specified file(s)
2026/07/10 22:27:15 Skipping revive as it doesn't support the specified file(s)
2026/07/10 22:27:15 Skipping dartanalyzer as it doesn't support the specified file(s)
2026/07/10 22:27:15 Skipping eslint as it doesn't support the specified file(s)
2026/07/10 22:27:15 Skipping lizard as it doesn't support the specified file(s)
2026/07/10 22:27:15 Skipping opengrep as it doesn't support the specified file(s)
2026/07/10 22:27:15 Running tools for the specified file(s)...
2026/07/10 22:27:15 Running trivy...
2026-07-10T22:27:15+02:00 [INFO] (codacy-cli-v2/cmd/analyze.go:360) Config file found for tool tool=trivy toolConfigPath=.codacy/tools-configs/trivy.yaml
2026/07/10 22:27:16 Tool failed to run: failed to run Trivy: exit status 1
2026-07-10T22:27:38+02:00 [INFO] (codacy-cli-v2/cli-v2.go:27) Starting Codacy CLI version=1.0.0-main.380.sha.27e119a (27e119a) built at 2026-06-11T09:54:47Z
2026-07-10T22:27:38+02:00 [INFO] (codacy-cli-v2/cmd/root.go:34) Executing CLI command args=[/Users/Andreas/GitHub/thalassa/.vscode/mcp.json] command=analyze full_command=[/Users/Andreas/Library/Caches/Codacy/codacy-cli-v2/1.0.0-main.380.sha.27e119a/codacy-cli-v2 analyze /Users/Andreas/GitHub/thalassa/.vscode/mcp.json --format sarif]
2026/07/10 22:27:38 Running all configured tools...
2026/07/10 22:27:38 Skipping eslint as it doesn't support the specified file(s)
2026/07/10 22:27:38 Skipping lizard as it doesn't support the specified file(s)
2026/07/10 22:27:38 Skipping opengrep as it doesn't support the specified file(s)
2026/07/10 22:27:38 Skipping pmd as it doesn't support the specified file(s)
2026/07/10 22:27:38 Skipping pylint as it doesn't support the specified file(s)
2026/07/10 22:27:38 Skipping revive as it doesn't support the specified file(s)
2026/07/10 22:27:38 Skipping dartanalyzer as it doesn't support the specified file(s)
2026/07/10 22:27:38 Running tools for the specified file(s)...
2026/07/10 22:27:38 Running trivy...
2026-07-10T22:27:38+02:00 [INFO] (codacy-cli-v2/cmd/analyze.go:360) Config file found for tool tool=trivy toolConfigPath=.codacy/tools-configs/trivy.yaml
2026/07/10 22:27:39 Tool failed to run: failed to run Trivy: exit status 1
2026-07-10T22:31:53+02:00 [INFO] (codacy-cli-v2/cli-v2.go:27) Starting Codacy CLI version=1.0.0-main.380.sha.27e119a (27e119a) built at 2026-06-11T09:54:47Z
2026-07-10T22:31:53+02:00 [INFO] (codacy-cli-v2/cmd/root.go:34) Executing CLI command full_command=[/Users/Andreas/Library/Caches/Codacy/codacy-cli-v2/1.0.0-main.380.sha.27e119a/codacy-cli-v2 analyze /Users/Andreas/GitHub/hemera/.vscode/mcp.json --format sarif] args=[/Users/Andreas/GitHub/hemera/.vscode/mcp.json] command=analyze
2026/07/10 22:31:53 Running all configured tools...
2026/07/10 22:31:53 Skipping dartanalyzer as it doesn't support the specified file(s)
2026/07/10 22:31:53 Skipping eslint as it doesn't support the specified file(s)
2026/07/10 22:31:53 Skipping lizard as it doesn't support the specified file(s)
2026/07/10 22:31:53 Skipping opengrep as it doesn't support the specified file(s)
2026/07/10 22:31:53 Skipping pmd as it doesn't support the specified file(s)
2026/07/10 22:31:53 Skipping pylint as it doesn't support the specified file(s)
2026/07/10 22:31:53 Skipping revive as it doesn't support the specified file(s)
2026/07/10 22:31:53 Running tools for the specified file(s)...
2026/07/10 22:31:53 Running trivy...
2026-07-10T22:31:53+02:00 [INFO] (codacy-cli-v2/cmd/analyze.go:360) Config file found for tool tool=trivy toolConfigPath=.codacy/tools-configs/trivy.yaml
2026/07/10 22:31:54 Tool failed to run: failed to run Trivy: exit status 1
2026-07-10T22:35:56+02:00 [INFO] (codacy-cli-v2/cli-v2.go:27) Starting Codacy CLI version=1.0.0-main.380.sha.27e119a (27e119a) built at 2026-06-11T09:54:47Z
2026-07-10T22:35:56+02:00 [INFO] (codacy-cli-v2/cmd/root.go:34) Executing CLI command command=analyze full_command=[/Users/Andreas/Library/Caches/Codacy/codacy-cli-v2/1.0.0-main.380.sha.27e119a/codacy-cli-v2 analyze /Users/Andreas/GitHub/thalassa/.vscode/mcp.json --format sarif] args=[/Users/Andreas/GitHub/thalassa/.vscode/mcp.json]
2026/07/10 22:35:56 Running all configured tools...
2026/07/10 22:35:56 Skipping pylint as it doesn't support the specified file(s)
2026/07/10 22:35:56 Skipping revive as it doesn't support the specified file(s)
2026/07/10 22:35:56 Skipping dartanalyzer as it doesn't support the specified file(s)
2026/07/10 22:35:56 Skipping eslint as it doesn't support the specified file(s)
2026/07/10 22:35:56 Skipping lizard as it doesn't support the specified file(s)
2026/07/10 22:35:56 Skipping opengrep as it doesn't support the specified file(s)
2026/07/10 22:35:56 Skipping pmd as it doesn't support the specified file(s)
2026/07/10 22:35:56 Running tools for the specified file(s)...
2026/07/10 22:35:56 Running trivy...
2026-07-10T22:35:56+02:00 [INFO] (codacy-cli-v2/cmd/analyze.go:360) Config file found for tool tool=trivy toolConfigPath=.codacy/tools-configs/trivy.yaml
2026/07/10 22:35:57 Tool failed to run: failed to run Trivy: exit status 1
2026-07-10T22:39:54+02:00 [INFO] (codacy-cli-v2/cli-v2.go:27) Starting Codacy CLI version=1.0.0-main.380.sha.27e119a (27e119a) built at 2026-06-11T09:54:47Z
2026-07-10T22:39:54+02:00 [INFO] (codacy-cli-v2/cmd/root.go:34) Executing CLI command command=analyze full_command=[/Users/Andreas/Library/Caches/Codacy/codacy-cli-v2/1.0.0-main.380.sha.27e119a/codacy-cli-v2 analyze /Users/Andreas/GitHub/gaia/.vscode/mcp.json --format sarif] args=[/Users/Andreas/GitHub/gaia/.vscode/mcp.json]
2026/07/10 22:39:54 Running all configured tools...
2026/07/10 22:39:54 Skipping pmd as it doesn't support the specified file(s)
2026/07/10 22:39:54 Skipping pylint as it doesn't support the specified file(s)
2026/07/10 22:39:54 Skipping revive as it doesn't support the specified file(s)
2026/07/10 22:39:54 Skipping dartanalyzer as it doesn't support the specified file(s)
2026/07/10 22:39:54 Skipping eslint as it doesn't support the specified file(s)
2026/07/10 22:39:54 Skipping lizard as it doesn't support the specified file(s)
2026/07/10 22:39:54 Skipping opengrep as it doesn't support the specified file(s)
2026/07/10 22:39:54 Running tools for the specified file(s)...
2026/07/10 22:39:54 Running trivy...
2026-07-10T22:39:54+02:00 [INFO] (codacy-cli-v2/cmd/analyze.go:360) Config file found for tool tool=trivy toolConfigPath=.codacy/tools-configs/trivy.yaml
2026/07/10 22:39:55 Tool failed to run: failed to run Trivy: exit status 1
2026-07-10T22:43:53+02:00 [INFO] (codacy-cli-v2/cli-v2.go:27) Starting Codacy CLI version=1.0.0-main.380.sha.27e119a (27e119a) built at 2026-06-11T09:54:47Z
2026-07-10T22:43:53+02:00 [INFO] (codacy-cli-v2/cmd/root.go:34) Executing CLI command command=analyze full_command=[/Users/Andreas/Library/Caches/Codacy/codacy-cli-v2/1.0.0-main.380.sha.27e119a/codacy-cli-v2 analyze /Users/Andreas/GitHub/hemera/.vscode/mcp.json --format sarif] args=[/Users/Andreas/GitHub/hemera/.vscode/mcp.json]
2026/07/10 22:43:53 Running all configured tools...
2026/07/10 22:43:53 Skipping dartanalyzer as it doesn't support the specified file(s)
2026/07/10 22:43:53 Skipping eslint as it doesn't support the specified file(s)
2026/07/10 22:43:53 Skipping lizard as it doesn't support the specified file(s)
2026/07/10 22:43:53 Skipping opengrep as it doesn't support the specified file(s)
2026/07/10 22:43:53 Skipping pmd as it doesn't support the specified file(s)
2026/07/10 22:43:53 Skipping pylint as it doesn't support the specified file(s)
2026/07/10 22:43:53 Skipping revive as it doesn't support the specified file(s)
2026/07/10 22:43:53 Running tools for the specified file(s)...
2026/07/10 22:43:53 Running trivy...
2026-07-10T22:43:53+02:00 [INFO] (codacy-cli-v2/cmd/analyze.go:360) Config file found for tool tool=trivy toolConfigPath=.codacy/tools-configs/trivy.yaml
2026/07/10 22:43:54 Tool failed to run: failed to run Trivy: exit status 1
2026-07-10T22:47:53+02:00 [INFO] (codacy-cli-v2/cli-v2.go:27) Starting Codacy CLI version=1.0.0-main.380.sha.27e119a (27e119a) built at 2026-06-11T09:54:47Z
2026-07-10T22:47:53+02:00 [INFO] (codacy-cli-v2/cmd/root.go:34) Executing CLI command args=[/Users/Andreas/GitHub/thalassa/.vscode/mcp.json] command=analyze full_command=[/Users/Andreas/Library/Caches/Codacy/codacy-cli-v2/1.0.0-main.380.sha.27e119a/codacy-cli-v2 analyze /Users/Andreas/GitHub/thalassa/.vscode/mcp.json --format sarif]
2026/07/10 22:47:53 Running all configured tools...
2026/07/10 22:47:53 Skipping eslint as it doesn't support the specified file(s)
2026/07/10 22:47:53 Skipping lizard as it doesn't support the specified file(s)
2026/07/10 22:47:53 Skipping opengrep as it doesn't support the specified file(s)
2026/07/10 22:47:53 Skipping pmd as it doesn't support the specified file(s)
2026/07/10 22:47:53 Skipping pylint as it doesn't support the specified file(s)
2026/07/10 22:47:53 Skipping revive as it doesn't support the specified file(s)
2026/07/10 22:47:53 Skipping dartanalyzer as it doesn't support the specified file(s)
2026/07/10 22:47:53 Running tools for the specified file(s)...
2026/07/10 22:47:53 Running trivy...
2026-07-10T22:47:53+02:00 [INFO] (codacy-cli-v2/cmd/analyze.go:360) Config file found for tool tool=trivy toolConfigPath=.codacy/tools-configs/trivy.yaml
2026/07/10 22:47:54 Tool failed to run: failed to run Trivy: exit status 1
2026-07-10T22:51:53+02:00 [INFO] (codacy-cli-v2/cli-v2.go:27) Starting Codacy CLI version=1.0.0-main.380.sha.27e119a (27e119a) built at 2026-06-11T09:54:47Z
2026-07-10T22:51:53+02:00 [INFO] (codacy-cli-v2/cmd/root.go:34) Executing CLI command args=[/Users/Andreas/GitHub/gaia/.vscode/mcp.json] command=analyze full_command=[/Users/Andreas/Library/Caches/Codacy/codacy-cli-v2/1.0.0-main.380.sha.27e119a/codacy-cli-v2 analyze /Users/Andreas/GitHub/gaia/.vscode/mcp.json --format sarif]
2026/07/10 22:51:53 Running all configured tools...
2026/07/10 22:51:53 Skipping pylint as it doesn't support the specified file(s)
2026/07/10 22:51:53 Skipping revive as it doesn't support the specified file(s)
2026/07/10 22:51:53 Skipping dartanalyzer as it doesn't support the specified file(s)
2026/07/10 22:51:53 Skipping eslint as it doesn't support the specified file(s)
2026/07/10 22:51:53 Skipping lizard as it doesn't support the specified file(s)
2026/07/10 22:51:53 Skipping opengrep as it doesn't support the specified file(s)
2026/07/10 22:51:53 Skipping pmd as it doesn't support the specified file(s)
2026/07/10 22:51:53 Running tools for the specified file(s)...
2026/07/10 22:51:53 Running trivy...
2026-07-10T22:51:53+02:00 [INFO] (codacy-cli-v2/cmd/analyze.go:360) Config file found for tool tool=trivy toolConfigPath=.codacy/tools-configs/trivy.yaml
2026/07/10 22:51:54 Tool failed to run: failed to run Trivy: exit status 1
2026-07-10T22:55:54+02:00 [INFO] (codacy-cli-v2/cli-v2.go:27) Starting Codacy CLI version=1.0.0-main.380.sha.27e119a (27e119a) built at 2026-06-11T09:54:47Z
2026-07-10T22:55:54+02:00 [INFO] (codacy-cli-v2/cmd/root.go:34) Executing CLI command full_command=[/Users/Andreas/Library/Caches/Codacy/codacy-cli-v2/1.0.0-main.380.sha.27e119a/codacy-cli-v2 analyze /Users/Andreas/GitHub/thalassa/.vscode/mcp.json --format sarif] args=[/Users/Andreas/GitHub/thalassa/.vscode/mcp.json] command=analyze
2026/07/10 22:55:54 Running all configured tools...
2026/07/10 22:55:54 Skipping pylint as it doesn't support the specified file(s)
2026/07/10 22:55:54 Skipping revive as it doesn't support the specified file(s)
2026/07/10 22:55:54 Skipping dartanalyzer as it doesn't support the specified file(s)
2026/07/10 22:55:54 Skipping eslint as it doesn't support the specified file(s)
2026/07/10 22:55:54 Skipping lizard as it doesn't support the specified file(s)
2026/07/10 22:55:54 Skipping opengrep as it doesn't support the specified file(s)
2026/07/10 22:55:54 Skipping pmd as it doesn't support the specified file(s)
2026/07/10 22:55:54 Running tools for the specified file(s)...
2026/07/10 22:55:54 Running trivy...
2026-07-10T22:55:54+02:00 [INFO] (codacy-cli-v2/cmd/analyze.go:360) Config file found for tool tool=trivy toolConfigPath=.codacy/tools-configs/trivy.yaml
2026/07/10 22:55:55 Tool failed to run: failed to run Trivy: exit status 1
2026-07-10T22:59:52+02:00 [INFO] (codacy-cli-v2/cli-v2.go:27) Starting Codacy CLI version=1.0.0-main.380.sha.27e119a (27e119a) built at 2026-06-11T09:54:47Z
2026-07-10T22:59:52+02:00 [INFO] (codacy-cli-v2/cmd/root.go:34) Executing CLI command full_command=[/Users/Andreas/Library/Caches/Codacy/codacy-cli-v2/1.0.0-main.380.sha.27e119a/codacy-cli-v2 analyze /Users/Andreas/GitHub/hemera/.vscode/mcp.json --format sarif] args=[/Users/Andreas/GitHub/hemera/.vscode/mcp.json] command=analyze
2026/07/10 22:59:52 Running all configured tools...
2026/07/10 22:59:52 Skipping lizard as it doesn't support the specified file(s)
2026/07/10 22:59:52 Skipping opengrep as it doesn't support the specified file(s)
2026/07/10 22:59:52 Skipping pmd as it doesn't support the specified file(s)
2026/07/10 22:59:52 Skipping pylint as it doesn't support the specified file(s)
2026/07/10 22:59:52 Skipping revive as it doesn't support the specified file(s)
2026/07/10 22:59:52 Skipping dartanalyzer as it doesn't support the specified file(s)
2026/07/10 22:59:52 Skipping eslint as it doesn't support the specified file(s)
2026/07/10 22:59:52 Running tools for the specified file(s)...
2026/07/10 22:59:52 Running trivy...
2026-07-10T22:59:52+02:00 [INFO] (codacy-cli-v2/cmd/analyze.go:360) Config file found for tool tool=trivy toolConfigPath=.codacy/tools-configs/trivy.yaml
2026/07/10 22:59:53 Tool failed to run: failed to run Trivy: exit status 1
2026-07-10T22:59:59+02:00 [INFO] (codacy-cli-v2/cli-v2.go:27) Starting Codacy CLI version=1.0.0-main.380.sha.27e119a (27e119a) built at 2026-06-11T09:54:47Z
2026-07-10T22:59:59+02:00 [INFO] (codacy-cli-v2/cmd/root.go:34) Executing CLI command command=analyze full_command=[/Users/Andreas/Library/Caches/Codacy/codacy-cli-v2/1.0.0-main.380.sha.27e119a/codacy-cli-v2 analyze /Users/Andreas/GitHub/gaia/.vscode/mcp.json --format sarif] args=[/Users/Andreas/GitHub/gaia/.vscode/mcp.json]
2026/07/10 22:59:59 Running all configured tools...
2026/07/10 22:59:59 Skipping dartanalyzer as it doesn't support the specified file(s)
2026/07/10 22:59:59 Skipping eslint as it doesn't support the specified file(s)
2026/07/10 22:59:59 Skipping lizard as it doesn't support the specified file(s)
2026/07/10 22:59:59 Skipping opengrep as it doesn't support the specified file(s)
2026/07/10 22:59:59 Skipping pmd as it doesn't support the specified file(s)
2026/07/10 22:59:59 Skipping pylint as it doesn't support the specified file(s)
2026/07/10 22:59:59 Skipping revive as it doesn't support the specified file(s)
2026/07/10 22:59:59 Running tools for the specified file(s)...
2026/07/10 22:59:59 Running trivy...
2026-07-10T22:59:59+02:00 [INFO] (codacy-cli-v2/cmd/analyze.go:360) Config file found for tool tool=trivy toolConfigPath=.codacy/tools-configs/trivy.yaml
2026/07/10 22:59:59 Tool failed to run: failed to run Trivy: exit status 1
2026-07-10T23:00:38+02:00 [INFO] (codacy-cli-v2/cli-v2.go:27) Starting Codacy CLI version=1.0.0-main.380.sha.27e119a (27e119a) built at 2026-06-11T09:54:47Z
2026-07-10T23:00:38+02:00 [INFO] (codacy-cli-v2/cmd/root.go:34) Executing CLI command command=analyze full_command=[/Users/Andreas/Library/Caches/Codacy/codacy-cli-v2/1.0.0-main.380.sha.27e119a/codacy-cli-v2 analyze /Users/Andreas/GitHub/thalassa/.vscode/mcp.json --format sarif] args=[/Users/Andreas/GitHub/thalassa/.vscode/mcp.json]
2026/07/10 23:00:38 Running all configured tools...
2026/07/10 23:00:38 Skipping lizard as it doesn't support the specified file(s)
2026/07/10 23:00:38 Skipping opengrep as it doesn't support the specified file(s)
2026/07/10 23:00:38 Skipping pmd as it doesn't support the specified file(s)
2026/07/10 23:00:38 Skipping pylint as it doesn't support the specified file(s)
2026/07/10 23:00:38 Skipping revive as it doesn't support the specified file(s)
2026/07/10 23:00:38 Skipping dartanalyzer as it doesn't support the specified file(s)
2026/07/10 23:00:38 Skipping eslint as it doesn't support the specified file(s)
2026/07/10 23:00:38 Running tools for the specified file(s)...
2026/07/10 23:00:38 Running trivy...
2026-07-10T23:00:38+02:00 [INFO] (codacy-cli-v2/cmd/analyze.go:360) Config file found for tool toolConfigPath=.codacy/tools-configs/trivy.yaml tool=trivy
2026/07/10 23:00:39 Tool failed to run: failed to run Trivy: exit status 1
2026-07-10T23:02:54+02:00 [INFO] (codacy-cli-v2/cli-v2.go:27) Starting Codacy CLI version=1.0.0-main.380.sha.27e119a (27e119a) built at 2026-06-11T09:54:47Z
2026-07-10T23:02:54+02:00 [INFO] (codacy-cli-v2/cmd/root.go:34) Executing CLI command args=[/Users/Andreas/GitHub/hemera/.vscode/mcp.json] command=analyze full_command=[/Users/Andreas/Library/Caches/Codacy/codacy-cli-v2/1.0.0-main.380.sha.27e119a/codacy-cli-v2 analyze /Users/Andreas/GitHub/hemera/.vscode/mcp.json --format sarif]
2026/07/10 23:02:54 Running all configured tools...
2026/07/10 23:02:54 Skipping opengrep as it doesn't support the specified file(s)
2026/07/10 23:02:54 Skipping pmd as it doesn't support the specified file(s)
2026/07/10 23:02:54 Skipping pylint as it doesn't support the specified file(s)
2026/07/10 23:02:54 Skipping revive as it doesn't support the specified file(s)
2026/07/10 23:02:54 Skipping dartanalyzer as it doesn't support the specified file(s)
2026/07/10 23:02:54 Skipping eslint as it doesn't support the specified file(s)
2026/07/10 23:02:54 Skipping lizard as it doesn't support the specified file(s)
2026/07/10 23:02:54 Running tools for the specified file(s)...
2026/07/10 23:02:54 Running trivy...
2026-07-10T23:02:54+02:00 [INFO] (codacy-cli-v2/cmd/analyze.go:360) Config file found for tool toolConfigPath=.codacy/tools-configs/trivy.yaml tool=trivy
2026/07/10 23:02:55 Tool failed to run: failed to run Trivy: exit status 1
2026-07-10T23:03:00+02:00 [INFO] (codacy-cli-v2/cli-v2.go:27) Starting Codacy CLI version=1.0.0-main.380.sha.27e119a (27e119a) built at 2026-06-11T09:54:47Z
2026-07-10T23:03:00+02:00 [INFO] (codacy-cli-v2/cmd/root.go:34) Executing CLI command args=[/Users/Andreas/GitHub/gaia/.vscode/mcp.json] command=analyze full_command=[/Users/Andreas/Library/Caches/Codacy/codacy-cli-v2/1.0.0-main.380.sha.27e119a/codacy-cli-v2 analyze /Users/Andreas/GitHub/gaia/.vscode/mcp.json --format sarif]
2026/07/10 23:03:00 Running all configured tools...
2026/07/10 23:03:00 Skipping revive as it doesn't support the specified file(s)
2026/07/10 23:03:00 Skipping dartanalyzer as it doesn't support the specified file(s)
2026/07/10 23:03:00 Skipping eslint as it doesn't support the specified file(s)
2026/07/10 23:03:00 Skipping lizard as it doesn't support the specified file(s)
2026/07/10 23:03:00 Skipping opengrep as it doesn't support the specified file(s)
2026/07/10 23:03:00 Skipping pmd as it doesn't support the specified file(s)
2026/07/10 23:03:00 Skipping pylint as it doesn't support the specified file(s)
2026/07/10 23:03:00 Running tools for the specified file(s)...
2026/07/10 23:03:00 Running trivy...
2026-07-10T23:03:00+02:00 [INFO] (codacy-cli-v2/cmd/analyze.go:360) Config file found for tool tool=trivy toolConfigPath=.codacy/tools-configs/trivy.yaml
2026/07/10 23:03:00 Tool failed to run: failed to run Trivy: exit status 1
2026-07-10T23:03:02+02:00 [INFO] (codacy-cli-v2/cli-v2.go:27) Starting Codacy CLI version=1.0.0-main.380.sha.27e119a (27e119a) built at 2026-06-11T09:54:47Z
2026-07-10T23:03:02+02:00 [INFO] (codacy-cli-v2/cmd/root.go:34) Executing CLI command command=analyze full_command=[/Users/Andreas/Library/Caches/Codacy/codacy-cli-v2/1.0.0-main.380.sha.27e119a/codacy-cli-v2 analyze /Users/Andreas/Library/Application Support/Code/User/prompts/push.prompt.md --format sarif] args=[/Users/Andreas/Library/Application Support/Code/User/prompts/push.prompt.md]
2026/07/10 23:03:02 Running all configured tools...
2026/07/10 23:03:02 Skipping revive as it doesn't support the specified file(s)
2026/07/10 23:03:02 Skipping trivy as it doesn't support the specified file(s)
2026/07/10 23:03:02 Skipping dartanalyzer as it doesn't support the specified file(s)
2026/07/10 23:03:02 Skipping eslint as it doesn't support the specified file(s)
2026/07/10 23:03:02 Skipping lizard as it doesn't support the specified file(s)
2026/07/10 23:03:02 Skipping opengrep as it doesn't support the specified file(s)
2026/07/10 23:03:02 Skipping pmd as it doesn't support the specified file(s)
2026/07/10 23:03:02 Skipping pylint as it doesn't support the specified file(s)
2026/07/10 23:03:02 No tools support the specified file(s). Skipping analysis.
2026-07-10T23:03:40+02:00 [INFO] (codacy-cli-v2/cli-v2.go:27) Starting Codacy CLI version=1.0.0-main.380.sha.27e119a (27e119a) built at 2026-06-11T09:54:47Z
2026-07-10T23:03:40+02:00 [INFO] (codacy-cli-v2/cmd/root.go:34) Executing CLI command command=analyze full_command=[/Users/Andreas/Library/Caches/Codacy/codacy-cli-v2/1.0.0-main.380.sha.27e119a/codacy-cli-v2 analyze /Users/Andreas/GitHub/thalassa/.vscode/mcp.json --format sarif] args=[/Users/Andreas/GitHub/thalassa/.vscode/mcp.json]
2026/07/10 23:03:40 Running all configured tools...
2026/07/10 23:03:40 Skipping eslint as it doesn't support the specified file(s)
2026/07/10 23:03:40 Skipping lizard as it doesn't support the specified file(s)
2026/07/10 23:03:40 Skipping opengrep as it doesn't support the specified file(s)
2026/07/10 23:03:40 Skipping pmd as it doesn't support the specified file(s)
2026/07/10 23:03:40 Skipping pylint as it doesn't support the specified file(s)
2026/07/10 23:03:40 Skipping revive as it doesn't support the specified file(s)
2026/07/10 23:03:40 Skipping dartanalyzer as it doesn't support the specified file(s)
2026/07/10 23:03:40 Running tools for the specified file(s)...
2026/07/10 23:03:40 Running trivy...
2026-07-10T23:03:40+02:00 [INFO] (codacy-cli-v2/cmd/analyze.go:360) Config file found for tool tool=trivy toolConfigPath=.codacy/tools-configs/trivy.yaml
2026/07/10 23:03:41 Tool failed to run: failed to run Trivy: exit status 1
2026-07-10T23:05:55+02:00 [INFO] (codacy-cli-v2/cli-v2.go:27) Starting Codacy CLI version=1.0.0-main.380.sha.27e119a (27e119a) built at 2026-06-11T09:54:47Z
2026-07-10T23:05:55+02:00 [INFO] (codacy-cli-v2/cmd/root.go:34) Executing CLI command command=analyze full_command=[/Users/Andreas/Library/Caches/Codacy/codacy-cli-v2/1.0.0-main.380.sha.27e119a/codacy-cli-v2 analyze /Users/Andreas/GitHub/hemera/.vscode/mcp.json --format sarif] args=[/Users/Andreas/GitHub/hemera/.vscode/mcp.json]
2026/07/10 23:05:55 Running all configured tools...
2026/07/10 23:05:55 Skipping eslint as it doesn't support the specified file(s)
2026/07/10 23:05:55 Skipping lizard as it doesn't support the specified file(s)
2026/07/10 23:05:55 Skipping opengrep as it doesn't support the specified file(s)
2026/07/10 23:05:55 Skipping pmd as it doesn't support the specified file(s)
2026/07/10 23:05:55 Skipping pylint as it doesn't support the specified file(s)
2026/07/10 23:05:55 Skipping revive as it doesn't support the specified file(s)
2026/07/10 23:05:55 Skipping dartanalyzer as it doesn't support the specified file(s)
2026/07/10 23:05:55 Running tools for the specified file(s)...
2026/07/10 23:05:55 Running trivy...
2026-07-10T23:05:55+02:00 [INFO] (codacy-cli-v2/cmd/analyze.go:360) Config file found for tool tool=trivy toolConfigPath=.codacy/tools-configs/trivy.yaml
2026/07/10 23:05:55 Tool failed to run: failed to run Trivy: exit status 1
2026-07-10T23:06:00+02:00 [INFO] (codacy-cli-v2/cli-v2.go:27) Starting Codacy CLI version=1.0.0-main.380.sha.27e119a (27e119a) built at 2026-06-11T09:54:47Z
2026-07-10T23:06:00+02:00 [INFO] (codacy-cli-v2/cmd/root.go:34) Executing CLI command command=analyze full_command=[/Users/Andreas/Library/Caches/Codacy/codacy-cli-v2/1.0.0-main.380.sha.27e119a/codacy-cli-v2 analyze /Users/Andreas/GitHub/gaia/.vscode/mcp.json --format sarif] args=[/Users/Andreas/GitHub/gaia/.vscode/mcp.json]
2026/07/10 23:06:00 Running all configured tools...
2026/07/10 23:06:00 Skipping pmd as it doesn't support the specified file(s)
2026/07/10 23:06:00 Skipping pylint as it doesn't support the specified file(s)
2026/07/10 23:06:00 Skipping revive as it doesn't support the specified file(s)
2026/07/10 23:06:00 Skipping dartanalyzer as it doesn't support the specified file(s)
2026/07/10 23:06:00 Skipping eslint as it doesn't support the specified file(s)
2026/07/10 23:06:00 Skipping lizard as it doesn't support the specified file(s)
2026/07/10 23:06:00 Skipping opengrep as it doesn't support the specified file(s)
2026/07/10 23:06:00 Running tools for the specified file(s)...
2026/07/10 23:06:00 Running trivy...
2026-07-10T23:06:00+02:00 [INFO] (codacy-cli-v2/cmd/analyze.go:360) Config file found for tool tool=trivy toolConfigPath=.codacy/tools-configs/trivy.yaml
2026/07/10 23:06:01 Tool failed to run: failed to run Trivy: exit status 1
2026-07-10T23:06:43+02:00 [INFO] (codacy-cli-v2/cli-v2.go:27) Starting Codacy CLI version=1.0.0-main.380.sha.27e119a (27e119a) built at 2026-06-11T09:54:47Z
2026-07-10T23:06:43+02:00 [INFO] (codacy-cli-v2/cmd/root.go:34) Executing CLI command full_command=[/Users/Andreas/Library/Caches/Codacy/codacy-cli-v2/1.0.0-main.380.sha.27e119a/codacy-cli-v2 analyze /Users/Andreas/GitHub/thalassa/.vscode/mcp.json --format sarif] args=[/Users/Andreas/GitHub/thalassa/.vscode/mcp.json] command=analyze
2026/07/10 23:06:43 Running all configured tools...
2026/07/10 23:06:43 Skipping eslint as it doesn't support the specified file(s)
2026/07/10 23:06:43 Skipping lizard as it doesn't support the specified file(s)
2026/07/10 23:06:43 Skipping opengrep as it doesn't support the specified file(s)
2026/07/10 23:06:43 Skipping pmd as it doesn't support the specified file(s)
2026/07/10 23:06:43 Skipping pylint as it doesn't support the specified file(s)
2026/07/10 23:06:43 Skipping revive as it doesn't support the specified file(s)
2026/07/10 23:06:43 Skipping dartanalyzer as it doesn't support the specified file(s)
2026/07/10 23:06:43 Running tools for the specified file(s)...
2026/07/10 23:06:43 Running trivy...
2026-07-10T23:06:43+02:00 [INFO] (codacy-cli-v2/cmd/analyze.go:360) Config file found for tool tool=trivy toolConfigPath=.codacy/tools-configs/trivy.yaml
2026/07/10 23:06:43 Tool failed to run: failed to run Trivy: exit status 1
2026-07-10T23:06:53+02:00 [INFO] (codacy-cli-v2/cli-v2.go:27) Starting Codacy CLI version=1.0.0-main.380.sha.27e119a (27e119a) built at 2026-06-11T09:54:47Z
2026-07-10T23:06:53+02:00 [INFO] (codacy-cli-v2/cmd/root.go:34) Executing CLI command command=analyze full_command=[/Users/Andreas/Library/Caches/Codacy/codacy-cli-v2/1.0.0-main.380.sha.27e119a/codacy-cli-v2 analyze /Users/Andreas/Library/Application Support/Code/User/prompts/push.prompt.md --format sarif] args=[/Users/Andreas/Library/Application Support/Code/User/prompts/push.prompt.md]
2026/07/10 23:06:53 Running all configured tools...
2026/07/10 23:06:53 Skipping pmd as it doesn't support the specified file(s)
2026/07/10 23:06:53 Skipping pylint as it doesn't support the specified file(s)
2026/07/10 23:06:53 Skipping revive as it doesn't support the specified file(s)
2026/07/10 23:06:53 Skipping trivy as it doesn't support the specified file(s)
2026/07/10 23:06:53 Skipping dartanalyzer as it doesn't support the specified file(s)
2026/07/10 23:06:53 Skipping eslint as it doesn't support the specified file(s)
2026/07/10 23:06:53 Skipping lizard as it doesn't support the specified file(s)
2026/07/10 23:06:53 Skipping opengrep as it doesn't support the specified file(s)
2026/07/10 23:06:53 No tools support the specified file(s). Skipping analysis.
2026-07-10T23:07:15+02:00 [INFO] (codacy-cli-v2/cli-v2.go:27) Starting Codacy CLI version=1.0.0-main.380.sha.27e119a (27e119a) built at 2026-06-11T09:54:47Z
2026-07-10T23:07:15+02:00 [INFO] (codacy-cli-v2/cmd/root.go:34) Executing CLI command command=analyze full_command=[/Users/Andreas/Library/Caches/Codacy/codacy-cli-v2/1.0.0-main.380.sha.27e119a/codacy-cli-v2 analyze /Users/Andreas/Library/Application Support/Code/User/workspaceStorage/1996028959a2c86bb93333cd4591544d/GitHub.copilot-chat/chat-session-resources/4618593f-c5e3-4d24-b1f2-92c4ed5102a7/call_dEaCZ3vVSZcDIaTmYLFfGwvn__vscode-1783686308083/content.json --format sarif] args=[/Users/Andreas/Library/Application Support/Code/User/workspaceStorage/1996028959a2c86bb93333cd4591544d/GitHub.copilot-chat/chat-session-resources/4618593f-c5e3-4d24-b1f2-92c4ed5102a7/call_dEaCZ3vVSZcDIaTmYLFfGwvn__vscode-1783686308083/content.json]
2026/07/10 23:07:15 Running all configured tools...
2026/07/10 23:07:15 Skipping pmd as it doesn't support the specified file(s)
2026/07/10 23:07:15 Skipping pylint as it doesn't support the specified file(s)
2026/07/10 23:07:15 Skipping revive as it doesn't support the specified file(s)
2026/07/10 23:07:15 Skipping dartanalyzer as it doesn't support the specified file(s)
2026/07/10 23:07:15 Skipping eslint as it doesn't support the specified file(s)
2026/07/10 23:07:15 Skipping lizard as it doesn't support the specified file(s)
2026/07/10 23:07:15 Skipping opengrep as it doesn't support the specified file(s)
2026/07/10 23:07:15 Running tools for the specified file(s)...
2026/07/10 23:07:15 Running trivy...
2026-07-10T23:07:15+02:00 [INFO] (codacy-cli-v2/cmd/analyze.go:360) Config file found for tool tool=trivy toolConfigPath=.codacy/tools-configs/trivy.yaml
2026/07/10 23:07:16 Tool failed to run: failed to run Trivy: exit status 1
2026-07-10T23:07:26+02:00 [INFO] (codacy-cli-v2/cli-v2.go:27) Starting Codacy CLI version=1.0.0-main.380.sha.27e119a (27e119a) built at 2026-06-11T09:54:47Z
2026-07-10T23:07:26+02:00 [INFO] (codacy-cli-v2/cmd/root.go:34) Executing CLI command args=[/Users/Andreas/GitHub/gaia/.github/prompts/push.prompt.md] command=analyze full_command=[/Users/Andreas/Library/Caches/Codacy/codacy-cli-v2/1.0.0-main.380.sha.27e119a/codacy-cli-v2 analyze /Users/Andreas/GitHub/gaia/.github/prompts/push.prompt.md --format sarif]
2026/07/10 23:07:26 Running all configured tools...
2026/07/10 23:07:26 Skipping pylint as it doesn't support the specified file(s)
2026/07/10 23:07:26 Skipping revive as it doesn't support the specified file(s)
2026/07/10 23:07:26 Skipping trivy as it doesn't support the specified file(s)
2026/07/10 23:07:26 Skipping dartanalyzer as it doesn't support the specified file(s)
2026/07/10 23:07:26 Skipping eslint as it doesn't support the specified file(s)
2026/07/10 23:07:26 Skipping lizard as it doesn't support the specified file(s)
2026/07/10 23:07:26 Skipping opengrep as it doesn't support the specified file(s)
2026/07/10 23:07:26 Skipping pmd as it doesn't support the specified file(s)
2026/07/10 23:07:26 No tools support the specified file(s). Skipping analysis.
2026-07-10T23:09:53+02:00 [INFO] (codacy-cli-v2/cli-v2.go:27) Starting Codacy CLI version=1.0.0-main.380.sha.27e119a (27e119a) built at 2026-06-11T09:54:47Z
2026-07-10T23:09:53+02:00 [INFO] (codacy-cli-v2/cmd/root.go:34) Executing CLI command full_command=[/Users/Andreas/Library/Caches/Codacy/codacy-cli-v2/1.0.0-main.380.sha.27e119a/codacy-cli-v2 analyze /Users/Andreas/GitHub/gaia/.vscode/mcp.json --format sarif] args=[/Users/Andreas/GitHub/gaia/.vscode/mcp.json] command=analyze
2026/07/10 23:09:53 Running all configured tools...
2026/07/10 23:09:53 Skipping dartanalyzer as it doesn't support the specified file(s)
2026/07/10 23:09:53 Skipping eslint as it doesn't support the specified file(s)
2026/07/10 23:09:53 Skipping lizard as it doesn't support the specified file(s)
2026/07/10 23:09:53 Skipping opengrep as it doesn't support the specified file(s)
2026/07/10 23:09:53 Skipping pmd as it doesn't support the specified file(s)
2026/07/10 23:09:53 Skipping pylint as it doesn't support the specified file(s)
2026/07/10 23:09:53 Skipping revive as it doesn't support the specified file(s)
2026/07/10 23:09:53 Running tools for the specified file(s)...
2026/07/10 23:09:53 Running trivy...
2026-07-10T23:09:53+02:00 [INFO] (codacy-cli-v2/cmd/analyze.go:360) Config file found for tool tool=trivy toolConfigPath=.codacy/tools-configs/trivy.yaml
2026/07/10 23:09:54 Tool failed to run: failed to run Trivy: exit status 1
2026-07-10T23:12:07+02:00 [INFO] (codacy-cli-v2/cli-v2.go:27) Starting Codacy CLI version=1.0.0-main.380.sha.27e119a (27e119a) built at 2026-06-11T09:54:47Z
2026-07-10T23:12:07+02:00 [INFO] (codacy-cli-v2/cmd/root.go:34) Executing CLI command command=analyze full_command=[/Users/Andreas/Library/Caches/Codacy/codacy-cli-v2/1.0.0-main.380.sha.27e119a/codacy-cli-v2 analyze /Users/Andreas/Library/Application Support/Code/User/prompts/push.prompt.md --format sarif] args=[/Users/Andreas/Library/Application Support/Code/User/prompts/push.prompt.md]
2026/07/10 23:12:07 Running all configured tools...
2026/07/10 23:12:07 Skipping pmd as it doesn't support the specified file(s)
2026/07/10 23:12:07 Skipping pylint as it doesn't support the specified file(s)
2026/07/10 23:12:07 Skipping revive as it doesn't support the specified file(s)
2026/07/10 23:12:07 Skipping trivy as it doesn't support the specified file(s)
2026/07/10 23:12:07 Skipping dartanalyzer as it doesn't support the specified file(s)
2026/07/10 23:12:07 Skipping eslint as it doesn't support the specified file(s)
2026/07/10 23:12:07 Skipping lizard as it doesn't support the specified file(s)
2026/07/10 23:12:07 Skipping opengrep as it doesn't support the specified file(s)
2026/07/10 23:12:07 No tools support the specified file(s). Skipping analysis.
2026-07-10T23:12:55+02:00 [INFO] (codacy-cli-v2/cli-v2.go:27) Starting Codacy CLI version=1.0.0-main.380.sha.27e119a (27e119a) built at 2026-06-11T09:54:47Z
2026-07-10T23:12:55+02:00 [INFO] (codacy-cli-v2/cmd/root.go:34) Executing CLI command command=analyze full_command=[/Users/Andreas/Library/Caches/Codacy/codacy-cli-v2/1.0.0-main.380.sha.27e119a/codacy-cli-v2 analyze /Users/Andreas/GitHub/gaia/.vscode/mcp.json --format sarif] args=[/Users/Andreas/GitHub/gaia/.vscode/mcp.json]
2026/07/10 23:12:55 Running all configured tools...
2026/07/10 23:12:55 Skipping dartanalyzer as it doesn't support the specified file(s)
2026/07/10 23:12:55 Skipping eslint as it doesn't support the specified file(s)
2026/07/10 23:12:55 Skipping lizard as it doesn't support the specified file(s)
2026/07/10 23:12:55 Skipping opengrep as it doesn't support the specified file(s)
2026/07/10 23:12:55 Skipping pmd as it doesn't support the specified file(s)
2026/07/10 23:12:55 Skipping pylint as it doesn't support the specified file(s)
2026/07/10 23:12:55 Skipping revive as it doesn't support the specified file(s)
2026/07/10 23:12:55 Running tools for the specified file(s)...
2026/07/10 23:12:55 Running trivy...
2026-07-10T23:12:55+02:00 [INFO] (codacy-cli-v2/cmd/analyze.go:360) Config file found for tool tool=trivy toolConfigPath=.codacy/tools-configs/trivy.yaml
2026/07/10 23:12:56 Tool failed to run: failed to run Trivy: exit status 1
2026-07-10T23:15:55+02:00 [INFO] (codacy-cli-v2/cli-v2.go:27) Starting Codacy CLI version=1.0.0-main.380.sha.27e119a (27e119a) built at 2026-06-11T09:54:47Z
2026-07-10T23:15:55+02:00 [INFO] (codacy-cli-v2/cmd/root.go:34) Executing CLI command command=analyze full_command=[/Users/Andreas/Library/Caches/Codacy/codacy-cli-v2/1.0.0-main.380.sha.27e119a/codacy-cli-v2 analyze /Users/Andreas/GitHub/thalassa/.vscode/mcp.json --format sarif] args=[/Users/Andreas/GitHub/thalassa/.vscode/mcp.json]
2026/07/10 23:15:55 Running all configured tools...
2026/07/10 23:15:55 Skipping lizard as it doesn't support the specified file(s)
2026/07/10 23:15:55 Skipping opengrep as it doesn't support the specified file(s)
2026/07/10 23:15:55 Skipping pmd as it doesn't support the specified file(s)
2026/07/10 23:15:55 Skipping pylint as it doesn't support the specified file(s)
2026/07/10 23:15:55 Skipping revive as it doesn't support the specified file(s)
2026/07/10 23:15:55 Skipping dartanalyzer as it doesn't support the specified file(s)
2026/07/10 23:15:55 Skipping eslint as it doesn't support the specified file(s)
2026/07/10 23:15:55 Running tools for the specified file(s)...
2026/07/10 23:15:55 Running trivy...
2026-07-10T23:15:55+02:00 [INFO] (codacy-cli-v2/cmd/analyze.go:360) Config file found for tool toolConfigPath=.codacy/tools-configs/trivy.yaml tool=trivy
2026/07/10 23:15:55 Tool failed to run: failed to run Trivy: exit status 1
2026-07-10T23:15:57+02:00 [INFO] (codacy-cli-v2/cli-v2.go:27) Starting Codacy CLI version=1.0.0-main.380.sha.27e119a (27e119a) built at 2026-06-11T09:54:47Z
2026-07-10T23:15:57+02:00 [INFO] (codacy-cli-v2/cmd/root.go:34) Executing CLI command command=analyze full_command=[/Users/Andreas/Library/Caches/Codacy/codacy-cli-v2/1.0.0-main.380.sha.27e119a/codacy-cli-v2 analyze /Users/Andreas/GitHub/gaia/.vscode/mcp.json --format sarif] args=[/Users/Andreas/GitHub/gaia/.vscode/mcp.json]
2026/07/10 23:15:57 Running all configured tools...
2026/07/10 23:15:57 Skipping pmd as it doesn't support the specified file(s)
2026/07/10 23:15:57 Skipping pylint as it doesn't support the specified file(s)
2026/07/10 23:15:57 Skipping revive as it doesn't support the specified file(s)
2026/07/10 23:15:57 Skipping dartanalyzer as it doesn't support the specified file(s)
2026/07/10 23:15:57 Skipping eslint as it doesn't support the specified file(s)
2026/07/10 23:15:57 Skipping lizard as it doesn't support the specified file(s)
2026/07/10 23:15:57 Skipping opengrep as it doesn't support the specified file(s)
2026/07/10 23:15:57 Running tools for the specified file(s)...
2026/07/10 23:15:57 Running trivy...
2026-07-10T23:15:57+02:00 [INFO] (codacy-cli-v2/cmd/analyze.go:360) Config file found for tool tool=trivy toolConfigPath=.codacy/tools-configs/trivy.yaml
2026/07/10 23:15:57 Tool failed to run: failed to run Trivy: exit status 1
2026-07-10T23:17:33+02:00 [INFO] (codacy-cli-v2/cli-v2.go:27) Starting Codacy CLI version=1.0.0-main.380.sha.27e119a (27e119a) built at 2026-06-11T09:54:47Z
2026-07-10T23:17:33+02:00 [INFO] (codacy-cli-v2/cmd/root.go:34) Executing CLI command command=analyze full_command=[/Users/Andreas/Library/Caches/Codacy/codacy-cli-v2/1.0.0-main.380.sha.27e119a/codacy-cli-v2 analyze /Users/Andreas/Library/Application Support/Code/User/prompts/push.prompt.md --format sarif] args=[/Users/Andreas/Library/Application Support/Code/User/prompts/push.prompt.md]
2026/07/10 23:17:33 Running all configured tools...
2026/07/10 23:17:33 Skipping pmd as it doesn't support the specified file(s)
2026/07/10 23:17:33 Skipping pylint as it doesn't support the specified file(s)
2026/07/10 23:17:33 Skipping revive as it doesn't support the specified file(s)
2026/07/10 23:17:33 Skipping trivy as it doesn't support the specified file(s)
2026/07/10 23:17:33 Skipping dartanalyzer as it doesn't support the specified file(s)
2026/07/10 23:17:33 Skipping eslint as it doesn't support the specified file(s)
2026/07/10 23:17:33 Skipping lizard as it doesn't support the specified file(s)
2026/07/10 23:17:33 Skipping opengrep as it doesn't support the specified file(s)
2026/07/10 23:17:33 No tools support the specified file(s). Skipping analysis.
2026-07-10T23:18:53+02:00 [INFO] (codacy-cli-v2/cli-v2.go:27) Starting Codacy CLI version=1.0.0-main.380.sha.27e119a (27e119a) built at 2026-06-11T09:54:47Z
2026-07-10T23:18:53+02:00 [INFO] (codacy-cli-v2/cmd/root.go:34) Executing CLI command command=analyze full_command=[/Users/Andreas/Library/Caches/Codacy/codacy-cli-v2/1.0.0-main.380.sha.27e119a/codacy-cli-v2 analyze /Users/Andreas/Library/Application Support/Code/User/mcp.json --format sarif] args=[/Users/Andreas/Library/Application Support/Code/User/mcp.json]
2026/07/10 23:18:53 Running all configured tools...
2026/07/10 23:18:53 Skipping dartanalyzer as it doesn't support the specified file(s)
2026/07/10 23:18:53 Skipping eslint as it doesn't support the specified file(s)
2026/07/10 23:18:53 Skipping lizard as it doesn't support the specified file(s)
2026/07/10 23:18:53 Skipping opengrep as it doesn't support the specified file(s)
2026/07/10 23:18:53 Skipping pmd as it doesn't support the specified file(s)
2026/07/10 23:18:53 Skipping pylint as it doesn't support the specified file(s)
2026/07/10 23:18:53 Skipping revive as it doesn't support the specified file(s)
2026/07/10 23:18:53 Running tools for the specified file(s)...
2026/07/10 23:18:53 Running trivy...
2026-07-10T23:18:53+02:00 [INFO] (codacy-cli-v2/cmd/analyze.go:360) Config file found for tool tool=trivy toolConfigPath=.codacy/tools-configs/trivy.yaml
2026/07/10 23:18:53 Tool failed to run: failed to run Trivy: exit status 1
2026-07-10T23:18:58+02:00 [INFO] (codacy-cli-v2/cli-v2.go:27) Starting Codacy CLI version=1.0.0-main.380.sha.27e119a (27e119a) built at 2026-06-11T09:54:47Z
2026-07-10T23:18:58+02:00 [INFO] (codacy-cli-v2/cmd/root.go:34) Executing CLI command command=analyze full_command=[/Users/Andreas/Library/Caches/Codacy/codacy-cli-v2/1.0.0-main.380.sha.27e119a/codacy-cli-v2 analyze /Users/Andreas/GitHub/gaia/.vscode/mcp.json --format sarif] args=[/Users/Andreas/GitHub/gaia/.vscode/mcp.json]
2026/07/10 23:18:58 Running all configured tools...
2026/07/10 23:18:58 Skipping lizard as it doesn't support the specified file(s)
2026/07/10 23:18:58 Skipping opengrep as it doesn't support the specified file(s)
2026/07/10 23:18:58 Skipping pmd as it doesn't support the specified file(s)
2026/07/10 23:18:58 Skipping pylint as it doesn't support the specified file(s)
2026/07/10 23:18:58 Skipping revive as it doesn't support the specified file(s)
2026/07/10 23:18:58 Skipping dartanalyzer as it doesn't support the specified file(s)
2026/07/10 23:18:58 Skipping eslint as it doesn't support the specified file(s)
2026/07/10 23:18:58 Running tools for the specified file(s)...
2026/07/10 23:18:58 Running trivy...
2026-07-10T23:18:58+02:00 [INFO] (codacy-cli-v2/cmd/analyze.go:360) Config file found for tool tool=trivy toolConfigPath=.codacy/tools-configs/trivy.yaml
2026/07/10 23:18:58 Tool failed to run: failed to run Trivy: exit status 1
2026-07-10T23:21:59+02:00 [INFO] (codacy-cli-v2/cli-v2.go:27) Starting Codacy CLI version=1.0.0-main.380.sha.27e119a (27e119a) built at 2026-06-11T09:54:47Z
2026-07-10T23:21:59+02:00 [INFO] (codacy-cli-v2/cmd/root.go:34) Executing CLI command command=analyze full_command=[/Users/Andreas/Library/Caches/Codacy/codacy-cli-v2/1.0.0-main.380.sha.27e119a/codacy-cli-v2 analyze /Users/Andreas/GitHub/gaia/.vscode/mcp.json --format sarif] args=[/Users/Andreas/GitHub/gaia/.vscode/mcp.json]
2026/07/10 23:21:59 Running all configured tools...
2026/07/10 23:21:59 Skipping revive as it doesn't support the specified file(s)
2026/07/10 23:21:59 Skipping dartanalyzer as it doesn't support the specified file(s)
2026/07/10 23:21:59 Skipping eslint as it doesn't support the specified file(s)
2026/07/10 23:21:59 Skipping lizard as it doesn't support the specified file(s)
2026/07/10 23:21:59 Skipping opengrep as it doesn't support the specified file(s)
2026/07/10 23:21:59 Skipping pmd as it doesn't support the specified file(s)
2026/07/10 23:21:59 Skipping pylint as it doesn't support the specified file(s)
2026/07/10 23:21:59 Running tools for the specified file(s)...
2026/07/10 23:21:59 Running trivy...
2026-07-10T23:21:59+02:00 [INFO] (codacy-cli-v2/cmd/analyze.go:360) Config file found for tool toolConfigPath=.codacy/tools-configs/trivy.yaml tool=trivy
2026/07/10 23:22:00 Tool failed to run: failed to run Trivy: exit status 1
